subject,classes,dinner,team,teacher,date,day_of_week,week_num,num_den,is_replacement,type,audience
Теория функций комплексного переменного и операционное исчисление,3,,Э2-51,Алгазин О. Д.,2026-09-01,2,1,числитель,false,лекция,345э
Уравнения математической физики,4,,Э5-51Б(+4),Алгазин О. Д.,2026-09-01,2,1,числитель,false,лекция,517э
Уравнения математической физики,5,,"Э5-51Б,52Б; Э5И-51Б",Алгазин О. Д.,2026-09-01,2,1,числитель,false,семинар,323э
Теория функций комплексного переменного и операционное исчисление,3,,Э2-51,Алгазин О. Д.,2026-09-04,5,1,числитель,false,семинар,345э
Уравнения математической физики,4,,Э8-51Б,Алгазин О. Д.,2026-09-04,5,1,числитель,false,семинар,345э
Уравнения математической физики,5,,Э8-52Б,Алгазин О. Д.,2026-09-04,5,1,числитель,false,семинар,345э
Теория функций комплексного переменного и операционное исчисление,3,,Э2-51,Алгазин О. Д.,2026-09-08,2,2,знаменатель,false,лекция,345э
Уравнения математической физики,4,,Э5-51Б(+4),Алгазин О. Д.,2026-09-08,2,2,знаменатель,false,лекция,517э
Уравнения математической физики,5,,"Э5-51Б,52Б; Э5И-51Б",Алгазин О. Д.,2026-09-08,2,2,знаменатель,false,семинар,323э
Теория функций комплексного переменного и операционное исчисление,3,,Э2-51,Алгазин О. Д.,2026-09-11,5,2,знаменатель,false,семинар,345э
Уравнения математической физики,4,,Э8-51Б,Алгазин О. Д.,2026-09-11,5,2,знаменатель,false,семинар,345э
Уравнения математической физики,5,,Э8-52Б,Алгазин О. Д.,2026-09-11,5,2,знаменатель,false,семинар,345э
Теория функций комплексного переменного и операционное исчисление,3,,Э2-51,Алгазин О. Д.,2026-09-15,2,3,числитель,false,лекция,345э
Уравнения математической физики,4,,Э5-51Б(+4),Алгазин О. Д.,2026-09-15,2,3,числитель,false,лекция,517э
Уравнения математической физики,5,,"Э5-51Б,52Б; Э5И-51Б",Алгазин О. Д.,2026-09-15,2,3,числитель,false,семинар,323э
Теория функций комплексного переменного и операционное исчисление,3,,Э2-51,Алгазин О. Д.,2026-09-18,5,3,числитель,false,семинар,345э
Уравнения математической физики,4,,Э8-51Б,Алгазин О. Д.,2026-09-18,5,3,числитель,false,семинар,345э
Уравнения математической физики,5,,Э8-52Б,Алгазин О. Д.,2026-09-18,5,3,числитель,false,семинар,345э
Теория функций комплексного переменного и операционное исчисление,3,,Э2-51,Алгазин О. Д.,2026-09-22,2,4,знаменатель,false,лекция,345э
Уравнения математической физики,4,,Э5-51Б(+4),Алгазин О. Д.,2026-09-22,2,4,знаменатель,false,лекция,517э
Уравнения математической физики,5,,"Э5-51Б,52Б; Э5И-51Б",Алгазин О. Д.,2026-09-22,2,4,знаменатель,false,семинар,323э
Теория функций комплексного переменного и операционное исчисление,3,,Э2-51,Алгазин О. Д.,2026-09-25,5,4,знаменатель,false,семинар,345э
Уравнения математической физики,4,,Э8-51Б,Алгазин О. Д.,2026-09-25,5,4,знаменатель,false,семинар,345э
Уравнения математической физики,5,,Э8-52Б,Алгазин О. Д.,2026-09-25,5,4,знаменатель,false,семинар,345э
Теория функций комплексного переменного и операционное исчисление,3,,Э2-51,Алгазин О. Д.,2026-09-29,2,5,числитель,false,лекция,345э
Уравнения математической физики,4,,Э5-51Б(+4),Алгазин О. Д.,2026-09-29,2,5,числитель,false,лекция,517э
Уравнения математической физики,5,,"Э5-51Б,52Б; Э5И-51Б",Алгазин О. Д.,2026-09-29,2,5,числитель,false,семинар,323э
Теория функций комплексного переменного и операционное исчисление,3,,Э2-51,Алгазин О. Д.,2026-10-02,5,5,числитель,false,семинар,345э
Уравнения математической физики,4,,Э8-51Б,Алгазин О. Д.,2026-10-02,5,5,числитель,false,семинар,345э
Уравнения математической физики,5,,Э8-52Б,Алгазин О. Д.,2026-10-02,5,5,числитель,false,семинар,345э
Теория функций комплексного переменного и операционное исчисление,3,,Э2-51,Алгазин О. Д.,2026-10-06,2,6,знаменатель,false,лекция,345э
Уравнения математической физики,4,,Э5-51Б(+4),Алгазин О. Д.,2026-10-06,2,6,знаменатель,false,лекция,517э
Уравнения математической физики,5,,"Э5-51Б,52Б; Э5И-51Б",Алгазин О. Д.,2026-10-06,2,6,знаменатель,false,семинар,323э
Теория функций комплексного переменного и операционное исчисление,3,,Э2-51,Алгазин О. Д.,2026-10-09,5,6,знаменатель,false,семинар,345э
Уравнения математической физики,4,,Э8-51Б,Алгазин О. Д.,2026-10-09,5,6,знаменатель,false,семинар,345э
Уравнения математической физики,5,,Э8-52Б,Алгазин О. Д.,2026-10-09,5,6,знаменатель,false,семинар,345э
Теория функций комплексного переменного и операционное исчисление,3,,Э2-51,Алгазин О. Д.,2026-10-13,2,7,числитель,false,лекция,345э
Уравнения математической физики,4,,Э5-51Б(+4),Алгазин О. Д.,2026-10-13,2,7,числитель,false,лекция,517э
Уравнения математической физики,5,,"Э5-51Б,52Б; Э5И-51Б",Алгазин О. Д.,2026-10-13,2,7,числитель,false,семинар,323э
Теория функций комплексного переменного и операционное исчисление,3,,Э2-51,Алгазин О. Д.,2026-10-16,5,7,числитель,false,семинар,345э
Уравнения математической физики,4,,Э8-51Б,Алгазин О. Д.,2026-10-16,5,7,числитель,false,семинар,345э
Уравнения математической физики,5,,Э8-52Б,Алгазин О. Д.,2026-10-16,5,7,числитель,false,семинар,345э
Теория функций комплексного переменного и операционное исчисление,3,,Э2-51,Алгазин О. Д.,2026-10-20,2,8,знаменатель,false,лекция,345э
Уравнения математической физики,4,,Э5-51Б(+4),Алгазин О. Д.,2026-10-20,2,8,знаменатель,false,лекция,517э
Уравнения математической физики,5,,"Э5-51Б,52Б; Э5И-51Б",Алгазин О. Д.,2026-10-20,2,8,знаменатель,false,семинар,323э
Теория функций комплексного переменного и операционное исчисление,3,,Э2-51,Алгазин О. Д.,2026-10-23,5,8,знаменатель,false,семинар,345э
Уравнения математической физики,4,,Э8-51Б,Алгазин О. Д.,2026-10-23,5,8,знаменатель,false,семинар,345э
Уравнения математической физики,5,,Э8-52Б,Алгазин О. Д.,2026-10-23,5,8,знаменатель,false,семинар,345э
Теория функций комплексного переменного и операционное исчисление,3,,Э2-51,Алгазин О. Д.,2026-10-27,2,9,числитель,false,лекция,345э
Уравнения математической физики,4,,Э5-51Б(+4),Алгазин О. Д.,2026-10-27,2,9,числитель,false,лекция,517э
Уравнения математической физики,5,,"Э5-51Б,52Б; Э5И-51Б",Алгазин О. Д.,2026-10-27,2,9,числитель,false,семинар,323э
Теория функций комплексного переменного и операционное исчисление,3,,Э2-51,Алгазин О. Д.,2026-10-30,5,9,числитель,false,семинар,345э
Уравнения математической физики,4,,Э8-51Б,Алгазин О. Д.,2026-10-30,5,9,числитель,false,семинар,345э
Уравнения математической физики,5,,Э8-52Б,Алгазин О. Д.,2026-10-30,5,9,числитель,false,семинар,345э
Теория функций комплексного переменного и операционное исчисление,3,,Э2-51,Алгазин О. Д.,2026-11-03,2,10,знаменатель,false,лекция,345э
Уравнения математической физики,4,,Э5-51Б(+4),Алгазин О. Д.,2026-11-03,2,10,знаменатель,false,лекция,517э
Уравнения математической физики,5,,"Э5-51Б,52Б; Э5И-51Б",Алгазин О. Д.,2026-11-03,2,10,знаменатель,false,семинар,323э
Теория функций комплексного переменного и операционное исчисление,3,,Э2-51,Алгазин О. Д.,2026-11-06,5,10,знаменатель,false,семинар,345э
Уравнения математической физики,4,,Э8-51Б,Алгазин О. Д.,2026-11-06,5,10,знаменатель,false,семинар,345э
Уравнения математической физики,5,,Э8-52Б,Алгазин О. Д.,2026-11-06,5,10,знаменатель,false,семинар,345э
Теория функций комплексного переменного и операционное исчисление,3,,Э2-51,Алгазин О. Д.,2026-11-10,2,11,числитель,false,лекция,345э
Уравнения математической физики,4,,Э5-51Б(+4),Алгазин О. Д.,2026-11-10,2,11,числитель,false,лекция,517э
Уравнения математической физики,5,,"Э5-51Б,52Б; Э5И-51Б",Алгазин О. Д.,2026-11-10,2,11,числитель,false,семинар,323э
Теория функций комплексного переменного и операционное исчисление,3,,Э2-51,Алгазин О. Д.,2026-11-13,5,11,числитель,false,семинар,345э
Уравнения математической физики,4,,Э8-51Б,Алгазин О. Д.,2026-11-13,5,11,числитель,false,семинар,345э
Уравнения математической физики,5,,Э8-52Б,Алгазин О. Д.,2026-11-13,5,11,числитель,false,семинар,345э
Теория функций комплексного переменного и операционное исчисление,3,,Э2-51,Алгазин О. Д.,2026-11-17,2,12,знаменатель,false,лекция,345э
Уравнения математической физики,4,,Э5-51Б(+4),Алгазин О. Д.,2026-11-17,2,12,знаменатель,false,лекция,517э
Уравнения математической физики,5,,"Э5-51Б,52Б; Э5И-51Б",Алгазин О. Д.,2026-11-17,2,12,знаменатель,false,семинар,323э
Теория функций комплексного переменного и операционное исчисление,3,,Э2-51,Алгазин О. Д.,2026-11-20,5,12,знаменатель,false,семинар,345э
Уравнения математической физики,4,,Э8-51Б,Алгазин О. Д.,2026-11-20,5,12,знаменатель,false,семинар,345э
Уравнения математической физики,5,,Э8-52Б,Алгазин О. Д.,2026-11-20,5,12,знаменатель,false,семинар,345э
Теория функций комплексного переменного и операционное исчисление,3,,Э2-51,Алгазин О. Д.,2026-11-24,2,13,числитель,false,лекция,345э
Уравнения математической физики,4,,Э5-51Б(+4),Алгазин О. Д.,2026-11-24,2,13,числитель,false,лекция,517э
Уравнения математической физики,5,,"Э5-51Б,52Б; Э5И-51Б",Алгазин О. Д.,2026-11-24,2,13,числитель,false,семинар,323э
Теория функций комплексного переменного и операционное исчисление,3,,Э2-51,Алгазин О. Д.,2026-11-27,5,13,числитель,false,семинар,345э
Уравнения математической физики,4,,Э8-51Б,Алгазин О. Д.,2026-11-27,5,13,числитель,false,семинар,345э
Уравнения математической физики,5,,Э8-52Б,Алгазин О. Д.,2026-11-27,5,13,числитель,false,семинар,345э
Теория функций комплексного переменного и операционное исчисление,3,,Э2-51,Алгазин О. Д.,2026-12-01,2,14,знаменатель,false,лекция,345э
Уравнения математической физики,4,,Э5-51Б(+4),Алгазин О. Д.,2026-12-01,2,14,знаменатель,false,лекция,517э
Уравнения математической физики,5,,"Э5-51Б,52Б; Э5И-51Б",Алгазин О. Д.,2026-12-01,2,14,знаменатель,false,семинар,323э
Теория функций комплексного переменного и операционное исчисление,3,,Э2-51,Алгазин О. Д.,2026-12-04,5,14,знаменатель,false,семинар,345э
Уравнения математической физики,4,,Э8-51Б,Алгазин О. Д.,2026-12-04,5,14,знаменатель,false,семинар,345э
Уравнения математической физики,5,,Э8-52Б,Алгазин О. Д.,2026-12-04,5,14,знаменатель,false,семинар,345э
Теория функций комплексного переменного и операционное исчисление,3,,Э2-51,Алгазин О. Д.,2026-12-08,2,15,числитель,false,лекция,345э
Уравнения математической физики,4,,Э5-51Б(+4),Алгазин О. Д.,2026-12-08,2,15,числитель,false,лекция,517э
Уравнения математической физики,5,,"Э5-51Б,52Б; Э5И-51Б",Алгазин О. Д.,2026-12-08,2,15,числитель,false,семинар,323э
Теория функций комплексного переменного и операционное исчисление,3,,Э2-51,Алгазин О. Д.,2026-12-11,5,15,числитель,false,семинар,345э
Уравнения математической физики,4,,Э8-51Б,Алгазин О. Д.,2026-12-11,5,15,числитель,false,семинар,345э
Уравнения математической физики,5,,Э8-52Б,Алгазин О. Д.,2026-12-11,5,15,числитель,false,семинар,345э
Теория функций комплексного переменного и операционное исчисление,3,,Э2-51,Алгазин О. Д.,2026-12-15,2,16,знаменатель,false,лекция,345э
Уравнения математической физики,4,,Э5-51Б(+4),Алгазин О. Д.,2026-12-15,2,16,знаменатель,false,лекция,517э
Уравнения математической физики,5,,"Э5-51Б,52Б; Э5И-51Б",Алгазин О. Д.,2026-12-15,2,16,знаменатель,false,семинар,323э
Теория функций комплексного переменного и операционное исчисление,3,,Э2-51,Алгазин О. Д.,2026-12-18,5,16,знаменатель,false,семинар,345э
Уравнения математической физики,4,,Э8-51Б,Алгазин О. Д.,2026-12-18,5,16,знаменатель,false,семинар,345э
Уравнения математической физики,5,,Э8-52Б,Алгазин О. Д.,2026-12-18,5,16,знаменатель,false,семинар,345э
Теория функций комплексного переменного и операционное исчисление,3,,Э2-51,Алгазин О. Д.,2026-12-22,2,17,числитель,false,лекция,345э
Уравнения математической физики,4,,Э5-51Б(+4),Алгазин О. Д.,2026-12-22,2,17,числитель,false,лекция,517э
Уравнения математической физики,5,,"Э5-51Б,52Б; Э5И-51Б",Алгазин О. Д.,2026-12-22,2,17,числитель,false,семинар,323э
Теория функций комплексного переменного и операционное исчисление,3,,Э2-51,Алгазин О. Д.,2026-12-25,5,17,числитель,false,семинар,345э
Уравнения математической физики,4,,Э8-51Б,Алгазин О. Д.,2026-12-25,5,17,числитель,false,семинар,345э
Уравнения математической физики,5,,Э8-52Б,Алгазин О. Д.,2026-12-25,5,17,числитель,false,семинар,345э
Теория функций комплексного переменного и операционное исчисление,3,,Э2-51,Алгазин О. Д.,2026-12-29,2,18,знаменатель,false,лекция,345э
Уравнения математической физики,4,,Э5-51Б(+4),Алгазин О. Д.,2026-12-29,2,18,знаменатель,false,лекция,517э
Уравнения математической физики,5,,"Э5-51Б,52Б; Э5И-51Б",Алгазин О. Д.,2026-12-29,2,18,знаменатель,false,семинар,323э
Математический анализ,4,,ФН4-11/6,Анисова Т. Л.,2026-09-03,4,1,числитель,false,семинар,613л
Метод препод матем,5,,ФН11-71Б,Анисова Т. Л.,2026-09-03,4,1,числитель,false,семинар,922л
Метод препод матем,6,,ФН11-74Б,Анисова Т. Л.,2026-09-03,4,1,числитель,false,семинар,922л
Математический анализ,2,,"ФН4-11/6,12/6",Анисова Т. Л.,2026-09-04,5,1,числитель,false,лекция,935л
Математический анализ,3,,Э6-11/6,Анисова Т. Л.,2026-09-04,5,1,числитель,false,семинар,924л
Математический анализ,4,,"Э4-11/6,14/6,12/6,13/6; Э6-11/6",Анисова Т. Л.,2026-09-04,5,1,числитель,false,лекция,222л
Математический анализ,5,,ФН4-12/6,Анисова Т. Л.,2026-09-07,1,2,знаменатель,false,семинар,917л
Метод препод матем,6,,ФН11-73Б(+1),Анисова Т. Л.,2026-09-07,1,2,знаменатель,false,семинар,924л
Математический анализ,6,,Э6-11/6,Анисова Т. Л.,2026-09-09,3,2,знаменатель,false,семинар,924л
Математический анализ,4,,ФН4-11/6,Анисова Т. Л.,2026-09-10,4,2,знаменатель,false,семинар,613л
Метод препод матем,6,,ФН11-72Б,Анисова Т. Л.,2026-09-10,4,2,знаменатель,false,семинар,922л
Математический анализ,6,,ФН4-12/6,Анисова Т. Л.,2026-09-10,4,2,знаменатель,false,семинар,922л
Математический анализ,2,,"ФН4-11/6,12/6",Анисова Т. Л.,2026-09-11,5,2,знаменатель,false,лекция,935л
Математический анализ,3,,Э6-11/6,Анисова Т. Л.,2026-09-11,5,2,знаменатель,false,семинар,924л
Математический анализ,4,,"Э4-11/6,14/6,12/6,13/6; Э6-11/6",Анисова Т. Л.,2026-09-11,5,2,знаменатель,false,лекция,222л
Математический анализ,5,,ФН4-12/6,Анисова Т. Л.,2026-09-11,5,2,знаменатель,false,семинар,734л
Математический анализ,4,,ФН4-11/6,Анисова Т. Л.,2026-09-17,4,3,числитель,false,семинар,613л
Метод препод матем,5,,ФН11-71Б,Анисова Т. Л.,2026-09-17,4,3,числитель,false,семинар,922л
Метод препод матем,6,,ФН11-74Б,Анисова Т. Л.,2026-09-17,4,3,числитель,false,семинар,922л
Математический анализ,2,,"ФН4-11/6,12/6",Анисова Т. Л.,2026-09-18,5,3,числитель,false,лекция,935л
Математический анализ,3,,Э6-11/6,Анисова Т. Л.,2026-09-18,5,3,числитель,false,семинар,924л
Математический анализ,4,,"Э4-11/6,14/6,12/6,13/6; Э6-11/6",Анисова Т. Л.,2026-09-18,5,3,числитель,false,лекция,222л
Математический анализ,5,,ФН4-12/6,Анисова Т. Л.,2026-09-21,1,4,знаменатель,false,семинар,917л
Метод препод матем,6,,ФН11-73Б(+1),Анисова Т. Л.,2026-09-21,1,4,знаменатель,false,семинар,924л
Математический анализ,6,,Э6-11/6,Анисова Т. Л.,2026-09-23,3,4,знаменатель,false,семинар,924л
Математический анализ,4,,ФН4-11/6,Анисова Т. Л.,2026-09-24,4,4,знаменатель,false,семинар,613л
Метод препод матем,6,,ФН11-72Б,Анисова Т. Л.,2026-09-24,4,4,знаменатель,false,семинар,922л
Математический анализ,6,,ФН4-12/6,Анисова Т. Л.,2026-09-24,4,4,знаменатель,false,семинар,922л
Математический анализ,2,,"ФН4-11/6,12/6",Анисова Т. Л.,2026-09-25,5,4,знаменатель,false,лекция,935л
Математический анализ,3,,Э6-11/6,Анисова Т. Л.,2026-09-25,5,4,знаменатель,false,семинар,924л
Математический анализ,4,,"Э4-11/6,14/6,12/6,13/6; Э6-11/6",Анисова Т. Л.,2026-09-25,5,4,знаменатель,false,лекция,222л
Математический анализ,5,,ФН4-12/6,Анисова Т. Л.,2026-09-25,5,4,знаменатель,false,семинар,734л
Математический анализ,4,,ФН4-11/6,Анисова Т. Л.,2026-10-01,4,5,числитель,false,семинар,613л
Метод препод матем,5,,ФН11-71Б,Анисова Т. Л.,2026-10-01,4,5,числитель,false,семинар,922л
Метод препод матем,6,,ФН11-74Б,Анисова Т. Л.,2026-10-01,4,5,числитель,false,семинар,922л
Математический анализ,2,,"ФН4-11/6,12/6",Анисова Т. Л.,2026-10-02,5,5,числитель,false,лекция,935л
Математический анализ,3,,Э6-11/6,Анисова Т. Л.,2026-10-02,5,5,числитель,false,семинар,924л
Математический анализ,4,,"Э4-11/6,14/6,12/6,13/6; Э6-11/6",Анисова Т. Л.,2026-10-02,5,5,числитель,false,лекция,222л
Математический анализ,5,,ФН4-12/6,Анисова Т. Л.,2026-10-05,1,6,знаменатель,false,семинар,917л
Метод препод матем,6,,ФН11-73Б(+1),Анисова Т. Л.,2026-10-05,1,6,знаменатель,false,семинар,924л
Математический анализ,6,,Э6-11/6,Анисова Т. Л.,2026-10-07,3,6,знаменатель,false,семинар,924л
Математический анализ,4,,ФН4-11/6,Анисова Т. Л.,2026-10-08,4,6,знаменатель,false,семинар,613л
Метод препод матем,6,,ФН11-72Б,Анисова Т. Л.,2026-10-08,4,6,знаменатель,false,семинар,922л
Математический анализ,6,,ФН4-12/6,Анисова Т. Л.,2026-10-08,4,6,знаменатель,false,семинар,922л
Математический анализ,2,,"ФН4-11/6,12/6",Анисова Т. Л.,2026-10-09,5,6,знаменатель,false,лекция,935л
Математический анализ,3,,Э6-11/6,Анисова Т. Л.,2026-10-09,5,6,знаменатель,false,семинар,924л
Математический анализ,4,,"Э4-11/6,14/6,12/6,13/6; Э6-11/6",Анисова Т. Л.,2026-10-09,5,6,знаменатель,false,лекция,222л
Математический анализ,5,,ФН4-12/6,Анисова Т. Л.,2026-10-09,5,6,знаменатель,false,семинар,734л
Математический анализ,4,,ФН4-11/6,Анисова Т. Л.,2026-10-15,4,7,числитель,false,семинар,613л
Метод препод матем,5,,ФН11-71Б,Анисова Т. Л.,2026-10-15,4,7,числитель,false,семинар,922л
Метод препод матем,6,,ФН11-74Б,Анисова Т. Л.,2026-10-15,4,7,числитель,false,семинар,922л
Математический анализ,2,,"ФН4-11/6,12/6",Анисова Т. Л.,2026-10-16,5,7,числитель,false,лекция,935л
Математический анализ,3,,Э6-11/6,Анисова Т. Л.,2026-10-16,5,7,числитель,false,семинар,924л
Математический анализ,4,,"Э4-11/6,14/6,12/6,13/6; Э6-11/6",Анисова Т. Л.,2026-10-16,5,7,числитель,false,лекция,222л
Математический анализ,5,,ФН4-12/6,Анисова Т. Л.,2026-10-19,1,8,знаменатель,false,семинар,917л
Метод препод матем,6,,ФН11-73Б(+1),Анисова Т. Л.,2026-10-19,1,8,знаменатель,false,семинар,924л
Математический анализ,6,,Э6-11/6,Анисова Т. Л.,2026-10-21,3,8,знаменатель,false,семинар,924л
Математический анализ,4,,ФН4-11/6,Анисова Т. Л.,2026-10-22,4,8,знаменатель,false,семинар,613л
Метод препод матем,6,,ФН11-72Б,Анисова Т. Л.,2026-10-22,4,8,знаменатель,false,семинар,922л
Математический анализ,6,,ФН4-12/6,Анисова Т. Л.,2026-10-22,4,8,знаменатель,false,семинар,922л
Математический анализ,2,,"ФН4-11/6,12/6",Анисова Т. Л.,2026-10-23,5,8,знаменатель,false,лекция,935л
Математический анализ,3,,Э6-11/6,Анисова Т. Л.,2026-10-23,5,8,знаменатель,false,семинар,924л
Математический анализ,4,,"Э4-11/6,14/6,12/6,13/6; Э6-11/6",Анисова Т. Л.,2026-10-23,5,8,знаменатель,false,лекция,222л
Математический анализ,5,,ФН4-12/6,Анисова Т. Л.,2026-10-23,5,8,знаменатель,false,семинар,734л
Математический анализ,4,,ФН4-11/6,Анисова Т. Л.,2026-10-29,4,9,числитель,false,семинар,613л
Метод препод матем,5,,ФН11-71Б,Анисова Т. Л.,2026-10-29,4,9,числитель,false,семинар,922л
Метод препод матем,6,,ФН11-74Б,Анисова Т. Л.,2026-10-29,4,9,числитель,false,семинар,922л
Математический анализ,2,,"ФН4-11/6,12/6",Анисова Т. Л.,2026-10-30,5,9,числитель,false,лекция,935л
Математический анализ,3,,Э6-11/6,Анисова Т. Л.,2026-10-30,5,9,числитель,false,семинар,924л
Математический анализ,4,,"Э4-11/6,14/6,12/6,13/6; Э6-11/6",Анисова Т. Л.,2026-10-30,5,9,числитель,false,лекция,222л
Математический анализ,5,,ФН4-12/6,Анисова Т. Л.,2026-11-02,1,10,знаменатель,false,семинар,917л
Метод препод матем,6,,ФН11-73Б(+1),Анисова Т. Л.,2026-11-02,1,10,знаменатель,false,семинар,924л
Математический анализ,6,,Э6-11/6,Анисова Т. Л.,2026-11-04,3,10,знаменатель,false,семинар,924л
Математический анализ,4,,ФН4-11/6,Анисова Т. Л.,2026-11-05,4,10,знаменатель,false,семинар,613л
Метод препод матем,6,,ФН11-72Б,Анисова Т. Л.,2026-11-05,4,10,знаменатель,false,семинар,922л
Математический анализ,6,,ФН4-12/6,Анисова Т. Л.,2026-11-05,4,10,знаменатель,false,семинар,922л
Математический анализ,2,,"ФН4-11/6,12/6",Анисова Т. Л.,2026-11-06,5,10,знаменатель,false,лекция,935л
Математический анализ,3,,Э6-11/6,Анисова Т. Л.,2026-11-06,5,10,знаменатель,false,семинар,924л
Математический анализ,4,,"Э4-11/6,14/6,12/6,13/6; Э6-11/6",Анисова Т. Л.,2026-11-06,5,10,знаменатель,false,лекция,222л
Математический анализ,5,,ФН4-12/6,Анисова Т. Л.,2026-11-06,5,10,знаменатель,false,семинар,734л
Математический анализ,4,,ФН4-11/6,Анисова Т. Л.,2026-11-12,4,11,числитель,false,семинар,613л
Метод препод матем,5,,ФН11-71Б,Анисова Т. Л.,2026-11-12,4,11,числитель,false,семинар,922л
Метод препод матем,6,,ФН11-74Б,Анисова Т. Л.,2026-11-12,4,11,числитель,false,семинар,922л
Математический анализ,2,,"ФН4-11/6,12/6",Анисова Т. Л.,2026-11-13,5,11,числитель,false,лекция,935л
Математический анализ,3,,Э6-11/6,Анисова Т. Л.,2026-11-13,5,11,числитель,false,семинар,924л
Математический анализ,4,,"Э4-11/6,14/6,12/6,13/6; Э6-11/6",Анисова Т. Л.,2026-11-13,5,11,числитель,false,лекция,222л
Математический анализ,5,,ФН4-12/6,Анисова Т. Л.,2026-11-16,1,12,знаменатель,false,семинар,917л
Метод препод матем,6,,ФН11-73Б(+1),Анисова Т. Л.,2026-11-16,1,12,знаменатель,false,семинар,924л
Математический анализ,6,,Э6-11/6,Анисова Т. Л.,2026-11-18,3,12,знаменатель,false,семинар,924л
Математический анализ,4,,ФН4-11/6,Анисова Т. Л.,2026-11-19,4,12,знаменатель,false,семинар,613л
Метод препод матем,6,,ФН11-72Б,Анисова Т. Л.,2026-11-19,4,12,знаменатель,false,семинар,922л
Математический анализ,6,,ФН4-12/6,Анисова Т. Л.,2026-11-19,4,12,знаменатель,false,семинар,922л
Математический анализ,2,,"ФН4-11/6,12/6",Анисова Т. Л.,2026-11-20,5,12,знаменатель,false,лекция,935л
Математический анализ,3,,Э6-11/6,Анисова Т. Л.,2026-11-20,5,12,знаменатель,false,семинар,924л
Математический анализ,4,,"Э4-11/6,14/6,12/6,13/6; Э6-11/6",Анисова Т. Л.,2026-11-20,5,12,знаменатель,false,лекция,222л
Математический анализ,5,,ФН4-12/6,Анисова Т. Л.,2026-11-20,5,12,знаменатель,false,семинар,734л
Математический анализ,4,,ФН4-11/6,Анисова Т. Л.,2026-11-26,4,13,числитель,false,семинар,613л
Метод препод матем,5,,ФН11-71Б,Анисова Т. Л.,2026-11-26,4,13,числитель,false,семинар,922л
Метод препод матем,6,,ФН11-74Б,Анисова Т. Л.,2026-11-26,4,13,числитель,false,семинар,922л
Математический анализ,2,,"ФН4-11/6,12/6",Анисова Т. Л.,2026-11-27,5,13,числитель,false,лекция,935л
Математический анализ,3,,Э6-11/6,Анисова Т. Л.,2026-11-27,5,13,числитель,false,семинар,924л
Математический анализ,4,,"Э4-11/6,14/6,12/6,13/6; Э6-11/6",Анисова Т. Л.,2026-11-27,5,13,числитель,false,лекция,222л
Математический анализ,5,,ФН4-12/6,Анисова Т. Л.,2026-11-30,1,14,знаменатель,false,семинар,917л
Метод препод матем,6,,ФН11-73Б(+1),Анисова Т. Л.,2026-11-30,1,14,знаменатель,false,семинар,924л
Математический анализ,6,,Э6-11/6,Анисова Т. Л.,2026-12-02,3,14,знаменатель,false,семинар,924л
Математический анализ,4,,ФН4-11/6,Анисова Т. Л.,2026-12-03,4,14,знаменатель,false,семинар,613л
Метод препод матем,6,,ФН11-72Б,Анисова Т. Л.,2026-12-03,4,14,знаменатель,false,семинар,922л
Математический анализ,6,,ФН4-12/6,Анисова Т. Л.,2026-12-03,4,14,знаменатель,false,семинар,922л
Математический анализ,2,,"ФН4-11/6,12/6",Анисова Т. Л.,2026-12-04,5,14,знаменатель,false,лекция,935л
Математический анализ,3,,Э6-11/6,Анисова Т. Л.,2026-12-04,5,14,знаменатель,false,семинар,924л
Математический анализ,4,,"Э4-11/6,14/6,12/6,13/6; Э6-11/6",Анисова Т. Л.,2026-12-04,5,14,знаменатель,false,лекция,222л
Математический анализ,5,,ФН4-12/6,Анисова Т. Л.,2026-12-04,5,14,знаменатель,false,семинар,734л
Математический анализ,4,,ФН4-11/6,Анисова Т. Л.,2026-12-10,4,15,числитель,false,семинар,613л
Метод препод матем,5,,ФН11-71Б,Анисова Т. Л.,2026-12-10,4,15,числитель,false,семинар,922л
Метод препод матем,6,,ФН11-74Б,Анисова Т. Л.,2026-12-10,4,15,числитель,false,семинар,922л
Математический анализ,2,,"ФН4-11/6,12/6",Анисова Т. Л.,2026-12-11,5,15,числитель,false,лекция,935л
Математический анализ,3,,Э6-11/6,Анисова Т. Л.,2026-12-11,5,15,числитель,false,семинар,924л
Математический анализ,4,,"Э4-11/6,14/6,12/6,13/6; Э6-11/6",Анисова Т. Л.,2026-12-11,5,15,числитель,false,лекция,222л
Математический анализ,5,,ФН4-12/6,Анисова Т. Л.,2026-12-14,1,16,знаменатель,false,семинар,917л
Метод препод матем,6,,ФН11-73Б(+1),Анисова Т. Л.,2026-12-14,1,16,знаменатель,false,семинар,924л
Математический анализ,6,,Э6-11/6,Анисова Т. Л.,2026-12-16,3,16,знаменатель,false,семинар,924л
Математический анализ,4,,ФН4-11/6,Анисова Т. Л.,2026-12-17,4,16,знаменатель,false,семинар,613л
Метод препод матем,6,,ФН11-72Б,Анисова Т. Л.,2026-12-17,4,16,знаменатель,false,семинар,922л
Математический анализ,6,,ФН4-12/6,Анисова Т. Л.,2026-12-17,4,16,знаменатель,false,семинар,922л
Математический анализ,2,,"ФН4-11/6,12/6",Анисова Т. Л.,2026-12-18,5,16,знаменатель,false,лекция,935л
Математический анализ,3,,Э6-11/6,Анисова Т. Л.,2026-12-18,5,16,знаменатель,false,семинар,924л
Математический анализ,4,,"Э4-11/6,14/6,12/6,13/6; Э6-11/6",Анисова Т. Л.,2026-12-18,5,16,знаменатель,false,лекция,222л
Математический анализ,5,,ФН4-12/6,Анисова Т. Л.,2026-12-18,5,16,знаменатель,false,семинар,734л
Математический анализ,4,,ФН4-11/6,Анисова Т. Л.,2026-12-24,4,17,числитель,false,семинар,613л
Метод препод матем,5,,ФН11-71Б,Анисова Т. Л.,2026-12-24,4,17,числитель,false,семинар,922л
Метод препод матем,6,,ФН11-74Б,Анисова Т. Л.,2026-12-24,4,17,числитель,false,семинар,922л
Математический анализ,2,,"ФН4-11/6,12/6",Анисова Т. Л.,2026-12-25,5,17,числитель,false,лекция,935л
Математический анализ,3,,Э6-11/6,Анисова Т. Л.,2026-12-25,5,17,числитель,false,семинар,924л
Математический анализ,4,,"Э4-11/6,14/6,12/6,13/6; Э6-11/6",Анисова Т. Л.,2026-12-25,5,17,числитель,false,лекция,222л
Математический анализ,5,,ФН4-12/6,Анисова Т. Л.,2026-12-28,1,18,знаменатель,false,семинар,917л
Метод препод матем,6,,ФН11-73Б(+1),Анисова Т. Л.,2026-12-28,1,18,знаменатель,false,семинар,924л
Математический анализ,6,,Э6-11/6,Анисова Т. Л.,2026-12-30,3,18,знаменатель,false,семинар,924л
Математический анализ,4,,ФН4-11/6,Анисова Т. Л.,2026-12-31,4,18,знаменатель,false,семинар,613л
Метод препод матем,6,,ФН11-72Б,Анисова Т. Л.,2026-12-31,4,18,знаменатель,false,семинар,922л
Математический анализ,6,,ФН4-12/6,Анисова Т. Л.,2026-12-31,4,18,знаменатель,false,семинар,922л
Основы метода конечных элементов,5,,АК3-71Б,Анохин Д. С.,2026-09-01,2,1,числитель,false,семинар,ФН11
ПпоПМП,2,,ФН11-32Б,Анохин Д. С.,2026-09-04,5,1,числитель,false,семинар,237л
ПпоПМП,4,,ФН11-33Б,Анохин Д. С.,2026-09-04,5,1,числитель,false,семинар,113л
ПпоПМП,5,,ФН11-34Б(+1),Анохин Д. С.,2026-09-04,5,1,числитель,false,семинар,225ал
ПпоПМП,4,,ФН11-31Б,Анохин Д. С.,2026-09-07,1,2,знаменатель,false,семинар,113л
Основы метода конечных элементов,5,,АК3-71Б,Анохин Д. С.,2026-09-08,2,2,знаменатель,false,семинар,ФН11
Основы метода конечных элементов,5,,АК3-71Б,Анохин Д. С.,2026-09-15,2,3,числитель,false,семинар,ФН11
ПпоПМП,2,,ФН11-32Б,Анохин Д. С.,2026-09-18,5,3,числитель,false,семинар,237л
ПпоПМП,4,,ФН11-33Б,Анохин Д. С.,2026-09-18,5,3,числитель,false,семинар,113л
ПпоПМП,5,,ФН11-34Б(+1),Анохин Д. С.,2026-09-18,5,3,числитель,false,семинар,225ал
ПпоПМП,4,,ФН11-31Б,Анохин Д. С.,2026-09-21,1,4,знаменатель,false,семинар,113л
Основы метода конечных элементов,5,,АК3-71Б,Анохин Д. С.,2026-09-22,2,4,знаменатель,false,семинар,ФН11
Основы метода конечных элементов,5,,АК3-71Б,Анохин Д. С.,2026-09-29,2,5,числитель,false,семинар,ФН11
ПпоПМП,2,,ФН11-32Б,Анохин Д. С.,2026-10-02,5,5,числитель,false,семинар,237л
ПпоПМП,4,,ФН11-33Б,Анохин Д. С.,2026-10-02,5,5,числитель,false,семинар,113л
ПпоПМП,5,,ФН11-34Б(+1),Анохин Д. С.,2026-10-02,5,5,числитель,false,семинар,225ал
ПпоПМП,4,,ФН11-31Б,Анохин Д. С.,2026-10-05,1,6,знаменатель,false,семинар,113л
Основы метода конечных элементов,5,,АК3-71Б,Анохин Д. С.,2026-10-06,2,6,знаменатель,false,семинар,ФН11
Основы метода конечных элементов,5,,АК3-71Б,Анохин Д. С.,2026-10-13,2,7,числитель,false,семинар,ФН11
ПпоПМП,2,,ФН11-32Б,Анохин Д. С.,2026-10-16,5,7,числитель,false,семинар,237л
ПпоПМП,4,,ФН11-33Б,Анохин Д. С.,2026-10-16,5,7,числитель,false,семинар,113л
ПпоПМП,5,,ФН11-34Б(+1),Анохин Д. С.,2026-10-16,5,7,числитель,false,семинар,225ал
ПпоПМП,4,,ФН11-31Б,Анохин Д. С.,2026-10-19,1,8,знаменатель,false,семинар,113л
Основы метода конечных элементов,5,,АК3-71Б,Анохин Д. С.,2026-10-20,2,8,знаменатель,false,семинар,ФН11
Основы метода конечных элементов,5,,АК3-71Б,Анохин Д. С.,2026-10-27,2,9,числитель,false,семинар,ФН11
ПпоПМП,2,,ФН11-32Б,Анохин Д. С.,2026-10-30,5,9,числитель,false,семинар,237л
ПпоПМП,4,,ФН11-33Б,Анохин Д. С.,2026-10-30,5,9,числитель,false,семинар,113л
ПпоПМП,5,,ФН11-34Б(+1),Анохин Д. С.,2026-10-30,5,9,числитель,false,семинар,225ал
ПпоПМП,4,,ФН11-31Б,Анохин Д. С.,2026-11-02,1,10,знаменатель,false,семинар,113л
Основы метода конечных элементов,5,,АК3-71Б,Анохин Д. С.,2026-11-03,2,10,знаменатель,false,семинар,ФН11
Основы метода конечных элементов,5,,АК3-71Б,Анохин Д. С.,2026-11-10,2,11,числитель,false,семинар,ФН11
ПпоПМП,2,,ФН11-32Б,Анохин Д. С.,2026-11-13,5,11,числитель,false,семинар,237л
ПпоПМП,4,,ФН11-33Б,Анохин Д. С.,2026-11-13,5,11,числитель,false,семинар,113л
ПпоПМП,5,,ФН11-34Б(+1),Анохин Д. С.,2026-11-13,5,11,числитель,false,семинар,225ал
ПпоПМП,4,,ФН11-31Б,Анохин Д. С.,2026-11-16,1,12,знаменатель,false,семинар,113л
Основы метода конечных элементов,5,,АК3-71Б,Анохин Д. С.,2026-11-17,2,12,знаменатель,false,семинар,ФН11
Основы метода конечных элементов,5,,АК3-71Б,Анохин Д. С.,2026-11-24,2,13,числитель,false,семинар,ФН11
ПпоПМП,2,,ФН11-32Б,Анохин Д. С.,2026-11-27,5,13,числитель,false,семинар,237л
ПпоПМП,4,,ФН11-33Б,Анохин Д. С.,2026-11-27,5,13,числитель,false,семинар,113л
ПпоПМП,5,,ФН11-34Б(+1),Анохин Д. С.,2026-11-27,5,13,числитель,false,семинар,225ал
ПпоПМП,4,,ФН11-31Б,Анохин Д. С.,2026-11-30,1,14,знаменатель,false,семинар,113л
Основы метода конечных элементов,5,,АК3-71Б,Анохин Д. С.,2026-12-01,2,14,знаменатель,false,семинар,ФН11
Основы метода конечных элементов,5,,АК3-71Б,Анохин Д. С.,2026-12-08,2,15,числитель,false,семинар,ФН11
ПпоПМП,2,,ФН11-32Б,Анохин Д. С.,2026-12-11,5,15,числитель,false,семинар,237л
ПпоПМП,4,,ФН11-33Б,Анохин Д. С.,2026-12-11,5,15,числитель,false,семинар,113л
ПпоПМП,5,,ФН11-34Б(+1),Анохин Д. С.,2026-12-11,5,15,числитель,false,семинар,225ал
ПпоПМП,4,,ФН11-31Б,Анохин Д. С.,2026-12-14,1,16,знаменатель,false,семинар,113л
Основы метода конечных элементов,5,,АК3-71Б,Анохин Д. С.,2026-12-15,2,16,знаменатель,false,семинар,ФН11
Основы метода конечных элементов,5,,АК3-71Б,Анохин Д. С.,2026-12-22,2,17,числитель,false,семинар,ФН11
ПпоПМП,2,,ФН11-32Б,Анохин Д. С.,2026-12-25,5,17,числитель,false,семинар,237л
ПпоПМП,4,,ФН11-33Б,Анохин Д. С.,2026-12-25,5,17,числитель,false,семинар,113л
ПпоПМП,5,,ФН11-34Б(+1),Анохин Д. С.,2026-12-25,5,17,числитель,false,семинар,225ал
ПпоПМП,4,,ФН11-31Б,Анохин Д. С.,2026-12-28,1,18,знаменатель,false,семинар,113л
Основы метода конечных элементов,5,,АК3-71Б,Анохин Д. С.,2026-12-29,2,18,знаменатель,false,семинар,ФН11
Кратные интегралы и ряды,3,,Э8-31,Аскеров Р. С.,2026-09-01,2,1,числитель,false,семинар,731л
МРЗМДТТ,4,,ФН11-11М,Аскеров Р. С.,2026-09-01,2,1,числитель,false,семинар,832л
МРЗМДТТ,5,,ФН11-11М,Аскеров Р. С.,2026-09-01,2,1,числитель,false,лекция,830л
МРЗМДТТ,6,,ФН11-11М,Аскеров Р. С.,2026-09-01,2,1,числитель,false,лекция,830л
Кратные интегралы и ряды,2,,Э1-33,Аскеров Р. С.,2026-09-02,3,1,числитель,false,семинар,922л
Кратные интегралы и ряды,3,,Э1-32,Аскеров Р. С.,2026-09-02,3,1,числитель,false,семинар,913л
Кратные интегралы и ряды,4,,Э8-31Б,Аскеров Р. С.,2026-09-04,5,1,числитель,false,семинар,829л
Кратные интегралы и ряды,3,,Э8-31,Аскеров Р. С.,2026-09-08,2,2,знаменатель,false,семинар,731л
Кратные интегралы и ряды,4,,Э8-31,Аскеров Р. С.,2026-09-08,2,2,знаменатель,false,семинар,924л
Кратные интегралы и ряды,2,,Э1-33,Аскеров Р. С.,2026-09-09,3,2,знаменатель,false,семинар,922л
Кратные интегралы и ряды,3,,Э1-32,Аскеров Р. С.,2026-09-09,3,2,знаменатель,false,семинар,913л
Кратные интегралы и ряды,2,,Э1-33,Аскеров Р. С.,2026-09-11,5,2,знаменатель,false,семинар,829л
Кратные интегралы и ряды,4,,Э8-31Б,Аскеров Р. С.,2026-09-11,5,2,знаменатель,false,семинар,829л
Кратные интегралы и ряды,5,,Э1-32,Аскеров Р. С.,2026-09-11,5,2,знаменатель,false,семинар,731л
Кратные интегралы и ряды,3,,Э8-31,Аскеров Р. С.,2026-09-15,2,3,числитель,false,семинар,731л
МРЗМДТТ,4,,ФН11-11М,Аскеров Р. С.,2026-09-15,2,3,числитель,false,семинар,832л
МРЗМДТТ,5,,ФН11-11М,Аскеров Р. С.,2026-09-15,2,3,числитель,false,лекция,830л
МРЗМДТТ,6,,ФН11-11М,Аскеров Р. С.,2026-09-15,2,3,числитель,false,лекция,830л
Кратные интегралы и ряды,2,,Э1-33,Аскеров Р. С.,2026-09-16,3,3,числитель,false,семинар,922л
Кратные интегралы и ряды,3,,Э1-32,Аскеров Р. С.,2026-09-16,3,3,числитель,false,семинар,913л
Кратные интегралы и ряды,4,,Э8-31Б,Аскеров Р. С.,2026-09-18,5,3,числитель,false,семинар,829л
Кратные интегралы и ряды,3,,Э8-31,Аскеров Р. С.,2026-09-22,2,4,знаменатель,false,семинар,731л
Кратные интегралы и ряды,4,,Э8-31,Аскеров Р. С.,2026-09-22,2,4,знаменатель,false,семинар,924л
Кратные интегралы и ряды,2,,Э1-33,Аскеров Р. С.,2026-09-23,3,4,знаменатель,false,семинар,922л
Кратные интегралы и ряды,3,,Э1-32,Аскеров Р. С.,2026-09-23,3,4,знаменатель,false,семинар,913л
Кратные интегралы и ряды,2,,Э1-33,Аскеров Р. С.,2026-09-25,5,4,знаменатель,false,семинар,829л
Кратные интегралы и ряды,4,,Э8-31Б,Аскеров Р. С.,2026-09-25,5,4,знаменатель,false,семинар,829л
Кратные интегралы и ряды,5,,Э1-32,Аскеров Р. С.,2026-09-25,5,4,знаменатель,false,семинар,731л
Кратные интегралы и ряды,3,,Э8-31,Аскеров Р. С.,2026-09-29,2,5,числитель,false,семинар,731л
МРЗМДТТ,4,,ФН11-11М,Аскеров Р. С.,2026-09-29,2,5,числитель,false,семинар,832л
МРЗМДТТ,5,,ФН11-11М,Аскеров Р. С.,2026-09-29,2,5,числитель,false,лекция,830л
МРЗМДТТ,6,,ФН11-11М,Аскеров Р. С.,2026-09-29,2,5,числитель,false,лекция,830л
Кратные интегралы и ряды,2,,Э1-33,Аскеров Р. С.,2026-09-30,3,5,числитель,false,семинар,922л
Кратные интегралы и ряды,3,,Э1-32,Аскеров Р. С.,2026-09-30,3,5,числитель,false,семинар,913л
Кратные интегралы и ряды,4,,Э8-31Б,Аскеров Р. С.,2026-10-02,5,5,числитель,false,семинар,829л
Кратные интегралы и ряды,3,,Э8-31,Аскеров Р. С.,2026-10-06,2,6,знаменатель,false,семинар,731л
Кратные интегралы и ряды,4,,Э8-31,Аскеров Р. С.,2026-10-06,2,6,знаменатель,false,семинар,924л
Кратные интегралы и ряды,2,,Э1-33,Аскеров Р. С.,2026-10-07,3,6,знаменатель,false,семинар,922л
Кратные интегралы и ряды,3,,Э1-32,Аскеров Р. С.,2026-10-07,3,6,знаменатель,false,семинар,913л
Кратные интегралы и ряды,2,,Э1-33,Аскеров Р. С.,2026-10-09,5,6,знаменатель,false,семинар,829л
Кратные интегралы и ряды,4,,Э8-31Б,Аскеров Р. С.,2026-10-09,5,6,знаменатель,false,семинар,829л
Кратные интегралы и ряды,5,,Э1-32,Аскеров Р. С.,2026-10-09,5,6,знаменатель,false,семинар,731л
Кратные интегралы и ряды,3,,Э8-31,Аскеров Р. С.,2026-10-13,2,7,числитель,false,семинар,731л
МРЗМДТТ,4,,ФН11-11М,Аскеров Р. С.,2026-10-13,2,7,числитель,false,семинар,832л
МРЗМДТТ,5,,ФН11-11М,Аскеров Р. С.,2026-10-13,2,7,числитель,false,лекция,830л
МРЗМДТТ,6,,ФН11-11М,Аскеров Р. С.,2026-10-13,2,7,числитель,false,лекция,830л
Кратные интегралы и ряды,2,,Э1-33,Аскеров Р. С.,2026-10-14,3,7,числитель,false,семинар,922л
Кратные интегралы и ряды,3,,Э1-32,Аскеров Р. С.,2026-10-14,3,7,числитель,false,семинар,913л
Кратные интегралы и ряды,4,,Э8-31Б,Аскеров Р. С.,2026-10-16,5,7,числитель,false,семинар,829л
Кратные интегралы и ряды,3,,Э8-31,Аскеров Р. С.,2026-10-20,2,8,знаменатель,false,семинар,731л
Кратные интегралы и ряды,4,,Э8-31,Аскеров Р. С.,2026-10-20,2,8,знаменатель,false,семинар,924л
Кратные интегралы и ряды,2,,Э1-33,Аскеров Р. С.,2026-10-21,3,8,знаменатель,false,семинар,922л
Кратные интегралы и ряды,3,,Э1-32,Аскеров Р. С.,2026-10-21,3,8,знаменатель,false,семинар,913л
Кратные интегралы и ряды,2,,Э1-33,Аскеров Р. С.,2026-10-23,5,8,знаменатель,false,семинар,829л
Кратные интегралы и ряды,4,,Э8-31Б,Аскеров Р. С.,2026-10-23,5,8,знаменатель,false,семинар,829л
Кратные интегралы и ряды,5,,Э1-32,Аскеров Р. С.,2026-10-23,5,8,знаменатель,false,семинар,731л
Кратные интегралы и ряды,3,,Э8-31,Аскеров Р. С.,2026-10-27,2,9,числитель,false,семинар,731л
МРЗМДТТ,4,,ФН11-11М,Аскеров Р. С.,2026-10-27,2,9,числитель,false,семинар,832л
МРЗМДТТ,5,,ФН11-11М,Аскеров Р. С.,2026-10-27,2,9,числитель,false,лекция,830л
МРЗМДТТ,6,,ФН11-11М,Аскеров Р. С.,2026-10-27,2,9,числитель,false,лекция,830л
Кратные интегралы и ряды,2,,Э1-33,Аскеров Р. С.,2026-10-28,3,9,числитель,false,семинар,922л
Кратные интегралы и ряды,3,,Э1-32,Аскеров Р. С.,2026-10-28,3,9,числитель,false,семинар,913л
Кратные интегралы и ряды,4,,Э8-31Б,Аскеров Р. С.,2026-10-30,5,9,числитель,false,семинар,829л
Кратные интегралы и ряды,3,,Э8-31,Аскеров Р. С.,2026-11-03,2,10,знаменатель,false,семинар,731л
Кратные интегралы и ряды,4,,Э8-31,Аскеров Р. С.,2026-11-03,2,10,знаменатель,false,семинар,924л
Кратные интегралы и ряды,2,,Э1-33,Аскеров Р. С.,2026-11-04,3,10,знаменатель,false,семинар,922л
Кратные интегралы и ряды,3,,Э1-32,Аскеров Р. С.,2026-11-04,3,10,знаменатель,false,семинар,913л
Кратные интегралы и ряды,2,,Э1-33,Аскеров Р. С.,2026-11-06,5,10,знаменатель,false,семинар,829л
Кратные интегралы и ряды,4,,Э8-31Б,Аскеров Р. С.,2026-11-06,5,10,знаменатель,false,семинар,829л
Кратные интегралы и ряды,5,,Э1-32,Аскеров Р. С.,2026-11-06,5,10,знаменатель,false,семинар,731л
Кратные интегралы и ряды,3,,Э8-31,Аскеров Р. С.,2026-11-10,2,11,числитель,false,семинар,731л
МРЗМДТТ,4,,ФН11-11М,Аскеров Р. С.,2026-11-10,2,11,числитель,false,семинар,832л
МРЗМДТТ,5,,ФН11-11М,Аскеров Р. С.,2026-11-10,2,11,числитель,false,лекция,830л
МРЗМДТТ,6,,ФН11-11М,Аскеров Р. С.,2026-11-10,2,11,числитель,false,лекция,830л
Кратные интегралы и ряды,2,,Э1-33,Аскеров Р. С.,2026-11-11,3,11,числитель,false,семинар,922л
Кратные интегралы и ряды,3,,Э1-32,Аскеров Р. С.,2026-11-11,3,11,числитель,false,семинар,913л
Кратные интегралы и ряды,4,,Э8-31Б,Аскеров Р. С.,2026-11-13,5,11,числитель,false,семинар,829л
Кратные интегралы и ряды,3,,Э8-31,Аскеров Р. С.,2026-11-17,2,12,знаменатель,false,семинар,731л
Кратные интегралы и ряды,4,,Э8-31,Аскеров Р. С.,2026-11-17,2,12,знаменатель,false,семинар,924л
Кратные интегралы и ряды,2,,Э1-33,Аскеров Р. С.,2026-11-18,3,12,знаменатель,false,семинар,922л
Кратные интегралы и ряды,3,,Э1-32,Аскеров Р. С.,2026-11-18,3,12,знаменатель,false,семинар,913л
Кратные интегралы и ряды,2,,Э1-33,Аскеров Р. С.,2026-11-20,5,12,знаменатель,false,семинар,829л
Кратные интегралы и ряды,4,,Э8-31Б,Аскеров Р. С.,2026-11-20,5,12,знаменатель,false,семинар,829л
Кратные интегралы и ряды,5,,Э1-32,Аскеров Р. С.,2026-11-20,5,12,знаменатель,false,семинар,731л
Кратные интегралы и ряды,3,,Э8-31,Аскеров Р. С.,2026-11-24,2,13,числитель,false,семинар,731л
МРЗМДТТ,4,,ФН11-11М,Аскеров Р. С.,2026-11-24,2,13,числитель,false,семинар,832л
МРЗМДТТ,5,,ФН11-11М,Аскеров Р. С.,2026-11-24,2,13,числитель,false,лекция,830л
МРЗМДТТ,6,,ФН11-11М,Аскеров Р. С.,2026-11-24,2,13,числитель,false,лекция,830л
Кратные интегралы и ряды,2,,Э1-33,Аскеров Р. С.,2026-11-25,3,13,числитель,false,семинар,922л
Кратные интегралы и ряды,3,,Э1-32,Аскеров Р. С.,2026-11-25,3,13,числитель,false,семинар,913л
Кратные интегралы и ряды,4,,Э8-31Б,Аскеров Р. С.,2026-11-27,5,13,числитель,false,семинар,829л
Кратные интегралы и ряды,3,,Э8-31,Аскеров Р. С.,2026-12-01,2,14,знаменатель,false,семинар,731л
Кратные интегралы и ряды,4,,Э8-31,Аскеров Р. С.,2026-12-01,2,14,знаменатель,false,семинар,924л
Кратные интегралы и ряды,2,,Э1-33,Аскеров Р. С.,2026-12-02,3,14,знаменатель,false,семинар,922л
Кратные интегралы и ряды,3,,Э1-32,Аскеров Р. С.,2026-12-02,3,14,знаменатель,false,семинар,913л
Кратные интегралы и ряды,2,,Э1-33,Аскеров Р. С.,2026-12-04,5,14,знаменатель,false,семинар,829л
Кратные интегралы и ряды,4,,Э8-31Б,Аскеров Р. С.,2026-12-04,5,14,знаменатель,false,семинар,829л
Кратные интегралы и ряды,5,,Э1-32,Аскеров Р. С.,2026-12-04,5,14,знаменатель,false,семинар,731л
Кратные интегралы и ряды,3,,Э8-31,Аскеров Р. С.,2026-12-08,2,15,числитель,false,семинар,731л
МРЗМДТТ,4,,ФН11-11М,Аскеров Р. С.,2026-12-08,2,15,числитель,false,семинар,832л
МРЗМДТТ,5,,ФН11-11М,Аскеров Р. С.,2026-12-08,2,15,числитель,false,лекция,830л
МРЗМДТТ,6,,ФН11-11М,Аскеров Р. С.,2026-12-08,2,15,числитель,false,лекция,830л
Кратные интегралы и ряды,2,,Э1-33,Аскеров Р. С.,2026-12-09,3,15,числитель,false,семинар,922л
Кратные интегралы и ряды,3,,Э1-32,Аскеров Р. С.,2026-12-09,3,15,числитель,false,семинар,913л
Кратные интегралы и ряды,4,,Э8-31Б,Аскеров Р. С.,2026-12-11,5,15,числитель,false,семинар,829л
Кратные интегралы и ряды,3,,Э8-31,Аскеров Р. С.,2026-12-15,2,16,знаменатель,false,семинар,731л
Кратные интегралы и ряды,4,,Э8-31,Аскеров Р. С.,2026-12-15,2,16,знаменатель,false,семинар,924л
Кратные интегралы и ряды,2,,Э1-33,Аскеров Р. С.,2026-12-16,3,16,знаменатель,false,семинар,922л
Кратные интегралы и ряды,3,,Э1-32,Аскеров Р. С.,2026-12-16,3,16,знаменатель,false,семинар,913л
Кратные интегралы и ряды,2,,Э1-33,Аскеров Р. С.,2026-12-18,5,16,знаменатель,false,семинар,829л
Кратные интегралы и ряды,4,,Э8-31Б,Аскеров Р. С.,2026-12-18,5,16,знаменатель,false,семинар,829л
Кратные интегралы и ряды,5,,Э1-32,Аскеров Р. С.,2026-12-18,5,16,знаменатель,false,семинар,731л
Кратные интегралы и ряды,3,,Э8-31,Аскеров Р. С.,2026-12-22,2,17,числитель,false,семинар,731л
МРЗМДТТ,4,,ФН11-11М,Аскеров Р. С.,2026-12-22,2,17,числитель,false,семинар,832л
МРЗМДТТ,5,,ФН11-11М,Аскеров Р. С.,2026-12-22,2,17,числитель,false,лекция,830л
МРЗМДТТ,6,,ФН11-11М,Аскеров Р. С.,2026-12-22,2,17,числитель,false,лекция,830л
Кратные интегралы и ряды,2,,Э1-33,Аскеров Р. С.,2026-12-23,3,17,числитель,false,семинар,922л
Кратные интегралы и ряды,3,,Э1-32,Аскеров Р. С.,2026-12-23,3,17,числитель,false,семинар,913л
Кратные интегралы и ряды,4,,Э8-31Б,Аскеров Р. С.,2026-12-25,5,17,числитель,false,семинар,829л
Кратные интегралы и ряды,3,,Э8-31,Аскеров Р. С.,2026-12-29,2,18,знаменатель,false,семинар,731л
Кратные интегралы и ряды,4,,Э8-31,Аскеров Р. С.,2026-12-29,2,18,знаменатель,false,семинар,924л
Кратные интегралы и ряды,2,,Э1-33,Аскеров Р. С.,2026-12-30,3,18,знаменатель,false,семинар,922л
Кратные интегралы и ряды,3,,Э1-32,Аскеров Р. С.,2026-12-30,3,18,знаменатель,false,семинар,913л
Асимптот мет в мех,4,,ФН11-31М,Богод Д. А.,2026-09-02,3,1,числитель,false,лекция,935л
Асимптот мет в мех,5,,ФН11-31М,Богод Д. А.,2026-09-02,3,1,числитель,false,лекция,919л
Асимптот мет в мех,6,,ФН11-31М,Богод Д. А.,2026-09-02,3,1,числитель,false,семинар,924л
Асимптот мет в мех,7,,ФН11-31М,Богод Д. А.,2026-09-02,3,1,числитель,false,семинар,924л
Асимптот мет в мех,4,,ФН11-31М,Богод Д. А.,2026-09-16,3,3,числитель,false,лекция,935л
Асимптот мет в мех,5,,ФН11-31М,Богод Д. А.,2026-09-16,3,3,числитель,false,лекция,919л
Асимптот мет в мех,6,,ФН11-31М,Богод Д. А.,2026-09-16,3,3,числитель,false,семинар,924л
Асимптот мет в мех,7,,ФН11-31М,Богод Д. А.,2026-09-16,3,3,числитель,false,семинар,924л
Асимптот мет в мех,4,,ФН11-31М,Богод Д. А.,2026-09-30,3,5,числитель,false,лекция,935л
Асимптот мет в мех,5,,ФН11-31М,Богод Д. А.,2026-09-30,3,5,числитель,false,лекция,919л
Асимптот мет в мех,6,,ФН11-31М,Богод Д. А.,2026-09-30,3,5,числитель,false,семинар,924л
Асимптот мет в мех,7,,ФН11-31М,Богод Д. А.,2026-09-30,3,5,числитель,false,семинар,924л
Асимптот мет в мех,4,,ФН11-31М,Богод Д. А.,2026-10-14,3,7,числитель,false,лекция,935л
Асимптот мет в мех,5,,ФН11-31М,Богод Д. А.,2026-10-14,3,7,числитель,false,лекция,919л
Асимптот мет в мех,6,,ФН11-31М,Богод Д. А.,2026-10-14,3,7,числитель,false,семинар,924л
Асимптот мет в мех,7,,ФН11-31М,Богод Д. А.,2026-10-14,3,7,числитель,false,семинар,924л
Асимптот мет в мех,4,,ФН11-31М,Богод Д. А.,2026-10-28,3,9,числитель,false,лекция,935л
Асимптот мет в мех,5,,ФН11-31М,Богод Д. А.,2026-10-28,3,9,числитель,false,лекция,919л
Асимптот мет в мех,6,,ФН11-31М,Богод Д. А.,2026-10-28,3,9,числитель,false,семинар,924л
Асимптот мет в мех,7,,ФН11-31М,Богод Д. А.,2026-10-28,3,9,числитель,false,семинар,924л
Асимптот мет в мех,4,,ФН11-31М,Богод Д. А.,2026-11-11,3,11,числитель,false,лекция,935л
Асимптот мет в мех,5,,ФН11-31М,Богод Д. А.,2026-11-11,3,11,числитель,false,лекция,919л
Асимптот мет в мех,6,,ФН11-31М,Богод Д. А.,2026-11-11,3,11,числитель,false,семинар,924л
Асимптот мет в мех,7,,ФН11-31М,Богод Д. А.,2026-11-11,3,11,числитель,false,семинар,924л
Асимптот мет в мех,4,,ФН11-31М,Богод Д. А.,2026-11-25,3,13,числитель,false,лекция,935л
Асимптот мет в мех,5,,ФН11-31М,Богод Д. А.,2026-11-25,3,13,числитель,false,лекция,919л
Асимптот мет в мех,6,,ФН11-31М,Богод Д. А.,2026-11-25,3,13,числитель,false,семинар,924л
Асимптот мет в мех,7,,ФН11-31М,Богод Д. А.,2026-11-25,3,13,числитель,false,семинар,924л
Асимптот мет в мех,4,,ФН11-31М,Богод Д. А.,2026-12-09,3,15,числитель,false,лекция,935л
Асимптот мет в мех,5,,ФН11-31М,Богод Д. А.,2026-12-09,3,15,числитель,false,лекция,919л
Асимптот мет в мех,6,,ФН11-31М,Богод Д. А.,2026-12-09,3,15,числитель,false,семинар,924л
Асимптот мет в мех,7,,ФН11-31М,Богод Д. А.,2026-12-09,3,15,числитель,false,семинар,924л
Асимптот мет в мех,4,,ФН11-31М,Богод Д. А.,2026-12-23,3,17,числитель,false,лекция,935л
Асимптот мет в мех,5,,ФН11-31М,Богод Д. А.,2026-12-23,3,17,числитель,false,лекция,919л
Асимптот мет в мех,6,,ФН11-31М,Богод Д. А.,2026-12-23,3,17,числитель,false,семинар,924л
Асимптот мет в мех,7,,ФН11-31М,Богод Д. А.,2026-12-23,3,17,числитель,false,семинар,924л
Математический анализ,3,,Э10-12/6,Бойко С. В.,2026-08-31,1,1,числитель,false,семинар,935л
Математический анализ,3,,Э3-11/6,Бойко С. В.,2026-09-02,3,1,числитель,false,семинар,922л
Математический анализ,4,,Э10-12/6,Бойко С. В.,2026-09-07,1,2,знаменатель,false,семинар,836л
Математический анализ,1,,Э3-11/6,Бойко С. В.,2026-09-08,2,2,знаменатель,false,семинар,427ю
Математический анализ,3,,Э3-11/6,Бойко С. В.,2026-09-09,3,2,знаменатель,false,семинар,922л
Математический анализ,5,,Э10-12/6,Бойко С. В.,2026-09-09,3,2,знаменатель,false,семинар,145л
Математический анализ,3,,Э10-12/6,Бойко С. В.,2026-09-14,1,3,числитель,false,семинар,935л
Математический анализ,3,,Э3-11/6,Бойко С. В.,2026-09-16,3,3,числитель,false,семинар,922л
Математический анализ,4,,Э10-12/6,Бойко С. В.,2026-09-21,1,4,знаменатель,false,семинар,836л
Математический анализ,1,,Э3-11/6,Бойко С. В.,2026-09-22,2,4,знаменатель,false,семинар,427ю
Математический анализ,3,,Э3-11/6,Бойко С. В.,2026-09-23,3,4,знаменатель,false,семинар,922л
Математический анализ,5,,Э10-12/6,Бойко С. В.,2026-09-23,3,4,знаменатель,false,семинар,145л
Математический анализ,3,,Э10-12/6,Бойко С. В.,2026-09-28,1,5,числитель,false,семинар,935л
Математический анализ,3,,Э3-11/6,Бойко С. В.,2026-09-30,3,5,числитель,false,семинар,922л
Математический анализ,4,,Э10-12/6,Бойко С. В.,2026-10-05,1,6,знаменатель,false,семинар,836л
Математический анализ,1,,Э3-11/6,Бойко С. В.,2026-10-06,2,6,знаменатель,false,семинар,427ю
Математический анализ,3,,Э3-11/6,Бойко С. В.,2026-10-07,3,6,знаменатель,false,семинар,922л
Математический анализ,5,,Э10-12/6,Бойко С. В.,2026-10-07,3,6,знаменатель,false,семинар,145л
Математический анализ,3,,Э10-12/6,Бойко С. В.,2026-10-12,1,7,числитель,false,семинар,935л
Математический анализ,3,,Э3-11/6,Бойко С. В.,2026-10-14,3,7,числитель,false,семинар,922л
Математический анализ,4,,Э10-12/6,Бойко С. В.,2026-10-19,1,8,знаменатель,false,семинар,836л
Математический анализ,1,,Э3-11/6,Бойко С. В.,2026-10-20,2,8,знаменатель,false,семинар,427ю
Математический анализ,3,,Э3-11/6,Бойко С. В.,2026-10-21,3,8,знаменатель,false,семинар,922л
Математический анализ,5,,Э10-12/6,Бойко С. В.,2026-10-21,3,8,знаменатель,false,семинар,145л
Математический анализ,3,,Э10-12/6,Бойко С. В.,2026-10-26,1,9,числитель,false,семинар,935л
Математический анализ,3,,Э3-11/6,Бойко С. В.,2026-10-28,3,9,числитель,false,семинар,922л
Математический анализ,4,,Э10-12/6,Бойко С. В.,2026-11-02,1,10,знаменатель,false,семинар,836л
Математический анализ,1,,Э3-11/6,Бойко С. В.,2026-11-03,2,10,знаменатель,false,семинар,427ю
Математический анализ,3,,Э3-11/6,Бойко С. В.,2026-11-04,3,10,знаменатель,false,семинар,922л
Математический анализ,5,,Э10-12/6,Бойко С. В.,2026-11-04,3,10,знаменатель,false,семинар,145л
Математический анализ,3,,Э10-12/6,Бойко С. В.,2026-11-09,1,11,числитель,false,семинар,935л
Математический анализ,3,,Э3-11/6,Бойко С. В.,2026-11-11,3,11,числитель,false,семинар,922л
Математический анализ,4,,Э10-12/6,Бойко С. В.,2026-11-16,1,12,знаменатель,false,семинар,836л
Математический анализ,1,,Э3-11/6,Бойко С. В.,2026-11-17,2,12,знаменатель,false,семинар,427ю
Математический анализ,3,,Э3-11/6,Бойко С. В.,2026-11-18,3,12,знаменатель,false,семинар,922л
Математический анализ,5,,Э10-12/6,Бойко С. В.,2026-11-18,3,12,знаменатель,false,семинар,145л
Математический анализ,3,,Э10-12/6,Бойко С. В.,2026-11-23,1,13,числитель,false,семинар,935л
Математический анализ,3,,Э3-11/6,Бойко С. В.,2026-11-25,3,13,числитель,false,семинар,922л
Математический анализ,4,,Э10-12/6,Бойко С. В.,2026-11-30,1,14,знаменатель,false,семинар,836л
Математический анализ,1,,Э3-11/6,Бойко С. В.,2026-12-01,2,14,знаменатель,false,семинар,427ю
Математический анализ,3,,Э3-11/6,Бойко С. В.,2026-12-02,3,14,знаменатель,false,семинар,922л
Математический анализ,5,,Э10-12/6,Бойко С. В.,2026-12-02,3,14,знаменатель,false,семинар,145л
Математический анализ,3,,Э10-12/6,Бойко С. В.,2026-12-07,1,15,числитель,false,семинар,935л
Математический анализ,3,,Э3-11/6,Бойко С. В.,2026-12-09,3,15,числитель,false,семинар,922л
Математический анализ,4,,Э10-12/6,Бойко С. В.,2026-12-14,1,16,знаменатель,false,семинар,836л
Математический анализ,1,,Э3-11/6,Бойко С. В.,2026-12-15,2,16,знаменатель,false,семинар,427ю
Математический анализ,3,,Э3-11/6,Бойко С. В.,2026-12-16,3,16,знаменатель,false,семинар,922л
Математический анализ,5,,Э10-12/6,Бойко С. В.,2026-12-16,3,16,знаменатель,false,семинар,145л
Математический анализ,3,,Э10-12/6,Бойко С. В.,2026-12-21,1,17,числитель,false,семинар,935л
Математический анализ,3,,Э3-11/6,Бойко С. В.,2026-12-23,3,17,числитель,false,семинар,922л
Математический анализ,4,,Э10-12/6,Бойко С. В.,2026-12-28,1,18,знаменатель,false,семинар,836л
Математический анализ,1,,Э3-11/6,Бойко С. В.,2026-12-29,2,18,знаменатель,false,семинар,427ю
Математический анализ,3,,Э3-11/6,Бойко С. В.,2026-12-30,3,18,знаменатель,false,семинар,922л
Математический анализ,5,,Э10-12/6,Бойко С. В.,2026-12-30,3,18,знаменатель,false,семинар,145л
Многокритериальный выбор проектных решений,6,,Э10-31М(+2),Борович Г. К.,2026-08-31,1,1,числитель,false,лекция,Э10
Многокритериальный выбор проектных решений,7,,Э10-31М(+2),Борович Г. К.,2026-08-31,1,1,числитель,false,семинар,294
Уравнения математической физики,5,,"Э10-51Б,52Б",Борович Г. К.,2026-09-02,3,1,числитель,false,лекция,294
Уравнения математической физики,6,,Э10-51Б,Борович Г. К.,2026-09-02,3,1,числитель,false,семинар,294
Многокритериальный выбор проектных решений,7,,Э10-31М(+2),Борович Г. К.,2026-09-07,1,2,знаменатель,false,семинар,294
Уравнения математической физики,5,,"Э10-51Б,52Б",Борович Г. К.,2026-09-09,3,2,знаменатель,false,лекция,294
Уравнения математической физики,6,,Э10-51Б,Борович Г. К.,2026-09-09,3,2,знаменатель,false,семинар,294
Уравнения математической физики,6,,Э10-52Б,Борович Г. К.,2026-09-11,5,2,знаменатель,false,семинар,195.6
Уравнения математической физики,7,,Э10-52Б,Борович Г. К.,2026-09-11,5,2,знаменатель,false,семинар,195.6
Многокритериальный выбор проектных решений,6,,Э10-31М(+2),Борович Г. К.,2026-09-14,1,3,числитель,false,лекция,Э10
Многокритериальный выбор проектных решений,7,,Э10-31М(+2),Борович Г. К.,2026-09-14,1,3,числитель,false,семинар,294
Уравнения математической физики,5,,"Э10-51Б,52Б",Борович Г. К.,2026-09-16,3,3,числитель,false,лекция,294
Уравнения математической физики,6,,Э10-51Б,Борович Г. К.,2026-09-16,3,3,числитель,false,семинар,294
Многокритериальный выбор проектных решений,7,,Э10-31М(+2),Борович Г. К.,2026-09-21,1,4,знаменатель,false,семинар,294
Уравнения математической физики,5,,"Э10-51Б,52Б",Борович Г. К.,2026-09-23,3,4,знаменатель,false,лекция,294
Уравнения математической физики,6,,Э10-51Б,Борович Г. К.,2026-09-23,3,4,знаменатель,false,семинар,294
Уравнения математической физики,6,,Э10-52Б,Борович Г. К.,2026-09-25,5,4,знаменатель,false,семинар,195.6
Уравнения математической физики,7,,Э10-52Б,Борович Г. К.,2026-09-25,5,4,знаменатель,false,семинар,195.6
Многокритериальный выбор проектных решений,6,,Э10-31М(+2),Борович Г. К.,2026-09-28,1,5,числитель,false,лекция,Э10
Многокритериальный выбор проектных решений,7,,Э10-31М(+2),Борович Г. К.,2026-09-28,1,5,числитель,false,семинар,294
Уравнения математической физики,5,,"Э10-51Б,52Б",Борович Г. К.,2026-09-30,3,5,числитель,false,лекция,294
Уравнения математической физики,6,,Э10-51Б,Борович Г. К.,2026-09-30,3,5,числитель,false,семинар,294
Многокритериальный выбор проектных решений,7,,Э10-31М(+2),Борович Г. К.,2026-10-05,1,6,знаменатель,false,семинар,294
Уравнения математической физики,5,,"Э10-51Б,52Б",Борович Г. К.,2026-10-07,3,6,знаменатель,false,лекция,294
Уравнения математической физики,6,,Э10-51Б,Борович Г. К.,2026-10-07,3,6,знаменатель,false,семинар,294
Уравнения математической физики,6,,Э10-52Б,Борович Г. К.,2026-10-09,5,6,знаменатель,false,семинар,195.6
Уравнения математической физики,7,,Э10-52Б,Борович Г. К.,2026-10-09,5,6,знаменатель,false,семинар,195.6
Многокритериальный выбор проектных решений,6,,Э10-31М(+2),Борович Г. К.,2026-10-12,1,7,числитель,false,лекция,Э10
Многокритериальный выбор проектных решений,7,,Э10-31М(+2),Борович Г. К.,2026-10-12,1,7,числитель,false,семинар,294
Уравнения математической физики,5,,"Э10-51Б,52Б",Борович Г. К.,2026-10-14,3,7,числитель,false,лекция,294
Уравнения математической физики,6,,Э10-51Б,Борович Г. К.,2026-10-14,3,7,числитель,false,семинар,294
Многокритериальный выбор проектных решений,7,,Э10-31М(+2),Борович Г. К.,2026-10-19,1,8,знаменатель,false,семинар,294
Уравнения математической физики,5,,"Э10-51Б,52Б",Борович Г. К.,2026-10-21,3,8,знаменатель,false,лекция,294
Уравнения математической физики,6,,Э10-51Б,Борович Г. К.,2026-10-21,3,8,знаменатель,false,семинар,294
Уравнения математической физики,6,,Э10-52Б,Борович Г. К.,2026-10-23,5,8,знаменатель,false,семинар,195.6
Уравнения математической физики,7,,Э10-52Б,Борович Г. К.,2026-10-23,5,8,знаменатель,false,семинар,195.6
Многокритериальный выбор проектных решений,6,,Э10-31М(+2),Борович Г. К.,2026-10-26,1,9,числитель,false,лекция,Э10
Многокритериальный выбор проектных решений,7,,Э10-31М(+2),Борович Г. К.,2026-10-26,1,9,числитель,false,семинар,294
Уравнения математической физики,5,,"Э10-51Б,52Б",Борович Г. К.,2026-10-28,3,9,числитель,false,лекция,294
Уравнения математической физики,6,,Э10-51Б,Борович Г. К.,2026-10-28,3,9,числитель,false,семинар,294
Многокритериальный выбор проектных решений,7,,Э10-31М(+2),Борович Г. К.,2026-11-02,1,10,знаменатель,false,семинар,294
Уравнения математической физики,5,,"Э10-51Б,52Б",Борович Г. К.,2026-11-04,3,10,знаменатель,false,лекция,294
Уравнения математической физики,6,,Э10-51Б,Борович Г. К.,2026-11-04,3,10,знаменатель,false,семинар,294
Уравнения математической физики,6,,Э10-52Б,Борович Г. К.,2026-11-06,5,10,знаменатель,false,семинар,195.6
Уравнения математической физики,7,,Э10-52Б,Борович Г. К.,2026-11-06,5,10,знаменатель,false,семинар,195.6
Многокритериальный выбор проектных решений,6,,Э10-31М(+2),Борович Г. К.,2026-11-09,1,11,числитель,false,лекция,Э10
Многокритериальный выбор проектных решений,7,,Э10-31М(+2),Борович Г. К.,2026-11-09,1,11,числитель,false,семинар,294
Уравнения математической физики,5,,"Э10-51Б,52Б",Борович Г. К.,2026-11-11,3,11,числитель,false,лекция,294
Уравнения математической физики,6,,Э10-51Б,Борович Г. К.,2026-11-11,3,11,числитель,false,семинар,294
Многокритериальный выбор проектных решений,7,,Э10-31М(+2),Борович Г. К.,2026-11-16,1,12,знаменатель,false,семинар,294
Уравнения математической физики,5,,"Э10-51Б,52Б",Борович Г. К.,2026-11-18,3,12,знаменатель,false,лекция,294
Уравнения математической физики,6,,Э10-51Б,Борович Г. К.,2026-11-18,3,12,знаменатель,false,семинар,294
Уравнения математической физики,6,,Э10-52Б,Борович Г. К.,2026-11-20,5,12,знаменатель,false,семинар,195.6
Уравнения математической физики,7,,Э10-52Б,Борович Г. К.,2026-11-20,5,12,знаменатель,false,семинар,195.6
Многокритериальный выбор проектных решений,6,,Э10-31М(+2),Борович Г. К.,2026-11-23,1,13,числитель,false,лекция,Э10
Многокритериальный выбор проектных решений,7,,Э10-31М(+2),Борович Г. К.,2026-11-23,1,13,числитель,false,семинар,294
Уравнения математической физики,5,,"Э10-51Б,52Б",Борович Г. К.,2026-11-25,3,13,числитель,false,лекция,294
Уравнения математической физики,6,,Э10-51Б,Борович Г. К.,2026-11-25,3,13,числитель,false,семинар,294
Многокритериальный выбор проектных решений,7,,Э10-31М(+2),Борович Г. К.,2026-11-30,1,14,знаменатель,false,семинар,294
Уравнения математической физики,5,,"Э10-51Б,52Б",Борович Г. К.,2026-12-02,3,14,знаменатель,false,лекция,294
Уравнения математической физики,6,,Э10-51Б,Борович Г. К.,2026-12-02,3,14,знаменатель,false,семинар,294
Уравнения математической физики,6,,Э10-52Б,Борович Г. К.,2026-12-04,5,14,знаменатель,false,семинар,195.6
Уравнения математической физики,7,,Э10-52Б,Борович Г. К.,2026-12-04,5,14,знаменатель,false,семинар,195.6
Многокритериальный выбор проектных решений,6,,Э10-31М(+2),Борович Г. К.,2026-12-07,1,15,числитель,false,лекция,Э10
Многокритериальный выбор проектных решений,7,,Э10-31М(+2),Борович Г. К.,2026-12-07,1,15,числитель,false,семинар,294
Уравнения математической физики,5,,"Э10-51Б,52Б",Борович Г. К.,2026-12-09,3,15,числитель,false,лекция,294
Уравнения математической физики,6,,Э10-51Б,Борович Г. К.,2026-12-09,3,15,числитель,false,семинар,294
Многокритериальный выбор проектных решений,7,,Э10-31М(+2),Борович Г. К.,2026-12-14,1,16,знаменатель,false,семинар,294
Уравнения математической физики,5,,"Э10-51Б,52Б",Борович Г. К.,2026-12-16,3,16,знаменатель,false,лекция,294
Уравнения математической физики,6,,Э10-51Б,Борович Г. К.,2026-12-16,3,16,знаменатель,false,семинар,294
Уравнения математической физики,6,,Э10-52Б,Борович Г. К.,2026-12-18,5,16,знаменатель,false,семинар,195.6
Уравнения математической физики,7,,Э10-52Б,Борович Г. К.,2026-12-18,5,16,знаменатель,false,семинар,195.6
Многокритериальный выбор проектных решений,6,,Э10-31М(+2),Борович Г. К.,2026-12-21,1,17,числитель,false,лекция,Э10
Многокритериальный выбор проектных решений,7,,Э10-31М(+2),Борович Г. К.,2026-12-21,1,17,числитель,false,семинар,294
Уравнения математической физики,5,,"Э10-51Б,52Б",Борович Г. К.,2026-12-23,3,17,числитель,false,лекция,294
Уравнения математической физики,6,,Э10-51Б,Борович Г. К.,2026-12-23,3,17,числитель,false,семинар,294
Многокритериальный выбор проектных решений,7,,Э10-31М(+2),Борович Г. К.,2026-12-28,1,18,знаменатель,false,семинар,294
Уравнения математической физики,5,,"Э10-51Б,52Б",Борович Г. К.,2026-12-30,3,18,знаменатель,false,лекция,294
Уравнения математической физики,6,,Э10-51Б,Борович Г. К.,2026-12-30,3,18,знаменатель,false,семинар,294
Аналитическая геометрия,2,,Э3-13/6,Бочкова Т. А.,2026-09-05,6,1,числитель,false,семинар,619л
Аналитическая геометрия,3,,Э1-11/6,Бочкова Т. А.,2026-09-05,6,1,числитель,false,семинар,731л
Аналитическая геометрия,2,,Э3-13/6,Бочкова Т. А.,2026-09-12,6,2,знаменатель,false,семинар,619л
Аналитическая геометрия,3,,Э1-11/6,Бочкова Т. А.,2026-09-12,6,2,знаменатель,false,семинар,731л
Аналитическая геометрия,2,,Э3-13/6,Бочкова Т. А.,2026-09-19,6,3,числитель,false,семинар,619л
Аналитическая геометрия,3,,Э1-11/6,Бочкова Т. А.,2026-09-19,6,3,числитель,false,семинар,731л
Аналитическая геометрия,2,,Э3-13/6,Бочкова Т. А.,2026-09-26,6,4,знаменатель,false,семинар,619л
Аналитическая геометрия,3,,Э1-11/6,Бочкова Т. А.,2026-09-26,6,4,знаменатель,false,семинар,731л
Аналитическая геометрия,2,,Э3-13/6,Бочкова Т. А.,2026-10-03,6,5,числитель,false,семинар,619л
Аналитическая геометрия,3,,Э1-11/6,Бочкова Т. А.,2026-10-03,6,5,числитель,false,семинар,731л
Аналитическая геометрия,2,,Э3-13/6,Бочкова Т. А.,2026-10-10,6,6,знаменатель,false,семинар,619л
Аналитическая геометрия,3,,Э1-11/6,Бочкова Т. А.,2026-10-10,6,6,знаменатель,false,семинар,731л
Аналитическая геометрия,2,,Э3-13/6,Бочкова Т. А.,2026-10-17,6,7,числитель,false,семинар,619л
Аналитическая геометрия,3,,Э1-11/6,Бочкова Т. А.,2026-10-17,6,7,числитель,false,семинар,731л
Аналитическая геометрия,2,,Э3-13/6,Бочкова Т. А.,2026-10-24,6,8,знаменатель,false,семинар,619л
Аналитическая геометрия,3,,Э1-11/6,Бочкова Т. А.,2026-10-24,6,8,знаменатель,false,семинар,731л
Аналитическая геометрия,2,,Э3-13/6,Бочкова Т. А.,2026-10-31,6,9,числитель,false,семинар,619л
Аналитическая геометрия,3,,Э1-11/6,Бочкова Т. А.,2026-10-31,6,9,числитель,false,семинар,731л
Аналитическая геометрия,2,,Э3-13/6,Бочкова Т. А.,2026-11-07,6,10,знаменатель,false,семинар,619л
Аналитическая геометрия,3,,Э1-11/6,Бочкова Т. А.,2026-11-07,6,10,знаменатель,false,семинар,731л
Аналитическая геометрия,2,,Э3-13/6,Бочкова Т. А.,2026-11-14,6,11,числитель,false,семинар,619л
Аналитическая геометрия,3,,Э1-11/6,Бочкова Т. А.,2026-11-14,6,11,числитель,false,семинар,731л
Аналитическая геометрия,2,,Э3-13/6,Бочкова Т. А.,2026-11-21,6,12,знаменатель,false,семинар,619л
Аналитическая геометрия,3,,Э1-11/6,Бочкова Т. А.,2026-11-21,6,12,знаменатель,false,семинар,731л
Аналитическая геометрия,2,,Э3-13/6,Бочкова Т. А.,2026-11-28,6,13,числитель,false,семинар,619л
Аналитическая геометрия,3,,Э1-11/6,Бочкова Т. А.,2026-11-28,6,13,числитель,false,семинар,731л
Аналитическая геометрия,2,,Э3-13/6,Бочкова Т. А.,2026-12-05,6,14,знаменатель,false,семинар,619л
Аналитическая геометрия,3,,Э1-11/6,Бочкова Т. А.,2026-12-05,6,14,знаменатель,false,семинар,731л
Аналитическая геометрия,2,,Э3-13/6,Бочкова Т. А.,2026-12-12,6,15,числитель,false,семинар,619л
Аналитическая геометрия,3,,Э1-11/6,Бочкова Т. А.,2026-12-12,6,15,числитель,false,семинар,731л
Аналитическая геометрия,2,,Э3-13/6,Бочкова Т. А.,2026-12-19,6,16,знаменатель,false,семинар,619л
Аналитическая геометрия,3,,Э1-11/6,Бочкова Т. А.,2026-12-19,6,16,знаменатель,false,семинар,731л
Аналитическая геометрия,2,,Э3-13/6,Бочкова Т. А.,2026-12-26,6,17,числитель,false,семинар,619л
Аналитическая геометрия,3,,Э1-11/6,Бочкова Т. А.,2026-12-26,6,17,числитель,false,семинар,731л
Аналитическая геометрия,5,,Э8-13/6,Бебенина А. А.,2026-09-02,3,1,числитель,false,семинар,830л
Аналитическая геометрия,6,,ФН4-12/6,Бебенина А. А.,2026-09-02,3,1,числитель,false,семинар,727л
Аналитическая геометрия,3,,"ФН4-11/6,12/6",Бебенина А. А.,2026-09-04,5,1,числитель,false,лекция,228л
Математический анализ,5,,Э5-11/6,Бебенина А. А.,2026-09-04,5,1,числитель,false,семинар,255л
Математический анализ,6,,Э5-13/6,Бебенина А. А.,2026-09-04,5,1,числитель,false,семинар,917л
Математический анализ,2,,Э11-11/6,Бебенина А. А.,2026-09-05,6,1,числитель,false,семинар,820л
Дифференциальные уравнения,3,,ФН11-32Б,Бебенина А. А.,2026-09-05,6,1,числитель,false,семинар,924л
Математический анализ,4,,Э5-13/6,Бебенина А. А.,2026-09-05,6,1,числитель,false,семинар,731л
Математический анализ,4,,Э11-11/6,Бебенина А. А.,2026-09-09,3,2,знаменатель,false,семинар,145л
Аналитическая геометрия,5,,Э8-13/6,Бебенина А. А.,2026-09-09,3,2,знаменатель,false,семинар,830л
Аналитическая геометрия,6,,ФН4-12/6,Бебенина А. А.,2026-09-09,3,2,знаменатель,false,семинар,727л
Аналитическая геометрия,3,,"ФН4-11/6,12/6",Бебенина А. А.,2026-09-11,5,2,знаменатель,false,лекция,228л
Математический анализ,5,,Э5-11/6,Бебенина А. А.,2026-09-11,5,2,знаменатель,false,семинар,255л
Математический анализ,6,,Э5-13/6,Бебенина А. А.,2026-09-11,5,2,знаменатель,false,семинар,917л
Математический анализ,2,,Э11-11/6,Бебенина А. А.,2026-09-12,6,2,знаменатель,false,семинар,820л
Дифференциальные уравнения,3,,ФН11-32Б,Бебенина А. А.,2026-09-12,6,2,знаменатель,false,семинар,924л
Математический анализ,4,,Э5-11/6,Бебенина А. А.,2026-09-12,6,2,знаменатель,false,семинар,731л
Аналитическая геометрия,5,,Э8-13/6,Бебенина А. А.,2026-09-16,3,3,числитель,false,семинар,830л
Аналитическая геометрия,6,,ФН4-12/6,Бебенина А. А.,2026-09-16,3,3,числитель,false,семинар,727л
Аналитическая геометрия,3,,"ФН4-11/6,12/6",Бебенина А. А.,2026-09-18,5,3,числитель,false,лекция,228л
Математический анализ,5,,Э5-11/6,Бебенина А. А.,2026-09-18,5,3,числитель,false,семинар,255л
Математический анализ,6,,Э5-13/6,Бебенина А. А.,2026-09-18,5,3,числитель,false,семинар,917л
Математический анализ,2,,Э11-11/6,Бебенина А. А.,2026-09-19,6,3,числитель,false,семинар,820л
Дифференциальные уравнения,3,,ФН11-32Б,Бебенина А. А.,2026-09-19,6,3,числитель,false,семинар,924л
Математический анализ,4,,Э5-13/6,Бебенина А. А.,2026-09-19,6,3,числитель,false,семинар,731л
Математический анализ,4,,Э11-11/6,Бебенина А. А.,2026-09-23,3,4,знаменатель,false,семинар,145л
Аналитическая геометрия,5,,Э8-13/6,Бебенина А. А.,2026-09-23,3,4,знаменатель,false,семинар,830л
Аналитическая геометрия,6,,ФН4-12/6,Бебенина А. А.,2026-09-23,3,4,знаменатель,false,семинар,727л
Аналитическая геометрия,3,,"ФН4-11/6,12/6",Бебенина А. А.,2026-09-25,5,4,знаменатель,false,лекция,228л
Математический анализ,5,,Э5-11/6,Бебенина А. А.,2026-09-25,5,4,знаменатель,false,семинар,255л
Математический анализ,6,,Э5-13/6,Бебенина А. А.,2026-09-25,5,4,знаменатель,false,семинар,917л
Математический анализ,2,,Э11-11/6,Бебенина А. А.,2026-09-26,6,4,знаменатель,false,семинар,820л
Дифференциальные уравнения,3,,ФН11-32Б,Бебенина А. А.,2026-09-26,6,4,знаменатель,false,семинар,924л
Математический анализ,4,,Э5-11/6,Бебенина А. А.,2026-09-26,6,4,знаменатель,false,семинар,731л
Аналитическая геометрия,5,,Э8-13/6,Бебенина А. А.,2026-09-30,3,5,числитель,false,семинар,830л
Аналитическая геометрия,6,,ФН4-12/6,Бебенина А. А.,2026-09-30,3,5,числитель,false,семинар,727л
Аналитическая геометрия,3,,"ФН4-11/6,12/6",Бебенина А. А.,2026-10-02,5,5,числитель,false,лекция,228л
Математический анализ,5,,Э5-11/6,Бебенина А. А.,2026-10-02,5,5,числитель,false,семинар,255л
Математический анализ,6,,Э5-13/6,Бебенина А. А.,2026-10-02,5,5,числитель,false,семинар,917л
Математический анализ,2,,Э11-11/6,Бебенина А. А.,2026-10-03,6,5,числитель,false,семинар,820л
Дифференциальные уравнения,3,,ФН11-32Б,Бебенина А. А.,2026-10-03,6,5,числитель,false,семинар,924л
Математический анализ,4,,Э5-13/6,Бебенина А. А.,2026-10-03,6,5,числитель,false,семинар,731л
Математический анализ,4,,Э11-11/6,Бебенина А. А.,2026-10-07,3,6,знаменатель,false,семинар,145л
Аналитическая геометрия,5,,Э8-13/6,Бебенина А. А.,2026-10-07,3,6,знаменатель,false,семинар,830л
Аналитическая геометрия,6,,ФН4-12/6,Бебенина А. А.,2026-10-07,3,6,знаменатель,false,семинар,727л
Аналитическая геометрия,3,,"ФН4-11/6,12/6",Бебенина А. А.,2026-10-09,5,6,знаменатель,false,лекция,228л
Математический анализ,5,,Э5-11/6,Бебенина А. А.,2026-10-09,5,6,знаменатель,false,семинар,255л
Математический анализ,6,,Э5-13/6,Бебенина А. А.,2026-10-09,5,6,знаменатель,false,семинар,917л
Математический анализ,2,,Э11-11/6,Бебенина А. А.,2026-10-10,6,6,знаменатель,false,семинар,820л
Дифференциальные уравнения,3,,ФН11-32Б,Бебенина А. А.,2026-10-10,6,6,знаменатель,false,семинар,924л
Математический анализ,4,,Э5-11/6,Бебенина А. А.,2026-10-10,6,6,знаменатель,false,семинар,731л
Аналитическая геометрия,5,,Э8-13/6,Бебенина А. А.,2026-10-14,3,7,числитель,false,семинар,830л
Аналитическая геометрия,6,,ФН4-12/6,Бебенина А. А.,2026-10-14,3,7,числитель,false,семинар,727л
Аналитическая геометрия,3,,"ФН4-11/6,12/6",Бебенина А. А.,2026-10-16,5,7,числитель,false,лекция,228л
Математический анализ,5,,Э5-11/6,Бебенина А. А.,2026-10-16,5,7,числитель,false,семинар,255л
Математический анализ,6,,Э5-13/6,Бебенина А. А.,2026-10-16,5,7,числитель,false,семинар,917л
Математический анализ,2,,Э11-11/6,Бебенина А. А.,2026-10-17,6,7,числитель,false,семинар,820л
Дифференциальные уравнения,3,,ФН11-32Б,Бебенина А. А.,2026-10-17,6,7,числитель,false,семинар,924л
Математический анализ,4,,Э5-13/6,Бебенина А. А.,2026-10-17,6,7,числитель,false,семинар,731л
Математический анализ,4,,Э11-11/6,Бебенина А. А.,2026-10-21,3,8,знаменатель,false,семинар,145л
Аналитическая геометрия,5,,Э8-13/6,Бебенина А. А.,2026-10-21,3,8,знаменатель,false,семинар,830л
Аналитическая геометрия,6,,ФН4-12/6,Бебенина А. А.,2026-10-21,3,8,знаменатель,false,семинар,727л
Аналитическая геометрия,3,,"ФН4-11/6,12/6",Бебенина А. А.,2026-10-23,5,8,знаменатель,false,лекция,228л
Математический анализ,5,,Э5-11/6,Бебенина А. А.,2026-10-23,5,8,знаменатель,false,семинар,255л
Математический анализ,6,,Э5-13/6,Бебенина А. А.,2026-10-23,5,8,знаменатель,false,семинар,917л
Математический анализ,2,,Э11-11/6,Бебенина А. А.,2026-10-24,6,8,знаменатель,false,семинар,820л
Дифференциальные уравнения,3,,ФН11-32Б,Бебенина А. А.,2026-10-24,6,8,знаменатель,false,семинар,924л
Математический анализ,4,,Э5-11/6,Бебенина А. А.,2026-10-24,6,8,знаменатель,false,семинар,731л
Аналитическая геометрия,5,,Э8-13/6,Бебенина А. А.,2026-10-28,3,9,числитель,false,семинар,830л
Аналитическая геометрия,6,,ФН4-12/6,Бебенина А. А.,2026-10-28,3,9,числитель,false,семинар,727л
Аналитическая геометрия,3,,"ФН4-11/6,12/6",Бебенина А. А.,2026-10-30,5,9,числитель,false,лекция,228л
Математический анализ,5,,Э5-11/6,Бебенина А. А.,2026-10-30,5,9,числитель,false,семинар,255л
Математический анализ,6,,Э5-13/6,Бебенина А. А.,2026-10-30,5,9,числитель,false,семинар,917л
Математический анализ,2,,Э11-11/6,Бебенина А. А.,2026-10-31,6,9,числитель,false,семинар,820л
Дифференциальные уравнения,3,,ФН11-32Б,Бебенина А. А.,2026-10-31,6,9,числитель,false,семинар,924л
Математический анализ,4,,Э5-13/6,Бебенина А. А.,2026-10-31,6,9,числитель,false,семинар,731л
Математический анализ,4,,Э11-11/6,Бебенина А. А.,2026-11-04,3,10,знаменатель,false,семинар,145л
Аналитическая геометрия,5,,Э8-13/6,Бебенина А. А.,2026-11-04,3,10,знаменатель,false,семинар,830л
Аналитическая геометрия,6,,ФН4-12/6,Бебенина А. А.,2026-11-04,3,10,знаменатель,false,семинар,727л
Аналитическая геометрия,3,,"ФН4-11/6,12/6",Бебенина А. А.,2026-11-06,5,10,знаменатель,false,лекция,228л
Математический анализ,5,,Э5-11/6,Бебенина А. А.,2026-11-06,5,10,знаменатель,false,семинар,255л
Математический анализ,6,,Э5-13/6,Бебенина А. А.,2026-11-06,5,10,знаменатель,false,семинар,917л
Математический анализ,2,,Э11-11/6,Бебенина А. А.,2026-11-07,6,10,знаменатель,false,семинар,820л
Дифференциальные уравнения,3,,ФН11-32Б,Бебенина А. А.,2026-11-07,6,10,знаменатель,false,семинар,924л
Математический анализ,4,,Э5-11/6,Бебенина А. А.,2026-11-07,6,10,знаменатель,false,семинар,731л
Аналитическая геометрия,5,,Э8-13/6,Бебенина А. А.,2026-11-11,3,11,числитель,false,семинар,830л
Аналитическая геометрия,6,,ФН4-12/6,Бебенина А. А.,2026-11-11,3,11,числитель,false,семинар,727л
Аналитическая геометрия,3,,"ФН4-11/6,12/6",Бебенина А. А.,2026-11-13,5,11,числитель,false,лекция,228л
Математический анализ,5,,Э5-11/6,Бебенина А. А.,2026-11-13,5,11,числитель,false,семинар,255л
Математический анализ,6,,Э5-13/6,Бебенина А. А.,2026-11-13,5,11,числитель,false,семинар,917л
Математический анализ,2,,Э11-11/6,Бебенина А. А.,2026-11-14,6,11,числитель,false,семинар,820л
Дифференциальные уравнения,3,,ФН11-32Б,Бебенина А. А.,2026-11-14,6,11,числитель,false,семинар,924л
Математический анализ,4,,Э5-13/6,Бебенина А. А.,2026-11-14,6,11,числитель,false,семинар,731л
Математический анализ,4,,Э11-11/6,Бебенина А. А.,2026-11-18,3,12,знаменатель,false,семинар,145л
Аналитическая геометрия,5,,Э8-13/6,Бебенина А. А.,2026-11-18,3,12,знаменатель,false,семинар,830л
Аналитическая геометрия,6,,ФН4-12/6,Бебенина А. А.,2026-11-18,3,12,знаменатель,false,семинар,727л
Аналитическая геометрия,3,,"ФН4-11/6,12/6",Бебенина А. А.,2026-11-20,5,12,знаменатель,false,лекция,228л
Математический анализ,5,,Э5-11/6,Бебенина А. А.,2026-11-20,5,12,знаменатель,false,семинар,255л
Математический анализ,6,,Э5-13/6,Бебенина А. А.,2026-11-20,5,12,знаменатель,false,семинар,917л
Математический анализ,2,,Э11-11/6,Бебенина А. А.,2026-11-21,6,12,знаменатель,false,семинар,820л
Дифференциальные уравнения,3,,ФН11-32Б,Бебенина А. А.,2026-11-21,6,12,знаменатель,false,семинар,924л
Математический анализ,4,,Э5-11/6,Бебенина А. А.,2026-11-21,6,12,знаменатель,false,семинар,731л
Аналитическая геометрия,5,,Э8-13/6,Бебенина А. А.,2026-11-25,3,13,числитель,false,семинар,830л
Аналитическая геометрия,6,,ФН4-12/6,Бебенина А. А.,2026-11-25,3,13,числитель,false,семинар,727л
Аналитическая геометрия,3,,"ФН4-11/6,12/6",Бебенина А. А.,2026-11-27,5,13,числитель,false,лекция,228л
Математический анализ,5,,Э5-11/6,Бебенина А. А.,2026-11-27,5,13,числитель,false,семинар,255л
Математический анализ,6,,Э5-13/6,Бебенина А. А.,2026-11-27,5,13,числитель,false,семинар,917л
Математический анализ,2,,Э11-11/6,Бебенина А. А.,2026-11-28,6,13,числитель,false,семинар,820л
Дифференциальные уравнения,3,,ФН11-32Б,Бебенина А. А.,2026-11-28,6,13,числитель,false,семинар,924л
Математический анализ,4,,Э5-13/6,Бебенина А. А.,2026-11-28,6,13,числитель,false,семинар,731л
Математический анализ,4,,Э11-11/6,Бебенина А. А.,2026-12-02,3,14,знаменатель,false,семинар,145л
Аналитическая геометрия,5,,Э8-13/6,Бебенина А. А.,2026-12-02,3,14,знаменатель,false,семинар,830л
Аналитическая геометрия,6,,ФН4-12/6,Бебенина А. А.,2026-12-02,3,14,знаменатель,false,семинар,727л
Аналитическая геометрия,3,,"ФН4-11/6,12/6",Бебенина А. А.,2026-12-04,5,14,знаменатель,false,лекция,228л
Математический анализ,5,,Э5-11/6,Бебенина А. А.,2026-12-04,5,14,знаменатель,false,семинар,255л
Математический анализ,6,,Э5-13/6,Бебенина А. А.,2026-12-04,5,14,знаменатель,false,семинар,917л
Математический анализ,2,,Э11-11/6,Бебенина А. А.,2026-12-05,6,14,знаменатель,false,семинар,820л
Дифференциальные уравнения,3,,ФН11-32Б,Бебенина А. А.,2026-12-05,6,14,знаменатель,false,семинар,924л
Математический анализ,4,,Э5-11/6,Бебенина А. А.,2026-12-05,6,14,знаменатель,false,семинар,731л
Аналитическая геометрия,5,,Э8-13/6,Бебенина А. А.,2026-12-09,3,15,числитель,false,семинар,830л
Аналитическая геометрия,6,,ФН4-12/6,Бебенина А. А.,2026-12-09,3,15,числитель,false,семинар,727л
Аналитическая геометрия,3,,"ФН4-11/6,12/6",Бебенина А. А.,2026-12-11,5,15,числитель,false,лекция,228л
Математический анализ,5,,Э5-11/6,Бебенина А. А.,2026-12-11,5,15,числитель,false,семинар,255л
Математический анализ,6,,Э5-13/6,Бебенина А. А.,2026-12-11,5,15,числитель,false,семинар,917л
Математический анализ,2,,Э11-11/6,Бебенина А. А.,2026-12-12,6,15,числитель,false,семинар,820л
Дифференциальные уравнения,3,,ФН11-32Б,Бебенина А. А.,2026-12-12,6,15,числитель,false,семинар,924л
Математический анализ,4,,Э5-13/6,Бебенина А. А.,2026-12-12,6,15,числитель,false,семинар,731л
Математический анализ,4,,Э11-11/6,Бебенина А. А.,2026-12-16,3,16,знаменатель,false,семинар,145л
Аналитическая геометрия,5,,Э8-13/6,Бебенина А. А.,2026-12-16,3,16,знаменатель,false,семинар,830л
Аналитическая геометрия,6,,ФН4-12/6,Бебенина А. А.,2026-12-16,3,16,знаменатель,false,семинар,727л
Аналитическая геометрия,3,,"ФН4-11/6,12/6",Бебенина А. А.,2026-12-18,5,16,знаменатель,false,лекция,228л
Математический анализ,5,,Э5-11/6,Бебенина А. А.,2026-12-18,5,16,знаменатель,false,семинар,255л
Математический анализ,6,,Э5-13/6,Бебенина А. А.,2026-12-18,5,16,знаменатель,false,семинар,917л
Математический анализ,2,,Э11-11/6,Бебенина А. А.,2026-12-19,6,16,знаменатель,false,семинар,820л
Дифференциальные уравнения,3,,ФН11-32Б,Бебенина А. А.,2026-12-19,6,16,знаменатель,false,семинар,924л
Математический анализ,4,,Э5-11/6,Бебенина А. А.,2026-12-19,6,16,знаменатель,false,семинар,731л
Аналитическая геометрия,5,,Э8-13/6,Бебенина А. А.,2026-12-23,3,17,числитель,false,семинар,830л
Аналитическая геометрия,6,,ФН4-12/6,Бебенина А. А.,2026-12-23,3,17,числитель,false,семинар,727л
Аналитическая геометрия,3,,"ФН4-11/6,12/6",Бебенина А. А.,2026-12-25,5,17,числитель,false,лекция,228л
Математический анализ,5,,Э5-11/6,Бебенина А. А.,2026-12-25,5,17,числитель,false,семинар,255л
Математический анализ,6,,Э5-13/6,Бебенина А. А.,2026-12-25,5,17,числитель,false,семинар,917л
Математический анализ,2,,Э11-11/6,Бебенина А. А.,2026-12-26,6,17,числитель,false,семинар,820л
Дифференциальные уравнения,3,,ФН11-32Б,Бебенина А. А.,2026-12-26,6,17,числитель,false,семинар,924л
Математический анализ,4,,Э5-13/6,Бебенина А. А.,2026-12-26,6,17,числитель,false,семинар,731л
Математический анализ,4,,Э11-11/6,Бебенина А. А.,2026-12-30,3,18,знаменатель,false,семинар,145л
Аналитическая геометрия,5,,Э8-13/6,Бебенина А. А.,2026-12-30,3,18,знаменатель,false,семинар,830л
Аналитическая геометрия,6,,ФН4-12/6,Бебенина А. А.,2026-12-30,3,18,знаменатель,false,семинар,727л
Уравнения математической физики,4,,Э7-52,Белоконь А. И.,2026-09-05,6,1,числитель,false,семинар,411э
Уравнения математической физики,1,,Э7-51,Белоконь А. И.,2026-09-12,6,2,знаменатель,false,семинар,411э
Уравнения математической физики,4,,Э4-51,Белоконь А. И.,2026-09-12,6,2,знаменатель,false,семинар,415э
Уравнения математической физики,4,,Э4-51(+3),Белоконь А. И.,2026-09-12,6,2,знаменатель,false,лекция,525э
Уравнения математической физики,5,,Э4-52,Белоконь А. И.,2026-09-12,6,2,знаменатель,false,семинар,311э
Уравнения математической физики,4,,Э7-52,Белоконь А. И.,2026-09-19,6,3,числитель,false,семинар,411э
Уравнения математической физики,1,,Э7-51,Белоконь А. И.,2026-09-26,6,4,знаменатель,false,семинар,411э
Уравнения математической физики,4,,Э4-51,Белоконь А. И.,2026-09-26,6,4,знаменатель,false,семинар,415э
Уравнения математической физики,4,,Э4-51(+3),Белоконь А. И.,2026-09-26,6,4,знаменатель,false,лекция,525э
Уравнения математической физики,5,,Э4-52,Белоконь А. И.,2026-09-26,6,4,знаменатель,false,семинар,311э
Уравнения математической физики,4,,Э7-52,Белоконь А. И.,2026-10-03,6,5,числитель,false,семинар,411э
Уравнения математической физики,1,,Э7-51,Белоконь А. И.,2026-10-10,6,6,знаменатель,false,семинар,411э
Уравнения математической физики,4,,Э4-51,Белоконь А. И.,2026-10-10,6,6,знаменатель,false,семинар,415э
Уравнения математической физики,4,,Э4-51(+3),Белоконь А. И.,2026-10-10,6,6,знаменатель,false,лекция,525э
Уравнения математической физики,5,,Э4-52,Белоконь А. И.,2026-10-10,6,6,знаменатель,false,семинар,311э
Уравнения математической физики,4,,Э7-52,Белоконь А. И.,2026-10-17,6,7,числитель,false,семинар,411э
Уравнения математической физики,1,,Э7-51,Белоконь А. И.,2026-10-24,6,8,знаменатель,false,семинар,411э
Уравнения математической физики,4,,Э4-51,Белоконь А. И.,2026-10-24,6,8,знаменатель,false,семинар,415э
Уравнения математической физики,4,,Э4-51(+3),Белоконь А. И.,2026-10-24,6,8,знаменатель,false,лекция,525э
Уравнения математической физики,5,,Э4-52,Белоконь А. И.,2026-10-24,6,8,знаменатель,false,семинар,311э
Уравнения математической физики,4,,Э7-52,Белоконь А. И.,2026-10-31,6,9,числитель,false,семинар,411э
Уравнения математической физики,1,,Э7-51,Белоконь А. И.,2026-11-07,6,10,знаменатель,false,семинар,411э
Уравнения математической физики,4,,Э4-51,Белоконь А. И.,2026-11-07,6,10,знаменатель,false,семинар,415э
Уравнения математической физики,4,,Э4-51(+3),Белоконь А. И.,2026-11-07,6,10,знаменатель,false,лекция,525э
Уравнения математической физики,5,,Э4-52,Белоконь А. И.,2026-11-07,6,10,знаменатель,false,семинар,311э
Уравнения математической физики,4,,Э7-52,Белоконь А. И.,2026-11-14,6,11,числитель,false,семинар,411э
Уравнения математической физики,1,,Э7-51,Белоконь А. И.,2026-11-21,6,12,знаменатель,false,семинар,411э
Уравнения математической физики,4,,Э4-51,Белоконь А. И.,2026-11-21,6,12,знаменатель,false,семинар,415э
Уравнения математической физики,4,,Э4-51(+3),Белоконь А. И.,2026-11-21,6,12,знаменатель,false,лекция,525э
Уравнения математической физики,5,,Э4-52,Белоконь А. И.,2026-11-21,6,12,знаменатель,false,семинар,311э
Уравнения математической физики,4,,Э7-52,Белоконь А. И.,2026-11-28,6,13,числитель,false,семинар,411э
Уравнения математической физики,1,,Э7-51,Белоконь А. И.,2026-12-05,6,14,знаменатель,false,семинар,411э
Уравнения математической физики,4,,Э4-51,Белоконь А. И.,2026-12-05,6,14,знаменатель,false,семинар,415э
Уравнения математической физики,4,,Э4-51(+3),Белоконь А. И.,2026-12-05,6,14,знаменатель,false,лекция,525э
Уравнения математической физики,5,,Э4-52,Белоконь А. И.,2026-12-05,6,14,знаменатель,false,семинар,311э
Уравнения математической физики,4,,Э7-52,Белоконь А. И.,2026-12-12,6,15,числитель,false,семинар,411э
Уравнения математической физики,1,,Э7-51,Белоконь А. И.,2026-12-19,6,16,знаменатель,false,семинар,411э
Уравнения математической физики,4,,Э4-51,Белоконь А. И.,2026-12-19,6,16,знаменатель,false,семинар,415э
Уравнения математической физики,4,,Э4-51(+3),Белоконь А. И.,2026-12-19,6,16,знаменатель,false,лекция,525э
Уравнения математической физики,5,,Э4-52,Белоконь А. И.,2026-12-19,6,16,знаменатель,false,семинар,311э
Уравнения математической физики,4,,Э7-52,Белоконь А. И.,2026-12-26,6,17,числитель,false,семинар,411э
Компьютерное и статистическое моделирование,2,,ФН11-74Б,Белотелов Н. В.,2026-09-01,2,1,числитель,false,семинар,924л
Компьютерное и статистическое моделирование,3,,ФН11-71Б(+2),Белотелов Н. В.,2026-09-01,2,1,числитель,false,лекция,935л
Математический анализ,3,,Э8-13/6,Белотелов Н. В.,2026-09-02,3,1,числитель,false,семинар,935л
Компьютерное и статистическое моделирование,2,,ФН11-71Б,Белотелов Н. В.,2026-09-03,4,1,числитель,false,семинар,935л
Компьютерное и статистическое моделирование,3,,ФН11-72Б,Белотелов Н. В.,2026-09-03,4,1,числитель,false,семинар,834л
Компьютерное и статистическое моделирование,2,,ФН11-74Б,Белотелов Н. В.,2026-09-08,2,2,знаменатель,false,семинар,924л
Компьютерное и статистическое моделирование,3,,ФН11-71Б(+2),Белотелов Н. В.,2026-09-08,2,2,знаменатель,false,лекция,935л
Математический анализ,2,,Э8-13/6,Белотелов Н. В.,2026-09-09,3,2,знаменатель,false,семинар,832л
Математический анализ,3,,Э8-13/6,Белотелов Н. В.,2026-09-09,3,2,знаменатель,false,семинар,935л
Компьютерное и статистическое моделирование,2,,ФН11-71Б,Белотелов Н. В.,2026-09-10,4,2,знаменатель,false,семинар,935л
Компьютерное и статистическое моделирование,3,,ФН11-72Б,Белотелов Н. В.,2026-09-10,4,2,знаменатель,false,семинар,834л
Компьютерное и статистическое моделирование,2,,ФН11-74Б,Белотелов Н. В.,2026-09-15,2,3,числитель,false,семинар,924л
Компьютерное и статистическое моделирование,3,,ФН11-71Б(+2),Белотелов Н. В.,2026-09-15,2,3,числитель,false,лекция,935л
Математический анализ,3,,Э8-13/6,Белотелов Н. В.,2026-09-16,3,3,числитель,false,семинар,935л
Компьютерное и статистическое моделирование,2,,ФН11-71Б,Белотелов Н. В.,2026-09-17,4,3,числитель,false,семинар,935л
Компьютерное и статистическое моделирование,3,,ФН11-72Б,Белотелов Н. В.,2026-09-17,4,3,числитель,false,семинар,834л
Компьютерное и статистическое моделирование,2,,ФН11-74Б,Белотелов Н. В.,2026-09-22,2,4,знаменатель,false,семинар,924л
Компьютерное и статистическое моделирование,3,,ФН11-71Б(+2),Белотелов Н. В.,2026-09-22,2,4,знаменатель,false,лекция,935л
Математический анализ,2,,Э8-13/6,Белотелов Н. В.,2026-09-23,3,4,знаменатель,false,семинар,832л
Математический анализ,3,,Э8-13/6,Белотелов Н. В.,2026-09-23,3,4,знаменатель,false,семинар,935л
Компьютерное и статистическое моделирование,2,,ФН11-71Б,Белотелов Н. В.,2026-09-24,4,4,знаменатель,false,семинар,935л
Компьютерное и статистическое моделирование,3,,ФН11-72Б,Белотелов Н. В.,2026-09-24,4,4,знаменатель,false,семинар,834л
Компьютерное и статистическое моделирование,2,,ФН11-74Б,Белотелов Н. В.,2026-09-29,2,5,числитель,false,семинар,924л
Компьютерное и статистическое моделирование,3,,ФН11-71Б(+2),Белотелов Н. В.,2026-09-29,2,5,числитель,false,лекция,935л
Математический анализ,3,,Э8-13/6,Белотелов Н. В.,2026-09-30,3,5,числитель,false,семинар,935л
Компьютерное и статистическое моделирование,2,,ФН11-71Б,Белотелов Н. В.,2026-10-01,4,5,числитель,false,семинар,935л
Компьютерное и статистическое моделирование,3,,ФН11-72Б,Белотелов Н. В.,2026-10-01,4,5,числитель,false,семинар,834л
Компьютерное и статистическое моделирование,2,,ФН11-74Б,Белотелов Н. В.,2026-10-06,2,6,знаменатель,false,семинар,924л
Компьютерное и статистическое моделирование,3,,ФН11-71Б(+2),Белотелов Н. В.,2026-10-06,2,6,знаменатель,false,лекция,935л
Математический анализ,2,,Э8-13/6,Белотелов Н. В.,2026-10-07,3,6,знаменатель,false,семинар,832л
Математический анализ,3,,Э8-13/6,Белотелов Н. В.,2026-10-07,3,6,знаменатель,false,семинар,935л
Компьютерное и статистическое моделирование,2,,ФН11-71Б,Белотелов Н. В.,2026-10-08,4,6,знаменатель,false,семинар,935л
Компьютерное и статистическое моделирование,3,,ФН11-72Б,Белотелов Н. В.,2026-10-08,4,6,знаменатель,false,семинар,834л
Компьютерное и статистическое моделирование,2,,ФН11-74Б,Белотелов Н. В.,2026-10-13,2,7,числитель,false,семинар,924л
Компьютерное и статистическое моделирование,3,,ФН11-71Б(+2),Белотелов Н. В.,2026-10-13,2,7,числитель,false,лекция,935л
Математический анализ,3,,Э8-13/6,Белотелов Н. В.,2026-10-14,3,7,числитель,false,семинар,935л
Компьютерное и статистическое моделирование,2,,ФН11-71Б,Белотелов Н. В.,2026-10-15,4,7,числитель,false,семинар,935л
Компьютерное и статистическое моделирование,3,,ФН11-72Б,Белотелов Н. В.,2026-10-15,4,7,числитель,false,семинар,834л
Компьютерное и статистическое моделирование,2,,ФН11-74Б,Белотелов Н. В.,2026-10-20,2,8,знаменатель,false,семинар,924л
Компьютерное и статистическое моделирование,3,,ФН11-71Б(+2),Белотелов Н. В.,2026-10-20,2,8,знаменатель,false,лекция,935л
Математический анализ,2,,Э8-13/6,Белотелов Н. В.,2026-10-21,3,8,знаменатель,false,семинар,832л
Математический анализ,3,,Э8-13/6,Белотелов Н. В.,2026-10-21,3,8,знаменатель,false,семинар,935л
Компьютерное и статистическое моделирование,2,,ФН11-71Б,Белотелов Н. В.,2026-10-22,4,8,знаменатель,false,семинар,935л
Компьютерное и статистическое моделирование,3,,ФН11-72Б,Белотелов Н. В.,2026-10-22,4,8,знаменатель,false,семинар,834л
Компьютерное и статистическое моделирование,2,,ФН11-74Б,Белотелов Н. В.,2026-10-27,2,9,числитель,false,семинар,924л
Компьютерное и статистическое моделирование,3,,ФН11-71Б(+2),Белотелов Н. В.,2026-10-27,2,9,числитель,false,лекция,935л
Математический анализ,3,,Э8-13/6,Белотелов Н. В.,2026-10-28,3,9,числитель,false,семинар,935л
Компьютерное и статистическое моделирование,2,,ФН11-71Б,Белотелов Н. В.,2026-10-29,4,9,числитель,false,семинар,935л
Компьютерное и статистическое моделирование,3,,ФН11-72Б,Белотелов Н. В.,2026-10-29,4,9,числитель,false,семинар,834л
Компьютерное и статистическое моделирование,2,,ФН11-74Б,Белотелов Н. В.,2026-11-03,2,10,знаменатель,false,семинар,924л
Компьютерное и статистическое моделирование,3,,ФН11-71Б(+2),Белотелов Н. В.,2026-11-03,2,10,знаменатель,false,лекция,935л
Математический анализ,2,,Э8-13/6,Белотелов Н. В.,2026-11-04,3,10,знаменатель,false,семинар,832л
Математический анализ,3,,Э8-13/6,Белотелов Н. В.,2026-11-04,3,10,знаменатель,false,семинар,935л
Компьютерное и статистическое моделирование,2,,ФН11-71Б,Белотелов Н. В.,2026-11-05,4,10,знаменатель,false,семинар,935л
Компьютерное и статистическое моделирование,3,,ФН11-72Б,Белотелов Н. В.,2026-11-05,4,10,знаменатель,false,семинар,834л
Компьютерное и статистическое моделирование,2,,ФН11-74Б,Белотелов Н. В.,2026-11-10,2,11,числитель,false,семинар,924л
Компьютерное и статистическое моделирование,3,,ФН11-71Б(+2),Белотелов Н. В.,2026-11-10,2,11,числитель,false,лекция,935л
Математический анализ,3,,Э8-13/6,Белотелов Н. В.,2026-11-11,3,11,числитель,false,семинар,935л
Компьютерное и статистическое моделирование,2,,ФН11-71Б,Белотелов Н. В.,2026-11-12,4,11,числитель,false,семинар,935л
Компьютерное и статистическое моделирование,3,,ФН11-72Б,Белотелов Н. В.,2026-11-12,4,11,числитель,false,семинар,834л
Компьютерное и статистическое моделирование,2,,ФН11-74Б,Белотелов Н. В.,2026-11-17,2,12,знаменатель,false,семинар,924л
Компьютерное и статистическое моделирование,3,,ФН11-71Б(+2),Белотелов Н. В.,2026-11-17,2,12,знаменатель,false,лекция,935л
Математический анализ,2,,Э8-13/6,Белотелов Н. В.,2026-11-18,3,12,знаменатель,false,семинар,832л
Математический анализ,3,,Э8-13/6,Белотелов Н. В.,2026-11-18,3,12,знаменатель,false,семинар,935л
Компьютерное и статистическое моделирование,2,,ФН11-71Б,Белотелов Н. В.,2026-11-19,4,12,знаменатель,false,семинар,935л
Компьютерное и статистическое моделирование,3,,ФН11-72Б,Белотелов Н. В.,2026-11-19,4,12,знаменатель,false,семинар,834л
Компьютерное и статистическое моделирование,2,,ФН11-74Б,Белотелов Н. В.,2026-11-24,2,13,числитель,false,семинар,924л
Компьютерное и статистическое моделирование,3,,ФН11-71Б(+2),Белотелов Н. В.,2026-11-24,2,13,числитель,false,лекция,935л
Математический анализ,3,,Э8-13/6,Белотелов Н. В.,2026-11-25,3,13,числитель,false,семинар,935л
Компьютерное и статистическое моделирование,2,,ФН11-71Б,Белотелов Н. В.,2026-11-26,4,13,числитель,false,семинар,935л
Компьютерное и статистическое моделирование,3,,ФН11-72Б,Белотелов Н. В.,2026-11-26,4,13,числитель,false,семинар,834л
Компьютерное и статистическое моделирование,2,,ФН11-74Б,Белотелов Н. В.,2026-12-01,2,14,знаменатель,false,семинар,924л
Компьютерное и статистическое моделирование,3,,ФН11-71Б(+2),Белотелов Н. В.,2026-12-01,2,14,знаменатель,false,лекция,935л
Математический анализ,2,,Э8-13/6,Белотелов Н. В.,2026-12-02,3,14,знаменатель,false,семинар,832л
Математический анализ,3,,Э8-13/6,Белотелов Н. В.,2026-12-02,3,14,знаменатель,false,семинар,935л
Компьютерное и статистическое моделирование,2,,ФН11-71Б,Белотелов Н. В.,2026-12-03,4,14,знаменатель,false,семинар,935л
Компьютерное и статистическое моделирование,3,,ФН11-72Б,Белотелов Н. В.,2026-12-03,4,14,знаменатель,false,семинар,834л
Компьютерное и статистическое моделирование,2,,ФН11-74Б,Белотелов Н. В.,2026-12-08,2,15,числитель,false,семинар,924л
Компьютерное и статистическое моделирование,3,,ФН11-71Б(+2),Белотелов Н. В.,2026-12-08,2,15,числитель,false,лекция,935л
Математический анализ,3,,Э8-13/6,Белотелов Н. В.,2026-12-09,3,15,числитель,false,семинар,935л
Компьютерное и статистическое моделирование,2,,ФН11-71Б,Белотелов Н. В.,2026-12-10,4,15,числитель,false,семинар,935л
Компьютерное и статистическое моделирование,3,,ФН11-72Б,Белотелов Н. В.,2026-12-10,4,15,числитель,false,семинар,834л
Компьютерное и статистическое моделирование,2,,ФН11-74Б,Белотелов Н. В.,2026-12-15,2,16,знаменатель,false,семинар,924л
Компьютерное и статистическое моделирование,3,,ФН11-71Б(+2),Белотелов Н. В.,2026-12-15,2,16,знаменатель,false,лекция,935л
Математический анализ,2,,Э8-13/6,Белотелов Н. В.,2026-12-16,3,16,знаменатель,false,семинар,832л
Математический анализ,3,,Э8-13/6,Белотелов Н. В.,2026-12-16,3,16,знаменатель,false,семинар,935л
Компьютерное и статистическое моделирование,2,,ФН11-71Б,Белотелов Н. В.,2026-12-17,4,16,знаменатель,false,семинар,935л
Компьютерное и статистическое моделирование,3,,ФН11-72Б,Белотелов Н. В.,2026-12-17,4,16,знаменатель,false,семинар,834л
Компьютерное и статистическое моделирование,2,,ФН11-74Б,Белотелов Н. В.,2026-12-22,2,17,числитель,false,семинар,924л
Компьютерное и статистическое моделирование,3,,ФН11-71Б(+2),Белотелов Н. В.,2026-12-22,2,17,числитель,false,лекция,935л
Математический анализ,3,,Э8-13/6,Белотелов Н. В.,2026-12-23,3,17,числитель,false,семинар,935л
Компьютерное и статистическое моделирование,2,,ФН11-71Б,Белотелов Н. В.,2026-12-24,4,17,числитель,false,семинар,935л
Компьютерное и статистическое моделирование,3,,ФН11-72Б,Белотелов Н. В.,2026-12-24,4,17,числитель,false,семинар,834л
Компьютерное и статистическое моделирование,2,,ФН11-74Б,Белотелов Н. В.,2026-12-29,2,18,знаменатель,false,семинар,924л
Компьютерное и статистическое моделирование,3,,ФН11-71Б(+2),Белотелов Н. В.,2026-12-29,2,18,знаменатель,false,лекция,935л
Математический анализ,2,,Э8-13/6,Белотелов Н. В.,2026-12-30,3,18,знаменатель,false,семинар,832л
Математический анализ,3,,Э8-13/6,Белотелов Н. В.,2026-12-30,3,18,знаменатель,false,семинар,935л
Компьютерное и статистическое моделирование,2,,ФН11-71Б,Белотелов Н. В.,2026-12-31,4,18,знаменатель,false,семинар,935л
Компьютерное и статистическое моделирование,3,,ФН11-72Б,Белотелов Н. В.,2026-12-31,4,18,знаменатель,false,семинар,834л
Основы программирования на С++,3,,ФН11-32Б,Богданов И. О.,2026-09-01,2,1,числитель,false,семинар,918л
Основы программирования на С++,6,,ФН11-31Б,Богданов И. О.,2026-09-01,2,1,числитель,false,семинар,918л
Основы программирования на С++,3,,ФН11-32Б,Богданов И. О.,2026-09-08,2,2,знаменатель,false,семинар,918л
Основы программирования на С++,5,,ФН11-31Б(+4),Богданов И. О.,2026-09-08,2,2,знаменатель,false,лекция,212л
Основы программирования на С++,7,,ФН11-31Б,Богданов И. О.,2026-09-08,2,2,знаменатель,false,семинар,935л
Основы программирования на С++,3,,ФН11-32Б,Богданов И. О.,2026-09-15,2,3,числитель,false,семинар,918л
Основы программирования на С++,6,,ФН11-31Б,Богданов И. О.,2026-09-15,2,3,числитель,false,семинар,918л
Основы программирования на С++,3,,ФН11-32Б,Богданов И. О.,2026-09-22,2,4,знаменатель,false,семинар,918л
Основы программирования на С++,5,,ФН11-31Б(+4),Богданов И. О.,2026-09-22,2,4,знаменатель,false,лекция,212л
Основы программирования на С++,7,,ФН11-31Б,Богданов И. О.,2026-09-22,2,4,знаменатель,false,семинар,935л
Основы программирования на С++,3,,ФН11-32Б,Богданов И. О.,2026-09-29,2,5,числитель,false,семинар,918л
Основы программирования на С++,6,,ФН11-31Б,Богданов И. О.,2026-09-29,2,5,числитель,false,семинар,918л
Основы программирования на С++,3,,ФН11-32Б,Богданов И. О.,2026-10-06,2,6,знаменатель,false,семинар,918л
Основы программирования на С++,5,,ФН11-31Б(+4),Богданов И. О.,2026-10-06,2,6,знаменатель,false,лекция,212л
Основы программирования на С++,7,,ФН11-31Б,Богданов И. О.,2026-10-06,2,6,знаменатель,false,семинар,935л
Основы программирования на С++,3,,ФН11-32Б,Богданов И. О.,2026-10-13,2,7,числитель,false,семинар,918л
Основы программирования на С++,6,,ФН11-31Б,Богданов И. О.,2026-10-13,2,7,числитель,false,семинар,918л
Основы программирования на С++,3,,ФН11-32Б,Богданов И. О.,2026-10-20,2,8,знаменатель,false,семинар,918л
Основы программирования на С++,5,,ФН11-31Б(+4),Богданов И. О.,2026-10-20,2,8,знаменатель,false,лекция,212л
Основы программирования на С++,7,,ФН11-31Б,Богданов И. О.,2026-10-20,2,8,знаменатель,false,семинар,935л
Основы программирования на С++,3,,ФН11-32Б,Богданов И. О.,2026-10-27,2,9,числитель,false,семинар,918л
Основы программирования на С++,6,,ФН11-31Б,Богданов И. О.,2026-10-27,2,9,числитель,false,семинар,918л
Основы программирования на С++,3,,ФН11-32Б,Богданов И. О.,2026-11-03,2,10,знаменатель,false,семинар,918л
Основы программирования на С++,5,,ФН11-31Б(+4),Богданов И. О.,2026-11-03,2,10,знаменатель,false,лекция,212л
Основы программирования на С++,7,,ФН11-31Б,Богданов И. О.,2026-11-03,2,10,знаменатель,false,семинар,935л
Основы программирования на С++,3,,ФН11-32Б,Богданов И. О.,2026-11-10,2,11,числитель,false,семинар,918л
Основы программирования на С++,6,,ФН11-31Б,Богданов И. О.,2026-11-10,2,11,числитель,false,семинар,918л
Основы программирования на С++,3,,ФН11-32Б,Богданов И. О.,2026-11-17,2,12,знаменатель,false,семинар,918л
Основы программирования на С++,5,,ФН11-31Б(+4),Богданов И. О.,2026-11-17,2,12,знаменатель,false,лекция,212л
Основы программирования на С++,7,,ФН11-31Б,Богданов И. О.,2026-11-17,2,12,знаменатель,false,семинар,935л
Основы программирования на С++,3,,ФН11-32Б,Богданов И. О.,2026-11-24,2,13,числитель,false,семинар,918л
Основы программирования на С++,6,,ФН11-31Б,Богданов И. О.,2026-11-24,2,13,числитель,false,семинар,918л
Основы программирования на С++,3,,ФН11-32Б,Богданов И. О.,2026-12-01,2,14,знаменатель,false,семинар,918л
Основы программирования на С++,5,,ФН11-31Б(+4),Богданов И. О.,2026-12-01,2,14,знаменатель,false,лекция,212л
Основы программирования на С++,7,,ФН11-31Б,Богданов И. О.,2026-12-01,2,14,знаменатель,false,семинар,935л
Основы программирования на С++,3,,ФН11-32Б,Богданов И. О.,2026-12-08,2,15,числитель,false,семинар,918л
Основы программирования на С++,6,,ФН11-31Б,Богданов И. О.,2026-12-08,2,15,числитель,false,семинар,918л
Основы программирования на С++,3,,ФН11-32Б,Богданов И. О.,2026-12-15,2,16,знаменатель,false,семинар,918л
Основы программирования на С++,5,,ФН11-31Б(+4),Богданов И. О.,2026-12-15,2,16,знаменатель,false,лекция,212л
Основы программирования на С++,7,,ФН11-31Б,Богданов И. О.,2026-12-15,2,16,знаменатель,false,семинар,935л
Основы программирования на С++,3,,ФН11-32Б,Богданов И. О.,2026-12-22,2,17,числитель,false,семинар,918л
Основы программирования на С++,6,,ФН11-31Б,Богданов И. О.,2026-12-22,2,17,числитель,false,семинар,918л
Основы программирования на С++,3,,ФН11-32Б,Богданов И. О.,2026-12-29,2,18,знаменатель,false,семинар,918л
Основы программирования на С++,5,,ФН11-31Б(+4),Богданов И. О.,2026-12-29,2,18,знаменатель,false,лекция,212л
Основы программирования на С++,7,,ФН11-31Б,Богданов И. О.,2026-12-29,2,18,знаменатель,false,семинар,935л
Теория вероятностей и математическая статистика,2,,АК3-51Б,Валишин А. А.,2026-09-03,4,1,числитель,false,лекция,ПП
Теория вероятностей и математическая статистика,3,,АК3-51Б,Валишин А. А.,2026-09-03,4,1,числитель,false,семинар,ПП
Теория вероятностей и математическая статистика,2,,АК3-51Б,Валишин А. А.,2026-09-10,4,2,знаменатель,false,лекция,ПП
Теория вероятностей и математическая статистика,3,,АК3-51Б,Валишин А. А.,2026-09-10,4,2,знаменатель,false,семинар,ПП
Зад тепл в мех комп,6,,ФН11-31М,Валишин А. А.,2026-09-11,5,2,знаменатель,false,лекция,617л
Зад тепл в мех комп,7,,ФН11-31М,Валишин А. А.,2026-09-11,5,2,знаменатель,false,семинар,617л
Теория вероятностей и математическая статистика,2,,АК3-51Б,Валишин А. А.,2026-09-17,4,3,числитель,false,лекция,ПП
Теория вероятностей и математическая статистика,3,,АК3-51Б,Валишин А. А.,2026-09-17,4,3,числитель,false,семинар,ПП
Теория вероятностей и математическая статистика,2,,АК3-51Б,Валишин А. А.,2026-09-24,4,4,знаменатель,false,лекция,ПП
Теория вероятностей и математическая статистика,3,,АК3-51Б,Валишин А. А.,2026-09-24,4,4,знаменатель,false,семинар,ПП
Зад тепл в мех комп,6,,ФН11-31М,Валишин А. А.,2026-09-25,5,4,знаменатель,false,лекция,617л
Зад тепл в мех комп,7,,ФН11-31М,Валишин А. А.,2026-09-25,5,4,знаменатель,false,семинар,617л
Теория вероятностей и математическая статистика,2,,АК3-51Б,Валишин А. А.,2026-10-01,4,5,числитель,false,лекция,ПП
Теория вероятностей и математическая статистика,3,,АК3-51Б,Валишин А. А.,2026-10-01,4,5,числитель,false,семинар,ПП
Теория вероятностей и математическая статистика,2,,АК3-51Б,Валишин А. А.,2026-10-08,4,6,знаменатель,false,лекция,ПП
Теория вероятностей и математическая статистика,3,,АК3-51Б,Валишин А. А.,2026-10-08,4,6,знаменатель,false,семинар,ПП
Зад тепл в мех комп,6,,ФН11-31М,Валишин А. А.,2026-10-09,5,6,знаменатель,false,лекция,617л
Зад тепл в мех комп,7,,ФН11-31М,Валишин А. А.,2026-10-09,5,6,знаменатель,false,семинар,617л
Теория вероятностей и математическая статистика,2,,АК3-51Б,Валишин А. А.,2026-10-15,4,7,числитель,false,лекция,ПП
Теория вероятностей и математическая статистика,3,,АК3-51Б,Валишин А. А.,2026-10-15,4,7,числитель,false,семинар,ПП
Теория вероятностей и математическая статистика,2,,АК3-51Б,Валишин А. А.,2026-10-22,4,8,знаменатель,false,лекция,ПП
Теория вероятностей и математическая статистика,3,,АК3-51Б,Валишин А. А.,2026-10-22,4,8,знаменатель,false,семинар,ПП
Зад тепл в мех комп,6,,ФН11-31М,Валишин А. А.,2026-10-23,5,8,знаменатель,false,лекция,617л
Зад тепл в мех комп,7,,ФН11-31М,Валишин А. А.,2026-10-23,5,8,знаменатель,false,семинар,617л
Теория вероятностей и математическая статистика,2,,АК3-51Б,Валишин А. А.,2026-10-29,4,9,числитель,false,лекция,ПП
Теория вероятностей и математическая статистика,3,,АК3-51Б,Валишин А. А.,2026-10-29,4,9,числитель,false,семинар,ПП
Теория вероятностей и математическая статистика,2,,АК3-51Б,Валишин А. А.,2026-11-05,4,10,знаменатель,false,лекция,ПП
Теория вероятностей и математическая статистика,3,,АК3-51Б,Валишин А. А.,2026-11-05,4,10,знаменатель,false,семинар,ПП
Зад тепл в мех комп,6,,ФН11-31М,Валишин А. А.,2026-11-06,5,10,знаменатель,false,лекция,617л
Зад тепл в мех комп,7,,ФН11-31М,Валишин А. А.,2026-11-06,5,10,знаменатель,false,семинар,617л
Теория вероятностей и математическая статистика,2,,АК3-51Б,Валишин А. А.,2026-11-12,4,11,числитель,false,лекция,ПП
Теория вероятностей и математическая статистика,3,,АК3-51Б,Валишин А. А.,2026-11-12,4,11,числитель,false,семинар,ПП
Теория вероятностей и математическая статистика,2,,АК3-51Б,Валишин А. А.,2026-11-19,4,12,знаменатель,false,лекция,ПП
Теория вероятностей и математическая статистика,3,,АК3-51Б,Валишин А. А.,2026-11-19,4,12,знаменатель,false,семинар,ПП
Зад тепл в мех комп,6,,ФН11-31М,Валишин А. А.,2026-11-20,5,12,знаменатель,false,лекция,617л
Зад тепл в мех комп,7,,ФН11-31М,Валишин А. А.,2026-11-20,5,12,знаменатель,false,семинар,617л
Теория вероятностей и математическая статистика,2,,АК3-51Б,Валишин А. А.,2026-11-26,4,13,числитель,false,лекция,ПП
Теория вероятностей и математическая статистика,3,,АК3-51Б,Валишин А. А.,2026-11-26,4,13,числитель,false,семинар,ПП
Теория вероятностей и математическая статистика,2,,АК3-51Б,Валишин А. А.,2026-12-03,4,14,знаменатель,false,лекция,ПП
Теория вероятностей и математическая статистика,3,,АК3-51Б,Валишин А. А.,2026-12-03,4,14,знаменатель,false,семинар,ПП
Зад тепл в мех комп,6,,ФН11-31М,Валишин А. А.,2026-12-04,5,14,знаменатель,false,лекция,617л
Зад тепл в мех комп,7,,ФН11-31М,Валишин А. А.,2026-12-04,5,14,знаменатель,false,семинар,617л
Теория вероятностей и математическая статистика,2,,АК3-51Б,Валишин А. А.,2026-12-10,4,15,числитель,false,лекция,ПП
Теория вероятностей и математическая статистика,3,,АК3-51Б,Валишин А. А.,2026-12-10,4,15,числитель,false,семинар,ПП
Теория вероятностей и математическая статистика,2,,АК3-51Б,Валишин А. А.,2026-12-17,4,16,знаменатель,false,лекция,ПП
Теория вероятностей и математическая статистика,3,,АК3-51Б,Валишин А. А.,2026-12-17,4,16,знаменатель,false,семинар,ПП
Зад тепл в мех комп,6,,ФН11-31М,Валишин А. А.,2026-12-18,5,16,знаменатель,false,лекция,617л
Зад тепл в мех комп,7,,ФН11-31М,Валишин А. А.,2026-12-18,5,16,знаменатель,false,семинар,617л
Теория вероятностей и математическая статистика,2,,АК3-51Б,Валишин А. А.,2026-12-24,4,17,числитель,false,лекция,ПП
Теория вероятностей и математическая статистика,3,,АК3-51Б,Валишин А. А.,2026-12-24,4,17,числитель,false,семинар,ПП
Теория вероятностей и математическая статистика,2,,АК3-51Б,Валишин А. А.,2026-12-31,4,18,знаменатель,false,лекция,ПП
Теория вероятностей и математическая статистика,3,,АК3-51Б,Валишин А. А.,2026-12-31,4,18,знаменатель,false,семинар,ПП
Аналитическая геометрия,3,,Э8-14/6,Глотов А. А.,2026-09-02,3,1,числитель,false,семинар,623л
Аналитическая геометрия,4,,Э5-13/6,Глотов А. А.,2026-09-02,3,1,числитель,false,семинар,822л
Аналитическая геометрия,5,,Э8-12/6,Глотов А. А.,2026-09-02,3,1,числитель,false,семинар,731л
Аналитическая геометрия,4,,Э5-13/6,Глотов А. А.,2026-09-09,3,2,знаменатель,false,семинар,822л
Аналитическая геометрия,4,,Э8-14/6,Глотов А. А.,2026-09-09,3,2,знаменатель,false,семинар,818л
Аналитическая геометрия,5,,Э8-12/6,Глотов А. А.,2026-09-09,3,2,знаменатель,false,семинар,731л
Аналитическая геометрия,3,,Э8-14/6,Глотов А. А.,2026-09-16,3,3,числитель,false,семинар,623л
Аналитическая геометрия,4,,Э5-13/6,Глотов А. А.,2026-09-16,3,3,числитель,false,семинар,822л
Аналитическая геометрия,5,,Э8-12/6,Глотов А. А.,2026-09-16,3,3,числитель,false,семинар,731л
Аналитическая геометрия,4,,Э5-13/6,Глотов А. А.,2026-09-23,3,4,знаменатель,false,семинар,822л
Аналитическая геометрия,4,,Э8-14/6,Глотов А. А.,2026-09-23,3,4,знаменатель,false,семинар,818л
Аналитическая геометрия,5,,Э8-12/6,Глотов А. А.,2026-09-23,3,4,знаменатель,false,семинар,731л
Аналитическая геометрия,3,,Э8-14/6,Глотов А. А.,2026-09-30,3,5,числитель,false,семинар,623л
Аналитическая геометрия,4,,Э5-13/6,Глотов А. А.,2026-09-30,3,5,числитель,false,семинар,822л
Аналитическая геометрия,5,,Э8-12/6,Глотов А. А.,2026-09-30,3,5,числитель,false,семинар,731л
Аналитическая геометрия,4,,Э5-13/6,Глотов А. А.,2026-10-07,3,6,знаменатель,false,семинар,822л
Аналитическая геометрия,4,,Э8-14/6,Глотов А. А.,2026-10-07,3,6,знаменатель,false,семинар,818л
Аналитическая геометрия,5,,Э8-12/6,Глотов А. А.,2026-10-07,3,6,знаменатель,false,семинар,731л
Аналитическая геометрия,3,,Э8-14/6,Глотов А. А.,2026-10-14,3,7,числитель,false,семинар,623л
Аналитическая геометрия,4,,Э5-13/6,Глотов А. А.,2026-10-14,3,7,числитель,false,семинар,822л
Аналитическая геометрия,5,,Э8-12/6,Глотов А. А.,2026-10-14,3,7,числитель,false,семинар,731л
Аналитическая геометрия,4,,Э5-13/6,Глотов А. А.,2026-10-21,3,8,знаменатель,false,семинар,822л
Аналитическая геометрия,4,,Э8-14/6,Глотов А. А.,2026-10-21,3,8,знаменатель,false,семинар,818л
Аналитическая геометрия,5,,Э8-12/6,Глотов А. А.,2026-10-21,3,8,знаменатель,false,семинар,731л
Аналитическая геометрия,3,,Э8-14/6,Глотов А. А.,2026-10-28,3,9,числитель,false,семинар,623л
Аналитическая геометрия,4,,Э5-13/6,Глотов А. А.,2026-10-28,3,9,числитель,false,семинар,822л
Аналитическая геометрия,5,,Э8-12/6,Глотов А. А.,2026-10-28,3,9,числитель,false,семинар,731л
Аналитическая геометрия,4,,Э5-13/6,Глотов А. А.,2026-11-04,3,10,знаменатель,false,семинар,822л
Аналитическая геометрия,4,,Э8-14/6,Глотов А. А.,2026-11-04,3,10,знаменатель,false,семинар,818л
Аналитическая геометрия,5,,Э8-12/6,Глотов А. А.,2026-11-04,3,10,знаменатель,false,семинар,731л
Аналитическая геометрия,3,,Э8-14/6,Глотов А. А.,2026-11-11,3,11,числитель,false,семинар,623л
Аналитическая геометрия,4,,Э5-13/6,Глотов А. А.,2026-11-11,3,11,числитель,false,семинар,822л
Аналитическая геометрия,5,,Э8-12/6,Глотов А. А.,2026-11-11,3,11,числитель,false,семинар,731л
Аналитическая геометрия,4,,Э5-13/6,Глотов А. А.,2026-11-18,3,12,знаменатель,false,семинар,822л
Аналитическая геометрия,4,,Э8-14/6,Глотов А. А.,2026-11-18,3,12,знаменатель,false,семинар,818л
Аналитическая геометрия,5,,Э8-12/6,Глотов А. А.,2026-11-18,3,12,знаменатель,false,семинар,731л
Аналитическая геометрия,3,,Э8-14/6,Глотов А. А.,2026-11-25,3,13,числитель,false,семинар,623л
Аналитическая геометрия,4,,Э5-13/6,Глотов А. А.,2026-11-25,3,13,числитель,false,семинар,822л
Аналитическая геометрия,5,,Э8-12/6,Глотов А. А.,2026-11-25,3,13,числитель,false,семинар,731л
Аналитическая геометрия,4,,Э5-13/6,Глотов А. А.,2026-12-02,3,14,знаменатель,false,семинар,822л
Аналитическая геометрия,4,,Э8-14/6,Глотов А. А.,2026-12-02,3,14,знаменатель,false,семинар,818л
Аналитическая геометрия,5,,Э8-12/6,Глотов А. А.,2026-12-02,3,14,знаменатель,false,семинар,731л
Аналитическая геометрия,3,,Э8-14/6,Глотов А. А.,2026-12-09,3,15,числитель,false,семинар,623л
Аналитическая геометрия,4,,Э5-13/6,Глотов А. А.,2026-12-09,3,15,числитель,false,семинар,822л
Аналитическая геометрия,5,,Э8-12/6,Глотов А. А.,2026-12-09,3,15,числитель,false,семинар,731л
Аналитическая геометрия,4,,Э5-13/6,Глотов А. А.,2026-12-16,3,16,знаменатель,false,семинар,822л
Аналитическая геометрия,4,,Э8-14/6,Глотов А. А.,2026-12-16,3,16,знаменатель,false,семинар,818л
Аналитическая геометрия,5,,Э8-12/6,Глотов А. А.,2026-12-16,3,16,знаменатель,false,семинар,731л
Аналитическая геометрия,3,,Э8-14/6,Глотов А. А.,2026-12-23,3,17,числитель,false,семинар,623л
Аналитическая геометрия,4,,Э5-13/6,Глотов А. А.,2026-12-23,3,17,числитель,false,семинар,822л
Аналитическая геометрия,5,,Э8-12/6,Глотов А. А.,2026-12-23,3,17,числитель,false,семинар,731л
Аналитическая геометрия,4,,Э5-13/6,Глотов А. А.,2026-12-30,3,18,знаменатель,false,семинар,822л
Аналитическая геометрия,4,,Э8-14/6,Глотов А. А.,2026-12-30,3,18,знаменатель,false,семинар,818л
Аналитическая геометрия,5,,Э8-12/6,Глотов А. А.,2026-12-30,3,18,знаменатель,false,семинар,731л
Базы данных,3,,ФН11-32Б,Гумиргалиев Т. Р.,2026-09-11,5,2,знаменатель,false,семинар,237л
Базы данных,4,,ФН11-31Б(+4),Гумиргалиев Т. Р.,2026-09-11,5,2,знаменатель,false,лекция,212л
Базы данных,5,,ФН11-31Б,Гумиргалиев Т. Р.,2026-09-11,5,2,знаменатель,false,семинар,918л
Базы данных,3,,ФН11-32Б,Гумиргалиев Т. Р.,2026-09-25,5,4,знаменатель,false,семинар,237л
Базы данных,4,,ФН11-31Б(+4),Гумиргалиев Т. Р.,2026-09-25,5,4,знаменатель,false,лекция,212л
Базы данных,5,,ФН11-31Б,Гумиргалиев Т. Р.,2026-09-25,5,4,знаменатель,false,семинар,918л
Базы данных,3,,ФН11-32Б,Гумиргалиев Т. Р.,2026-10-09,5,6,знаменатель,false,семинар,237л
Базы данных,4,,ФН11-31Б(+4),Гумиргалиев Т. Р.,2026-10-09,5,6,знаменатель,false,лекция,212л
Базы данных,5,,ФН11-31Б,Гумиргалиев Т. Р.,2026-10-09,5,6,знаменатель,false,семинар,918л
Базы данных,3,,ФН11-32Б,Гумиргалиев Т. Р.,2026-10-23,5,8,знаменатель,false,семинар,237л
Базы данных,4,,ФН11-31Б(+4),Гумиргалиев Т. Р.,2026-10-23,5,8,знаменатель,false,лекция,212л
Базы данных,5,,ФН11-31Б,Гумиргалиев Т. Р.,2026-10-23,5,8,знаменатель,false,семинар,918л
Базы данных,3,,ФН11-32Б,Гумиргалиев Т. Р.,2026-11-06,5,10,знаменатель,false,семинар,237л
Базы данных,4,,ФН11-31Б(+4),Гумиргалиев Т. Р.,2026-11-06,5,10,знаменатель,false,лекция,212л
Базы данных,5,,ФН11-31Б,Гумиргалиев Т. Р.,2026-11-06,5,10,знаменатель,false,семинар,918л
Базы данных,3,,ФН11-32Б,Гумиргалиев Т. Р.,2026-11-20,5,12,знаменатель,false,семинар,237л
Базы данных,4,,ФН11-31Б(+4),Гумиргалиев Т. Р.,2026-11-20,5,12,знаменатель,false,лекция,212л
Базы данных,5,,ФН11-31Б,Гумиргалиев Т. Р.,2026-11-20,5,12,знаменатель,false,семинар,918л
Базы данных,3,,ФН11-32Б,Гумиргалиев Т. Р.,2026-12-04,5,14,знаменатель,false,семинар,237л
Базы данных,4,,ФН11-31Б(+4),Гумиргалиев Т. Р.,2026-12-04,5,14,знаменатель,false,лекция,212л
Базы данных,5,,ФН11-31Б,Гумиргалиев Т. Р.,2026-12-04,5,14,знаменатель,false,семинар,918л
Базы данных,3,,ФН11-32Б,Гумиргалиев Т. Р.,2026-12-18,5,16,знаменатель,false,семинар,237л
Базы данных,4,,ФН11-31Б(+4),Гумиргалиев Т. Р.,2026-12-18,5,16,знаменатель,false,лекция,212л
Базы данных,5,,ФН11-31Б,Гумиргалиев Т. Р.,2026-12-18,5,16,знаменатель,false,семинар,918л
Основы метода конечных элементов,1,,ФН11-74Б,Давыдов К. Э.,2026-09-05,6,1,числитель,false,семинар,918л
Основы программирования на С++,2,,ФН11-33Б,Давыдов К. Э.,2026-09-05,6,1,числитель,false,семинар,113л
Основы метода конечных элементов,3,,ФН11-72Б,Давыдов К. Э.,2026-09-05,6,1,числитель,false,семинар,257л
Основы метода конечных элементов,1,,ФН11-74Б,Давыдов К. Э.,2026-09-12,6,2,знаменатель,false,семинар,918л
Основы программирования на С++,2,,ФН11-33Б,Давыдов К. Э.,2026-09-12,6,2,знаменатель,false,семинар,113л
Основы метода конечных элементов,3,,ФН11-72Б,Давыдов К. Э.,2026-09-12,6,2,знаменатель,false,семинар,257л
Основы метода конечных элементов,1,,ФН11-74Б,Давыдов К. Э.,2026-09-19,6,3,числитель,false,семинар,918л
Основы программирования на С++,2,,ФН11-33Б,Давыдов К. Э.,2026-09-19,6,3,числитель,false,семинар,113л
Основы метода конечных элементов,3,,ФН11-72Б,Давыдов К. Э.,2026-09-19,6,3,числитель,false,семинар,257л
Основы метода конечных элементов,1,,ФН11-74Б,Давыдов К. Э.,2026-09-26,6,4,знаменатель,false,семинар,918л
Основы программирования на С++,2,,ФН11-33Б,Давыдов К. Э.,2026-09-26,6,4,знаменатель,false,семинар,113л
Основы метода конечных элементов,3,,ФН11-72Б,Давыдов К. Э.,2026-09-26,6,4,знаменатель,false,семинар,257л
Основы метода конечных элементов,1,,ФН11-74Б,Давыдов К. Э.,2026-10-03,6,5,числитель,false,семинар,918л
Основы программирования на С++,2,,ФН11-33Б,Давыдов К. Э.,2026-10-03,6,5,числитель,false,семинар,113л
Основы метода конечных элементов,3,,ФН11-72Б,Давыдов К. Э.,2026-10-03,6,5,числитель,false,семинар,257л
Основы метода конечных элементов,1,,ФН11-74Б,Давыдов К. Э.,2026-10-10,6,6,знаменатель,false,семинар,918л
Основы программирования на С++,2,,ФН11-33Б,Давыдов К. Э.,2026-10-10,6,6,знаменатель,false,семинар,113л
Основы метода конечных элементов,3,,ФН11-72Б,Давыдов К. Э.,2026-10-10,6,6,знаменатель,false,семинар,257л
Основы метода конечных элементов,1,,ФН11-74Б,Давыдов К. Э.,2026-10-17,6,7,числитель,false,семинар,918л
Основы программирования на С++,2,,ФН11-33Б,Давыдов К. Э.,2026-10-17,6,7,числитель,false,семинар,113л
Основы метода конечных элементов,3,,ФН11-72Б,Давыдов К. Э.,2026-10-17,6,7,числитель,false,семинар,257л
Основы метода конечных элементов,1,,ФН11-74Б,Давыдов К. Э.,2026-10-24,6,8,знаменатель,false,семинар,918л
Основы программирования на С++,2,,ФН11-33Б,Давыдов К. Э.,2026-10-24,6,8,знаменатель,false,семинар,113л
Основы метода конечных элементов,3,,ФН11-72Б,Давыдов К. Э.,2026-10-24,6,8,знаменатель,false,семинар,257л
Основы метода конечных элементов,1,,ФН11-74Б,Давыдов К. Э.,2026-10-31,6,9,числитель,false,семинар,918л
Основы программирования на С++,2,,ФН11-33Б,Давыдов К. Э.,2026-10-31,6,9,числитель,false,семинар,113л
Основы метода конечных элементов,3,,ФН11-72Б,Давыдов К. Э.,2026-10-31,6,9,числитель,false,семинар,257л
Основы метода конечных элементов,1,,ФН11-74Б,Давыдов К. Э.,2026-11-07,6,10,знаменатель,false,семинар,918л
Основы программирования на С++,2,,ФН11-33Б,Давыдов К. Э.,2026-11-07,6,10,знаменатель,false,семинар,113л
Основы метода конечных элементов,3,,ФН11-72Б,Давыдов К. Э.,2026-11-07,6,10,знаменатель,false,семинар,257л
Основы метода конечных элементов,1,,ФН11-74Б,Давыдов К. Э.,2026-11-14,6,11,числитель,false,семинар,918л
Основы программирования на С++,2,,ФН11-33Б,Давыдов К. Э.,2026-11-14,6,11,числитель,false,семинар,113л
Основы метода конечных элементов,3,,ФН11-72Б,Давыдов К. Э.,2026-11-14,6,11,числитель,false,семинар,257л
Основы метода конечных элементов,1,,ФН11-74Б,Давыдов К. Э.,2026-11-21,6,12,знаменатель,false,семинар,918л
Основы программирования на С++,2,,ФН11-33Б,Давыдов К. Э.,2026-11-21,6,12,знаменатель,false,семинар,113л
Основы метода конечных элементов,3,,ФН11-72Б,Давыдов К. Э.,2026-11-21,6,12,знаменатель,false,семинар,257л
Основы метода конечных элементов,1,,ФН11-74Б,Давыдов К. Э.,2026-11-28,6,13,числитель,false,семинар,918л
Основы программирования на С++,2,,ФН11-33Б,Давыдов К. Э.,2026-11-28,6,13,числитель,false,семинар,113л
Основы метода конечных элементов,3,,ФН11-72Б,Давыдов К. Э.,2026-11-28,6,13,числитель,false,семинар,257л
Основы метода конечных элементов,1,,ФН11-74Б,Давыдов К. Э.,2026-12-05,6,14,знаменатель,false,семинар,918л
Основы программирования на С++,2,,ФН11-33Б,Давыдов К. Э.,2026-12-05,6,14,знаменатель,false,семинар,113л
Основы метода конечных элементов,3,,ФН11-72Б,Давыдов К. Э.,2026-12-05,6,14,знаменатель,false,семинар,257л
Основы метода конечных элементов,1,,ФН11-74Б,Давыдов К. Э.,2026-12-12,6,15,числитель,false,семинар,918л
Основы программирования на С++,2,,ФН11-33Б,Давыдов К. Э.,2026-12-12,6,15,числитель,false,семинар,113л
Основы метода конечных элементов,3,,ФН11-72Б,Давыдов К. Э.,2026-12-12,6,15,числитель,false,семинар,257л
Основы метода конечных элементов,1,,ФН11-74Б,Давыдов К. Э.,2026-12-19,6,16,знаменатель,false,семинар,918л
Основы программирования на С++,2,,ФН11-33Б,Давыдов К. Э.,2026-12-19,6,16,знаменатель,false,семинар,113л
Основы метода конечных элементов,3,,ФН11-72Б,Давыдов К. Э.,2026-12-19,6,16,знаменатель,false,семинар,257л
Основы метода конечных элементов,1,,ФН11-74Б,Давыдов К. Э.,2026-12-26,6,17,числитель,false,семинар,918л
Основы программирования на С++,2,,ФН11-33Б,Давыдов К. Э.,2026-12-26,6,17,числитель,false,семинар,113л
Основы метода конечных элементов,3,,ФН11-72Б,Давыдов К. Э.,2026-12-26,6,17,числитель,false,семинар,257л
"Кратные и криволинейные интегралы, ряды",3,,ФН11-33Б,Демин А. И.,2026-08-31,1,1,числитель,false,семинар,922л
"Кратные и криволинейные интегралы, ряды",4,,ФН11-32Б,Демин А. И.,2026-08-31,1,1,числитель,false,семинар,924л
"Кратные и криволинейные интегралы, ряды",5,,ФН11-32Б,Демин А. И.,2026-08-31,1,1,числитель,false,семинар,924л
Кратные интегралы и ряды,3,,Э5-32Б,Демин А. И.,2026-09-01,2,1,числитель,false,семинар,736л
Кратные интегралы и ряды,4,,Э4-32Б,Демин А. И.,2026-09-01,2,1,числитель,false,семинар,736л
Кратные интегралы и ряды,6,,Э4-31,Демин А. И.,2026-09-01,2,1,числитель,false,семинар,829л
Кратные интегралы и ряды,7,,Э5-31Б,Демин А. И.,2026-09-01,2,1,числитель,false,семинар,924л
Кратные интегралы и ряды,2,,"Э4-31,32; Э7-31,32",Демин А. И.,2026-09-03,4,1,числитель,false,лекция,222л
Теория вероятностей и комплексный анализ,4,,Э5-32Б,Демин А. И.,2026-09-04,5,1,числитель,false,семинар,822л
Кратные интегралы и ряды,5,,"Э5-31Б,32Б; Э8-31Б,32Б",Демин А. И.,2026-09-04,5,1,числитель,false,лекция,218л
"Кратные и криволинейные интегралы, ряды",2,,ФН11-33Б,Демин А. И.,2026-09-07,1,2,знаменатель,false,семинар,922л
"Кратные и криволинейные интегралы, ряды",3,,ФН11-33Б,Демин А. И.,2026-09-07,1,2,знаменатель,false,семинар,922л
"Кратные и криволинейные интегралы, ряды",4,,ФН11-32Б,Демин А. И.,2026-09-07,1,2,знаменатель,false,семинар,924л
Кратные интегралы и ряды,3,,Э5-32Б,Демин А. И.,2026-09-08,2,2,знаменатель,false,семинар,736л
Кратные интегралы и ряды,4,,Э4-32Б,Демин А. И.,2026-09-08,2,2,знаменатель,false,семинар,736л
Кратные интегралы и ряды,6,,Э4-31,Демин А. И.,2026-09-08,2,2,знаменатель,false,семинар,829л
Кратные интегралы и ряды,7,,Э5-31Б,Демин А. И.,2026-09-08,2,2,знаменатель,false,семинар,924л
Кратные интегралы и ряды,1,,Э4-31,Демин А. И.,2026-09-10,4,2,знаменатель,false,семинар,924л
Кратные интегралы и ряды,2,,"Э4-31,32; Э7-31,32",Демин А. И.,2026-09-10,4,2,знаменатель,false,лекция,222л
Теория вероятностей и комплексный анализ,5,,Э5-31Б,Демин А. И.,2026-09-11,5,2,знаменатель,false,семинар,731л
Кратные интегралы и ряды,5,,"Э5-31Б,32Б; Э8-31Б,32Б",Демин А. И.,2026-09-11,5,2,знаменатель,false,лекция,218л
Теория вероятностей и комплексный анализ,7,,Э5-31Б(+3),Демин А. И.,2026-09-11,5,2,знаменатель,false,лекция,218л
"Кратные и криволинейные интегралы, ряды",3,,ФН11-33Б,Демин А. И.,2026-09-14,1,3,числитель,false,семинар,922л
"Кратные и криволинейные интегралы, ряды",4,,ФН11-32Б,Демин А. И.,2026-09-14,1,3,числитель,false,семинар,924л
"Кратные и криволинейные интегралы, ряды",5,,ФН11-32Б,Демин А. И.,2026-09-14,1,3,числитель,false,семинар,924л
Кратные интегралы и ряды,3,,Э5-32Б,Демин А. И.,2026-09-15,2,3,числитель,false,семинар,736л
Кратные интегралы и ряды,4,,Э4-32Б,Демин А. И.,2026-09-15,2,3,числитель,false,семинар,736л
Кратные интегралы и ряды,6,,Э4-31,Демин А. И.,2026-09-15,2,3,числитель,false,семинар,829л
Кратные интегралы и ряды,7,,Э5-31Б,Демин А. И.,2026-09-15,2,3,числитель,false,семинар,924л
Кратные интегралы и ряды,2,,"Э4-31,32; Э7-31,32",Демин А. И.,2026-09-17,4,3,числитель,false,лекция,222л
Теория вероятностей и комплексный анализ,4,,Э5-32Б,Демин А. И.,2026-09-18,5,3,числитель,false,семинар,822л
Кратные интегралы и ряды,5,,"Э5-31Б,32Б; Э8-31Б,32Б",Демин А. И.,2026-09-18,5,3,числитель,false,лекция,218л
"Кратные и криволинейные интегралы, ряды",2,,ФН11-33Б,Демин А. И.,2026-09-21,1,4,знаменатель,false,семинар,922л
"Кратные и криволинейные интегралы, ряды",3,,ФН11-33Б,Демин А. И.,2026-09-21,1,4,знаменатель,false,семинар,922л
"Кратные и криволинейные интегралы, ряды",4,,ФН11-32Б,Демин А. И.,2026-09-21,1,4,знаменатель,false,семинар,924л
Кратные интегралы и ряды,3,,Э5-32Б,Демин А. И.,2026-09-22,2,4,знаменатель,false,семинар,736л
Кратные интегралы и ряды,4,,Э4-32Б,Демин А. И.,2026-09-22,2,4,знаменатель,false,семинар,736л
Кратные интегралы и ряды,6,,Э4-31,Демин А. И.,2026-09-22,2,4,знаменатель,false,семинар,829л
Кратные интегралы и ряды,7,,Э5-31Б,Демин А. И.,2026-09-22,2,4,знаменатель,false,семинар,924л
Кратные интегралы и ряды,1,,Э4-31,Демин А. И.,2026-09-24,4,4,знаменатель,false,семинар,924л
Кратные интегралы и ряды,2,,"Э4-31,32; Э7-31,32",Демин А. И.,2026-09-24,4,4,знаменатель,false,лекция,222л
Теория вероятностей и комплексный анализ,5,,Э5-31Б,Демин А. И.,2026-09-25,5,4,знаменатель,false,семинар,731л
Кратные интегралы и ряды,5,,"Э5-31Б,32Б; Э8-31Б,32Б",Демин А. И.,2026-09-25,5,4,знаменатель,false,лекция,218л
Теория вероятностей и комплексный анализ,7,,Э5-31Б(+3),Демин А. И.,2026-09-25,5,4,знаменатель,false,лекция,218л
"Кратные и криволинейные интегралы, ряды",3,,ФН11-33Б,Демин А. И.,2026-09-28,1,5,числитель,false,семинар,922л
"Кратные и криволинейные интегралы, ряды",4,,ФН11-32Б,Демин А. И.,2026-09-28,1,5,числитель,false,семинар,924л
"Кратные и криволинейные интегралы, ряды",5,,ФН11-32Б,Демин А. И.,2026-09-28,1,5,числитель,false,семинар,924л
Кратные интегралы и ряды,3,,Э5-32Б,Демин А. И.,2026-09-29,2,5,числитель,false,семинар,736л
Кратные интегралы и ряды,4,,Э4-32Б,Демин А. И.,2026-09-29,2,5,числитель,false,семинар,736л
Кратные интегралы и ряды,6,,Э4-31,Демин А. И.,2026-09-29,2,5,числитель,false,семинар,829л
Кратные интегралы и ряды,7,,Э5-31Б,Демин А. И.,2026-09-29,2,5,числитель,false,семинар,924л
Кратные интегралы и ряды,2,,"Э4-31,32; Э7-31,32",Демин А. И.,2026-10-01,4,5,числитель,false,лекция,222л
Теория вероятностей и комплексный анализ,4,,Э5-32Б,Демин А. И.,2026-10-02,5,5,числитель,false,семинар,822л
Кратные интегралы и ряды,5,,"Э5-31Б,32Б; Э8-31Б,32Б",Демин А. И.,2026-10-02,5,5,числитель,false,лекция,218л
"Кратные и криволинейные интегралы, ряды",2,,ФН11-33Б,Демин А. И.,2026-10-05,1,6,знаменатель,false,семинар,922л
"Кратные и криволинейные интегралы, ряды",3,,ФН11-33Б,Демин А. И.,2026-10-05,1,6,знаменатель,false,семинар,922л
"Кратные и криволинейные интегралы, ряды",4,,ФН11-32Б,Демин А. И.,2026-10-05,1,6,знаменатель,false,семинар,924л
Кратные интегралы и ряды,3,,Э5-32Б,Демин А. И.,2026-10-06,2,6,знаменатель,false,семинар,736л
Кратные интегралы и ряды,4,,Э4-32Б,Демин А. И.,2026-10-06,2,6,знаменатель,false,семинар,736л
Кратные интегралы и ряды,6,,Э4-31,Демин А. И.,2026-10-06,2,6,знаменатель,false,семинар,829л
Кратные интегралы и ряды,7,,Э5-31Б,Демин А. И.,2026-10-06,2,6,знаменатель,false,семинар,924л
Кратные интегралы и ряды,1,,Э4-31,Демин А. И.,2026-10-08,4,6,знаменатель,false,семинар,924л
Кратные интегралы и ряды,2,,"Э4-31,32; Э7-31,32",Демин А. И.,2026-10-08,4,6,знаменатель,false,лекция,222л
Теория вероятностей и комплексный анализ,5,,Э5-31Б,Демин А. И.,2026-10-09,5,6,знаменатель,false,семинар,731л
Кратные интегралы и ряды,5,,"Э5-31Б,32Б; Э8-31Б,32Б",Демин А. И.,2026-10-09,5,6,знаменатель,false,лекция,218л
Теория вероятностей и комплексный анализ,7,,Э5-31Б(+3),Демин А. И.,2026-10-09,5,6,знаменатель,false,лекция,218л
"Кратные и криволинейные интегралы, ряды",3,,ФН11-33Б,Демин А. И.,2026-10-12,1,7,числитель,false,семинар,922л
"Кратные и криволинейные интегралы, ряды",4,,ФН11-32Б,Демин А. И.,2026-10-12,1,7,числитель,false,семинар,924л
"Кратные и криволинейные интегралы, ряды",5,,ФН11-32Б,Демин А. И.,2026-10-12,1,7,числитель,false,семинар,924л
Кратные интегралы и ряды,3,,Э5-32Б,Демин А. И.,2026-10-13,2,7,числитель,false,семинар,736л
Кратные интегралы и ряды,4,,Э4-32Б,Демин А. И.,2026-10-13,2,7,числитель,false,семинар,736л
Кратные интегралы и ряды,6,,Э4-31,Демин А. И.,2026-10-13,2,7,числитель,false,семинар,829л
Кратные интегралы и ряды,7,,Э5-31Б,Демин А. И.,2026-10-13,2,7,числитель,false,семинар,924л
Кратные интегралы и ряды,2,,"Э4-31,32; Э7-31,32",Демин А. И.,2026-10-15,4,7,числитель,false,лекция,222л
Теория вероятностей и комплексный анализ,4,,Э5-32Б,Демин А. И.,2026-10-16,5,7,числитель,false,семинар,822л
Кратные интегралы и ряды,5,,"Э5-31Б,32Б; Э8-31Б,32Б",Демин А. И.,2026-10-16,5,7,числитель,false,лекция,218л
"Кратные и криволинейные интегралы, ряды",2,,ФН11-33Б,Демин А. И.,2026-10-19,1,8,знаменатель,false,семинар,922л
"Кратные и криволинейные интегралы, ряды",3,,ФН11-33Б,Демин А. И.,2026-10-19,1,8,знаменатель,false,семинар,922л
"Кратные и криволинейные интегралы, ряды",4,,ФН11-32Б,Демин А. И.,2026-10-19,1,8,знаменатель,false,семинар,924л
Кратные интегралы и ряды,3,,Э5-32Б,Демин А. И.,2026-10-20,2,8,знаменатель,false,семинар,736л
Кратные интегралы и ряды,4,,Э4-32Б,Демин А. И.,2026-10-20,2,8,знаменатель,false,семинар,736л
Кратные интегралы и ряды,6,,Э4-31,Демин А. И.,2026-10-20,2,8,знаменатель,false,семинар,829л
Кратные интегралы и ряды,7,,Э5-31Б,Демин А. И.,2026-10-20,2,8,знаменатель,false,семинар,924л
Кратные интегралы и ряды,1,,Э4-31,Демин А. И.,2026-10-22,4,8,знаменатель,false,семинар,924л
Кратные интегралы и ряды,2,,"Э4-31,32; Э7-31,32",Демин А. И.,2026-10-22,4,8,знаменатель,false,лекция,222л
Теория вероятностей и комплексный анализ,5,,Э5-31Б,Демин А. И.,2026-10-23,5,8,знаменатель,false,семинар,731л
Кратные интегралы и ряды,5,,"Э5-31Б,32Б; Э8-31Б,32Б",Демин А. И.,2026-10-23,5,8,знаменатель,false,лекция,218л
Теория вероятностей и комплексный анализ,7,,Э5-31Б(+3),Демин А. И.,2026-10-23,5,8,знаменатель,false,лекция,218л
"Кратные и криволинейные интегралы, ряды",3,,ФН11-33Б,Демин А. И.,2026-10-26,1,9,числитель,false,семинар,922л
"Кратные и криволинейные интегралы, ряды",4,,ФН11-32Б,Демин А. И.,2026-10-26,1,9,числитель,false,семинар,924л
"Кратные и криволинейные интегралы, ряды",5,,ФН11-32Б,Демин А. И.,2026-10-26,1,9,числитель,false,семинар,924л
Кратные интегралы и ряды,3,,Э5-32Б,Демин А. И.,2026-10-27,2,9,числитель,false,семинар,736л
Кратные интегралы и ряды,4,,Э4-32Б,Демин А. И.,2026-10-27,2,9,числитель,false,семинар,736л
Кратные интегралы и ряды,6,,Э4-31,Демин А. И.,2026-10-27,2,9,числитель,false,семинар,829л
Кратные интегралы и ряды,7,,Э5-31Б,Демин А. И.,2026-10-27,2,9,числитель,false,семинар,924л
Кратные интегралы и ряды,2,,"Э4-31,32; Э7-31,32",Демин А. И.,2026-10-29,4,9,числитель,false,лекция,222л
Теория вероятностей и комплексный анализ,4,,Э5-32Б,Демин А. И.,2026-10-30,5,9,числитель,false,семинар,822л
Кратные интегралы и ряды,5,,"Э5-31Б,32Б; Э8-31Б,32Б",Демин А. И.,2026-10-30,5,9,числитель,false,лекция,218л
"Кратные и криволинейные интегралы, ряды",2,,ФН11-33Б,Демин А. И.,2026-11-02,1,10,знаменатель,false,семинар,922л
"Кратные и криволинейные интегралы, ряды",3,,ФН11-33Б,Демин А. И.,2026-11-02,1,10,знаменатель,false,семинар,922л
"Кратные и криволинейные интегралы, ряды",4,,ФН11-32Б,Демин А. И.,2026-11-02,1,10,знаменатель,false,семинар,924л
Кратные интегралы и ряды,3,,Э5-32Б,Демин А. И.,2026-11-03,2,10,знаменатель,false,семинар,736л
Кратные интегралы и ряды,4,,Э4-32Б,Демин А. И.,2026-11-03,2,10,знаменатель,false,семинар,736л
Кратные интегралы и ряды,6,,Э4-31,Демин А. И.,2026-11-03,2,10,знаменатель,false,семинар,829л
Кратные интегралы и ряды,7,,Э5-31Б,Демин А. И.,2026-11-03,2,10,знаменатель,false,семинар,924л
Кратные интегралы и ряды,1,,Э4-31,Демин А. И.,2026-11-05,4,10,знаменатель,false,семинар,924л
Кратные интегралы и ряды,2,,"Э4-31,32; Э7-31,32",Демин А. И.,2026-11-05,4,10,знаменатель,false,лекция,222л
Теория вероятностей и комплексный анализ,5,,Э5-31Б,Демин А. И.,2026-11-06,5,10,знаменатель,false,семинар,731л
Кратные интегралы и ряды,5,,"Э5-31Б,32Б; Э8-31Б,32Б",Демин А. И.,2026-11-06,5,10,знаменатель,false,лекция,218л
Теория вероятностей и комплексный анализ,7,,Э5-31Б(+3),Демин А. И.,2026-11-06,5,10,знаменатель,false,лекция,218л
"Кратные и криволинейные интегралы, ряды",3,,ФН11-33Б,Демин А. И.,2026-11-09,1,11,числитель,false,семинар,922л
"Кратные и криволинейные интегралы, ряды",4,,ФН11-32Б,Демин А. И.,2026-11-09,1,11,числитель,false,семинар,924л
"Кратные и криволинейные интегралы, ряды",5,,ФН11-32Б,Демин А. И.,2026-11-09,1,11,числитель,false,семинар,924л
Кратные интегралы и ряды,3,,Э5-32Б,Демин А. И.,2026-11-10,2,11,числитель,false,семинар,736л
Кратные интегралы и ряды,4,,Э4-32Б,Демин А. И.,2026-11-10,2,11,числитель,false,семинар,736л
Кратные интегралы и ряды,6,,Э4-31,Демин А. И.,2026-11-10,2,11,числитель,false,семинар,829л
Кратные интегралы и ряды,7,,Э5-31Б,Демин А. И.,2026-11-10,2,11,числитель,false,семинар,924л
Кратные интегралы и ряды,2,,"Э4-31,32; Э7-31,32",Демин А. И.,2026-11-12,4,11,числитель,false,лекция,222л
Теория вероятностей и комплексный анализ,4,,Э5-32Б,Демин А. И.,2026-11-13,5,11,числитель,false,семинар,822л
Кратные интегралы и ряды,5,,"Э5-31Б,32Б; Э8-31Б,32Б",Демин А. И.,2026-11-13,5,11,числитель,false,лекция,218л
"Кратные и криволинейные интегралы, ряды",2,,ФН11-33Б,Демин А. И.,2026-11-16,1,12,знаменатель,false,семинар,922л
"Кратные и криволинейные интегралы, ряды",3,,ФН11-33Б,Демин А. И.,2026-11-16,1,12,знаменатель,false,семинар,922л
"Кратные и криволинейные интегралы, ряды",4,,ФН11-32Б,Демин А. И.,2026-11-16,1,12,знаменатель,false,семинар,924л
Кратные интегралы и ряды,3,,Э5-32Б,Демин А. И.,2026-11-17,2,12,знаменатель,false,семинар,736л
Кратные интегралы и ряды,4,,Э4-32Б,Демин А. И.,2026-11-17,2,12,знаменатель,false,семинар,736л
Кратные интегралы и ряды,6,,Э4-31,Демин А. И.,2026-11-17,2,12,знаменатель,false,семинар,829л
Кратные интегралы и ряды,7,,Э5-31Б,Демин А. И.,2026-11-17,2,12,знаменатель,false,семинар,924л
Кратные интегралы и ряды,1,,Э4-31,Демин А. И.,2026-11-19,4,12,знаменатель,false,семинар,924л
Кратные интегралы и ряды,2,,"Э4-31,32; Э7-31,32",Демин А. И.,2026-11-19,4,12,знаменатель,false,лекция,222л
Теория вероятностей и комплексный анализ,5,,Э5-31Б,Демин А. И.,2026-11-20,5,12,знаменатель,false,семинар,731л
Кратные интегралы и ряды,5,,"Э5-31Б,32Б; Э8-31Б,32Б",Демин А. И.,2026-11-20,5,12,знаменатель,false,лекция,218л
Теория вероятностей и комплексный анализ,7,,Э5-31Б(+3),Демин А. И.,2026-11-20,5,12,знаменатель,false,лекция,218л
"Кратные и криволинейные интегралы, ряды",3,,ФН11-33Б,Демин А. И.,2026-11-23,1,13,числитель,false,семинар,922л
"Кратные и криволинейные интегралы, ряды",4,,ФН11-32Б,Демин А. И.,2026-11-23,1,13,числитель,false,семинар,924л
"Кратные и криволинейные интегралы, ряды",5,,ФН11-32Б,Демин А. И.,2026-11-23,1,13,числитель,false,семинар,924л
Кратные интегралы и ряды,3,,Э5-32Б,Демин А. И.,2026-11-24,2,13,числитель,false,семинар,736л
Кратные интегралы и ряды,4,,Э4-32Б,Демин А. И.,2026-11-24,2,13,числитель,false,семинар,736л
Кратные интегралы и ряды,6,,Э4-31,Демин А. И.,2026-11-24,2,13,числитель,false,семинар,829л
Кратные интегралы и ряды,7,,Э5-31Б,Демин А. И.,2026-11-24,2,13,числитель,false,семинар,924л
Кратные интегралы и ряды,2,,"Э4-31,32; Э7-31,32",Демин А. И.,2026-11-26,4,13,числитель,false,лекция,222л
Теория вероятностей и комплексный анализ,4,,Э5-32Б,Демин А. И.,2026-11-27,5,13,числитель,false,семинар,822л
Кратные интегралы и ряды,5,,"Э5-31Б,32Б; Э8-31Б,32Б",Демин А. И.,2026-11-27,5,13,числитель,false,лекция,218л
"Кратные и криволинейные интегралы, ряды",2,,ФН11-33Б,Демин А. И.,2026-11-30,1,14,знаменатель,false,семинар,922л
"Кратные и криволинейные интегралы, ряды",3,,ФН11-33Б,Демин А. И.,2026-11-30,1,14,знаменатель,false,семинар,922л
"Кратные и криволинейные интегралы, ряды",4,,ФН11-32Б,Демин А. И.,2026-11-30,1,14,знаменатель,false,семинар,924л
Кратные интегралы и ряды,3,,Э5-32Б,Демин А. И.,2026-12-01,2,14,знаменатель,false,семинар,736л
Кратные интегралы и ряды,4,,Э4-32Б,Демин А. И.,2026-12-01,2,14,знаменатель,false,семинар,736л
Кратные интегралы и ряды,6,,Э4-31,Демин А. И.,2026-12-01,2,14,знаменатель,false,семинар,829л
Кратные интегралы и ряды,7,,Э5-31Б,Демин А. И.,2026-12-01,2,14,знаменатель,false,семинар,924л
Кратные интегралы и ряды,1,,Э4-31,Демин А. И.,2026-12-03,4,14,знаменатель,false,семинар,924л
Кратные интегралы и ряды,2,,"Э4-31,32; Э7-31,32",Демин А. И.,2026-12-03,4,14,знаменатель,false,лекция,222л
Теория вероятностей и комплексный анализ,5,,Э5-31Б,Демин А. И.,2026-12-04,5,14,знаменатель,false,семинар,731л
Кратные интегралы и ряды,5,,"Э5-31Б,32Б; Э8-31Б,32Б",Демин А. И.,2026-12-04,5,14,знаменатель,false,лекция,218л
Теория вероятностей и комплексный анализ,7,,Э5-31Б(+3),Демин А. И.,2026-12-04,5,14,знаменатель,false,лекция,218л
"Кратные и криволинейные интегралы, ряды",3,,ФН11-33Б,Демин А. И.,2026-12-07,1,15,числитель,false,семинар,922л
"Кратные и криволинейные интегралы, ряды",4,,ФН11-32Б,Демин А. И.,2026-12-07,1,15,числитель,false,семинар,924л
"Кратные и криволинейные интегралы, ряды",5,,ФН11-32Б,Демин А. И.,2026-12-07,1,15,числитель,false,семинар,924л
Кратные интегралы и ряды,3,,Э5-32Б,Демин А. И.,2026-12-08,2,15,числитель,false,семинар,736л
Кратные интегралы и ряды,4,,Э4-32Б,Демин А. И.,2026-12-08,2,15,числитель,false,семинар,736л
Кратные интегралы и ряды,6,,Э4-31,Демин А. И.,2026-12-08,2,15,числитель,false,семинар,829л
Кратные интегралы и ряды,7,,Э5-31Б,Демин А. И.,2026-12-08,2,15,числитель,false,семинар,924л
Кратные интегралы и ряды,2,,"Э4-31,32; Э7-31,32",Демин А. И.,2026-12-10,4,15,числитель,false,лекция,222л
Теория вероятностей и комплексный анализ,4,,Э5-32Б,Демин А. И.,2026-12-11,5,15,числитель,false,семинар,822л
Кратные интегралы и ряды,5,,"Э5-31Б,32Б; Э8-31Б,32Б",Демин А. И.,2026-12-11,5,15,числитель,false,лекция,218л
"Кратные и криволинейные интегралы, ряды",2,,ФН11-33Б,Демин А. И.,2026-12-14,1,16,знаменатель,false,семинар,922л
"Кратные и криволинейные интегралы, ряды",3,,ФН11-33Б,Демин А. И.,2026-12-14,1,16,знаменатель,false,семинар,922л
"Кратные и криволинейные интегралы, ряды",4,,ФН11-32Б,Демин А. И.,2026-12-14,1,16,знаменатель,false,семинар,924л
Кратные интегралы и ряды,3,,Э5-32Б,Демин А. И.,2026-12-15,2,16,знаменатель,false,семинар,736л
Кратные интегралы и ряды,4,,Э4-32Б,Демин А. И.,2026-12-15,2,16,знаменатель,false,семинар,736л
Кратные интегралы и ряды,6,,Э4-31,Демин А. И.,2026-12-15,2,16,знаменатель,false,семинар,829л
Кратные интегралы и ряды,7,,Э5-31Б,Демин А. И.,2026-12-15,2,16,знаменатель,false,семинар,924л
Кратные интегралы и ряды,1,,Э4-31,Демин А. И.,2026-12-17,4,16,знаменатель,false,семинар,924л
Кратные интегралы и ряды,2,,"Э4-31,32; Э7-31,32",Демин А. И.,2026-12-17,4,16,знаменатель,false,лекция,222л
Теория вероятностей и комплексный анализ,5,,Э5-31Б,Демин А. И.,2026-12-18,5,16,знаменатель,false,семинар,731л
Кратные интегралы и ряды,5,,"Э5-31Б,32Б; Э8-31Б,32Б",Демин А. И.,2026-12-18,5,16,знаменатель,false,лекция,218л
Теория вероятностей и комплексный анализ,7,,Э5-31Б(+3),Демин А. И.,2026-12-18,5,16,знаменатель,false,лекция,218л
"Кратные и криволинейные интегралы, ряды",3,,ФН11-33Б,Демин А. И.,2026-12-21,1,17,числитель,false,семинар,922л
"Кратные и криволинейные интегралы, ряды",4,,ФН11-32Б,Демин А. И.,2026-12-21,1,17,числитель,false,семинар,924л
"Кратные и криволинейные интегралы, ряды",5,,ФН11-32Б,Демин А. И.,2026-12-21,1,17,числитель,false,семинар,924л
Кратные интегралы и ряды,3,,Э5-32Б,Демин А. И.,2026-12-22,2,17,числитель,false,семинар,736л
Кратные интегралы и ряды,4,,Э4-32Б,Демин А. И.,2026-12-22,2,17,числитель,false,семинар,736л
Кратные интегралы и ряды,6,,Э4-31,Демин А. И.,2026-12-22,2,17,числитель,false,семинар,829л
Кратные интегралы и ряды,7,,Э5-31Б,Демин А. И.,2026-12-22,2,17,числитель,false,семинар,924л
Кратные интегралы и ряды,2,,"Э4-31,32; Э7-31,32",Демин А. И.,2026-12-24,4,17,числитель,false,лекция,222л
Теория вероятностей и комплексный анализ,4,,Э5-32Б,Демин А. И.,2026-12-25,5,17,числитель,false,семинар,822л
Кратные интегралы и ряды,5,,"Э5-31Б,32Б; Э8-31Б,32Б",Демин А. И.,2026-12-25,5,17,числитель,false,лекция,218л
"Кратные и криволинейные интегралы, ряды",2,,ФН11-33Б,Демин А. И.,2026-12-28,1,18,знаменатель,false,семинар,922л
"Кратные и криволинейные интегралы, ряды",3,,ФН11-33Б,Демин А. И.,2026-12-28,1,18,знаменатель,false,семинар,922л
"Кратные и криволинейные интегралы, ряды",4,,ФН11-32Б,Демин А. И.,2026-12-28,1,18,знаменатель,false,семинар,924л
Кратные интегралы и ряды,3,,Э5-32Б,Демин А. И.,2026-12-29,2,18,знаменатель,false,семинар,736л
Кратные интегралы и ряды,4,,Э4-32Б,Демин А. И.,2026-12-29,2,18,знаменатель,false,семинар,736л
Кратные интегралы и ряды,6,,Э4-31,Демин А. И.,2026-12-29,2,18,знаменатель,false,семинар,829л
Кратные интегралы и ряды,7,,Э5-31Б,Демин А. И.,2026-12-29,2,18,знаменатель,false,семинар,924л
Кратные интегралы и ряды,1,,Э4-31,Демин А. И.,2026-12-31,4,18,знаменатель,false,семинар,924л
Кратные интегралы и ряды,2,,"Э4-31,32; Э7-31,32",Демин А. И.,2026-12-31,4,18,знаменатель,false,лекция,222л
Кратные интегралы и ряды,2,,Э2-31,Дерябина Г. С.,2026-09-04,5,1,числитель,false,семинар,736л
Кратные интегралы и ряды,1,,Э10-31Б,Дерябина Г. С.,2026-09-05,6,1,числитель,false,семинар,731л
Кратные интегралы и ряды,3,,ФН7-31Б(+4),Дерябина Г. С.,2026-09-05,6,1,числитель,false,лекция,212л
Кратные интегралы и ряды,4,,ФН7-31Б,Дерябина Г. С.,2026-09-05,6,1,числитель,false,семинар,922л
Кратные интегралы и ряды,2,,Э2-31,Дерябина Г. С.,2026-09-11,5,2,знаменатель,false,семинар,736л
Кратные интегралы и ряды,4,,Э2-31,Дерябина Г. С.,2026-09-11,5,2,знаменатель,false,семинар,829л
Кратные интегралы и ряды,1,,Э10-31Б,Дерябина Г. С.,2026-09-12,6,2,знаменатель,false,семинар,731л
Кратные интегралы и ряды,3,,ФН7-31Б(+4),Дерябина Г. С.,2026-09-12,6,2,знаменатель,false,лекция,212л
Кратные интегралы и ряды,4,,ФН7-31Б,Дерябина Г. С.,2026-09-12,6,2,знаменатель,false,семинар,922л
Кратные интегралы и ряды,2,,Э2-31,Дерябина Г. С.,2026-09-18,5,3,числитель,false,семинар,736л
Кратные интегралы и ряды,1,,Э10-31Б,Дерябина Г. С.,2026-09-19,6,3,числитель,false,семинар,731л
Кратные интегралы и ряды,3,,ФН7-31Б(+4),Дерябина Г. С.,2026-09-19,6,3,числитель,false,лекция,212л
Кратные интегралы и ряды,4,,ФН7-31Б,Дерябина Г. С.,2026-09-19,6,3,числитель,false,семинар,922л
Кратные интегралы и ряды,2,,Э2-31,Дерябина Г. С.,2026-09-25,5,4,знаменатель,false,семинар,736л
Кратные интегралы и ряды,4,,Э2-31,Дерябина Г. С.,2026-09-25,5,4,знаменатель,false,семинар,829л
Кратные интегралы и ряды,1,,Э10-31Б,Дерябина Г. С.,2026-09-26,6,4,знаменатель,false,семинар,731л
Кратные интегралы и ряды,3,,ФН7-31Б(+4),Дерябина Г. С.,2026-09-26,6,4,знаменатель,false,лекция,212л
Кратные интегралы и ряды,4,,ФН7-31Б,Дерябина Г. С.,2026-09-26,6,4,знаменатель,false,семинар,922л
Кратные интегралы и ряды,2,,Э2-31,Дерябина Г. С.,2026-10-02,5,5,числитель,false,семинар,736л
Кратные интегралы и ряды,1,,Э10-31Б,Дерябина Г. С.,2026-10-03,6,5,числитель,false,семинар,731л
Кратные интегралы и ряды,3,,ФН7-31Б(+4),Дерябина Г. С.,2026-10-03,6,5,числитель,false,лекция,212л
Кратные интегралы и ряды,4,,ФН7-31Б,Дерябина Г. С.,2026-10-03,6,5,числитель,false,семинар,922л
Кратные интегралы и ряды,2,,Э2-31,Дерябина Г. С.,2026-10-09,5,6,знаменатель,false,семинар,736л
Кратные интегралы и ряды,4,,Э2-31,Дерябина Г. С.,2026-10-09,5,6,знаменатель,false,семинар,829л
Кратные интегралы и ряды,1,,Э10-31Б,Дерябина Г. С.,2026-10-10,6,6,знаменатель,false,семинар,731л
Кратные интегралы и ряды,3,,ФН7-31Б(+4),Дерябина Г. С.,2026-10-10,6,6,знаменатель,false,лекция,212л
Кратные интегралы и ряды,4,,ФН7-31Б,Дерябина Г. С.,2026-10-10,6,6,знаменатель,false,семинар,922л
Кратные интегралы и ряды,2,,Э2-31,Дерябина Г. С.,2026-10-16,5,7,числитель,false,семинар,736л
Кратные интегралы и ряды,1,,Э10-31Б,Дерябина Г. С.,2026-10-17,6,7,числитель,false,семинар,731л
Кратные интегралы и ряды,3,,ФН7-31Б(+4),Дерябина Г. С.,2026-10-17,6,7,числитель,false,лекция,212л
Кратные интегралы и ряды,4,,ФН7-31Б,Дерябина Г. С.,2026-10-17,6,7,числитель,false,семинар,922л
Кратные интегралы и ряды,2,,Э2-31,Дерябина Г. С.,2026-10-23,5,8,знаменатель,false,семинар,736л
Кратные интегралы и ряды,4,,Э2-31,Дерябина Г. С.,2026-10-23,5,8,знаменатель,false,семинар,829л
Кратные интегралы и ряды,1,,Э10-31Б,Дерябина Г. С.,2026-10-24,6,8,знаменатель,false,семинар,731л
Кратные интегралы и ряды,3,,ФН7-31Б(+4),Дерябина Г. С.,2026-10-24,6,8,знаменатель,false,лекция,212л
Кратные интегралы и ряды,4,,ФН7-31Б,Дерябина Г. С.,2026-10-24,6,8,знаменатель,false,семинар,922л
Кратные интегралы и ряды,2,,Э2-31,Дерябина Г. С.,2026-10-30,5,9,числитель,false,семинар,736л
Кратные интегралы и ряды,1,,Э10-31Б,Дерябина Г. С.,2026-10-31,6,9,числитель,false,семинар,731л
Кратные интегралы и ряды,3,,ФН7-31Б(+4),Дерябина Г. С.,2026-10-31,6,9,числитель,false,лекция,212л
Кратные интегралы и ряды,4,,ФН7-31Б,Дерябина Г. С.,2026-10-31,6,9,числитель,false,семинар,922л
Кратные интегралы и ряды,2,,Э2-31,Дерябина Г. С.,2026-11-06,5,10,знаменатель,false,семинар,736л
Кратные интегралы и ряды,4,,Э2-31,Дерябина Г. С.,2026-11-06,5,10,знаменатель,false,семинар,829л
Кратные интегралы и ряды,1,,Э10-31Б,Дерябина Г. С.,2026-11-07,6,10,знаменатель,false,семинар,731л
Кратные интегралы и ряды,3,,ФН7-31Б(+4),Дерябина Г. С.,2026-11-07,6,10,знаменатель,false,лекция,212л
Кратные интегралы и ряды,4,,ФН7-31Б,Дерябина Г. С.,2026-11-07,6,10,знаменатель,false,семинар,922л
Кратные интегралы и ряды,2,,Э2-31,Дерябина Г. С.,2026-11-13,5,11,числитель,false,семинар,736л
Кратные интегралы и ряды,1,,Э10-31Б,Дерябина Г. С.,2026-11-14,6,11,числитель,false,семинар,731л
Кратные интегралы и ряды,3,,ФН7-31Б(+4),Дерябина Г. С.,2026-11-14,6,11,числитель,false,лекция,212л
Кратные интегралы и ряды,4,,ФН7-31Б,Дерябина Г. С.,2026-11-14,6,11,числитель,false,семинар,922л
Кратные интегралы и ряды,2,,Э2-31,Дерябина Г. С.,2026-11-20,5,12,знаменатель,false,семинар,736л
Кратные интегралы и ряды,4,,Э2-31,Дерябина Г. С.,2026-11-20,5,12,знаменатель,false,семинар,829л
Кратные интегралы и ряды,1,,Э10-31Б,Дерябина Г. С.,2026-11-21,6,12,знаменатель,false,семинар,731л
Кратные интегралы и ряды,3,,ФН7-31Б(+4),Дерябина Г. С.,2026-11-21,6,12,знаменатель,false,лекция,212л
Кратные интегралы и ряды,4,,ФН7-31Б,Дерябина Г. С.,2026-11-21,6,12,знаменатель,false,семинар,922л
Кратные интегралы и ряды,2,,Э2-31,Дерябина Г. С.,2026-11-27,5,13,числитель,false,семинар,736л
Кратные интегралы и ряды,1,,Э10-31Б,Дерябина Г. С.,2026-11-28,6,13,числитель,false,семинар,731л
Кратные интегралы и ряды,3,,ФН7-31Б(+4),Дерябина Г. С.,2026-11-28,6,13,числитель,false,лекция,212л
Кратные интегралы и ряды,4,,ФН7-31Б,Дерябина Г. С.,2026-11-28,6,13,числитель,false,семинар,922л
Кратные интегралы и ряды,2,,Э2-31,Дерябина Г. С.,2026-12-04,5,14,знаменатель,false,семинар,736л
Кратные интегралы и ряды,4,,Э2-31,Дерябина Г. С.,2026-12-04,5,14,знаменатель,false,семинар,829л
Кратные интегралы и ряды,1,,Э10-31Б,Дерябина Г. С.,2026-12-05,6,14,знаменатель,false,семинар,731л
Кратные интегралы и ряды,3,,ФН7-31Б(+4),Дерябина Г. С.,2026-12-05,6,14,знаменатель,false,лекция,212л
Кратные интегралы и ряды,4,,ФН7-31Б,Дерябина Г. С.,2026-12-05,6,14,знаменатель,false,семинар,922л
Кратные интегралы и ряды,2,,Э2-31,Дерябина Г. С.,2026-12-11,5,15,числитель,false,семинар,736л
Кратные интегралы и ряды,1,,Э10-31Б,Дерябина Г. С.,2026-12-12,6,15,числитель,false,семинар,731л
Кратные интегралы и ряды,3,,ФН7-31Б(+4),Дерябина Г. С.,2026-12-12,6,15,числитель,false,лекция,212л
Кратные интегралы и ряды,4,,ФН7-31Б,Дерябина Г. С.,2026-12-12,6,15,числитель,false,семинар,922л
Кратные интегралы и ряды,2,,Э2-31,Дерябина Г. С.,2026-12-18,5,16,знаменатель,false,семинар,736л
Кратные интегралы и ряды,4,,Э2-31,Дерябина Г. С.,2026-12-18,5,16,знаменатель,false,семинар,829л
Кратные интегралы и ряды,1,,Э10-31Б,Дерябина Г. С.,2026-12-19,6,16,знаменатель,false,семинар,731л
Кратные интегралы и ряды,3,,ФН7-31Б(+4),Дерябина Г. С.,2026-12-19,6,16,знаменатель,false,лекция,212л
Кратные интегралы и ряды,4,,ФН7-31Б,Дерябина Г. С.,2026-12-19,6,16,знаменатель,false,семинар,922л
Кратные интегралы и ряды,2,,Э2-31,Дерябина Г. С.,2026-12-25,5,17,числитель,false,семинар,736л
Кратные интегралы и ряды,1,,Э10-31Б,Дерябина Г. С.,2026-12-26,6,17,числитель,false,семинар,731л
Кратные интегралы и ряды,3,,ФН7-31Б(+4),Дерябина Г. С.,2026-12-26,6,17,числитель,false,лекция,212л
Кратные интегралы и ряды,4,,ФН7-31Б,Дерябина Г. С.,2026-12-26,6,17,числитель,false,семинар,922л
Механика сплошной среды,1,,ФН11-73Б(+1),Димитриенко Ю. И.,2026-09-02,3,1,числитель,false,семинар,922л
Механика сплошной среды,2,,ФН11-71Б(+4),Димитриенко Ю. И.,2026-09-02,3,1,числитель,false,лекция,908л
Механика сплошной среды,3,,ФН11-71Б(+4),Димитриенко Ю. И.,2026-09-02,3,1,числитель,false,лекция,908л
Механика сплошной среды,2,,ФН11-71Б(+4),Димитриенко Ю. И.,2026-09-09,3,2,знаменатель,false,лекция,908л
Механика сплошной среды,3,,ФН11-71Б(+4),Димитриенко Ю. И.,2026-09-09,3,2,знаменатель,false,лекция,908л
Механика сплошной среды,1,,ФН11-73Б(+1),Димитриенко Ю. И.,2026-09-16,3,3,числитель,false,семинар,922л
Механика сплошной среды,2,,ФН11-71Б(+4),Димитриенко Ю. И.,2026-09-16,3,3,числитель,false,лекция,908л
Механика сплошной среды,3,,ФН11-71Б(+4),Димитриенко Ю. И.,2026-09-16,3,3,числитель,false,лекция,908л
Механика сплошной среды,2,,ФН11-71Б(+4),Димитриенко Ю. И.,2026-09-23,3,4,знаменатель,false,лекция,908л
Механика сплошной среды,3,,ФН11-71Б(+4),Димитриенко Ю. И.,2026-09-23,3,4,знаменатель,false,лекция,908л
Механика сплошной среды,1,,ФН11-73Б(+1),Димитриенко Ю. И.,2026-09-30,3,5,числитель,false,семинар,922л
Механика сплошной среды,2,,ФН11-71Б(+4),Димитриенко Ю. И.,2026-09-30,3,5,числитель,false,лекция,908л
Механика сплошной среды,3,,ФН11-71Б(+4),Димитриенко Ю. И.,2026-09-30,3,5,числитель,false,лекция,908л
Механика сплошной среды,2,,ФН11-71Б(+4),Димитриенко Ю. И.,2026-10-07,3,6,знаменатель,false,лекция,908л
Механика сплошной среды,3,,ФН11-71Б(+4),Димитриенко Ю. И.,2026-10-07,3,6,знаменатель,false,лекция,908л
Механика сплошной среды,1,,ФН11-73Б(+1),Димитриенко Ю. И.,2026-10-14,3,7,числитель,false,семинар,922л
Механика сплошной среды,2,,ФН11-71Б(+4),Димитриенко Ю. И.,2026-10-14,3,7,числитель,false,лекция,908л
Механика сплошной среды,3,,ФН11-71Б(+4),Димитриенко Ю. И.,2026-10-14,3,7,числитель,false,лекция,908л
Механика сплошной среды,2,,ФН11-71Б(+4),Димитриенко Ю. И.,2026-10-21,3,8,знаменатель,false,лекция,908л
Механика сплошной среды,3,,ФН11-71Б(+4),Димитриенко Ю. И.,2026-10-21,3,8,знаменатель,false,лекция,908л
Механика сплошной среды,1,,ФН11-73Б(+1),Димитриенко Ю. И.,2026-10-28,3,9,числитель,false,семинар,922л
Механика сплошной среды,2,,ФН11-71Б(+4),Димитриенко Ю. И.,2026-10-28,3,9,числитель,false,лекция,908л
Механика сплошной среды,3,,ФН11-71Б(+4),Димитриенко Ю. И.,2026-10-28,3,9,числитель,false,лекция,908л
Механика сплошной среды,2,,ФН11-71Б(+4),Димитриенко Ю. И.,2026-11-04,3,10,знаменатель,false,лекция,908л
Механика сплошной среды,3,,ФН11-71Б(+4),Димитриенко Ю. И.,2026-11-04,3,10,знаменатель,false,лекция,908л
Механика сплошной среды,1,,ФН11-73Б(+1),Димитриенко Ю. И.,2026-11-11,3,11,числитель,false,семинар,922л
Механика сплошной среды,2,,ФН11-71Б(+4),Димитриенко Ю. И.,2026-11-11,3,11,числитель,false,лекция,908л
Механика сплошной среды,3,,ФН11-71Б(+4),Димитриенко Ю. И.,2026-11-11,3,11,числитель,false,лекция,908л
Механика сплошной среды,2,,ФН11-71Б(+4),Димитриенко Ю. И.,2026-11-18,3,12,знаменатель,false,лекция,908л
Механика сплошной среды,3,,ФН11-71Б(+4),Димитриенко Ю. И.,2026-11-18,3,12,знаменатель,false,лекция,908л
Механика сплошной среды,1,,ФН11-73Б(+1),Димитриенко Ю. И.,2026-11-25,3,13,числитель,false,семинар,922л
Механика сплошной среды,2,,ФН11-71Б(+4),Димитриенко Ю. И.,2026-11-25,3,13,числитель,false,лекция,908л
Механика сплошной среды,3,,ФН11-71Б(+4),Димитриенко Ю. И.,2026-11-25,3,13,числитель,false,лекция,908л
Механика сплошной среды,2,,ФН11-71Б(+4),Димитриенко Ю. И.,2026-12-02,3,14,знаменатель,false,лекция,908л
Механика сплошной среды,3,,ФН11-71Б(+4),Димитриенко Ю. И.,2026-12-02,3,14,знаменатель,false,лекция,908л
Механика сплошной среды,1,,ФН11-73Б(+1),Димитриенко Ю. И.,2026-12-09,3,15,числитель,false,семинар,922л
Механика сплошной среды,2,,ФН11-71Б(+4),Димитриенко Ю. И.,2026-12-09,3,15,числитель,false,лекция,908л
Механика сплошной среды,3,,ФН11-71Б(+4),Димитриенко Ю. И.,2026-12-09,3,15,числитель,false,лекция,908л
Механика сплошной среды,2,,ФН11-71Б(+4),Димитриенко Ю. И.,2026-12-16,3,16,знаменатель,false,лекция,908л
Механика сплошной среды,3,,ФН11-71Б(+4),Димитриенко Ю. И.,2026-12-16,3,16,знаменатель,false,лекция,908л
Механика сплошной среды,1,,ФН11-73Б(+1),Димитриенко Ю. И.,2026-12-23,3,17,числитель,false,семинар,922л
Механика сплошной среды,2,,ФН11-71Б(+4),Димитриенко Ю. И.,2026-12-23,3,17,числитель,false,лекция,908л
Механика сплошной среды,3,,ФН11-71Б(+4),Димитриенко Ю. И.,2026-12-23,3,17,числитель,false,лекция,908л
Механика сплошной среды,2,,ФН11-71Б(+4),Димитриенко Ю. И.,2026-12-30,3,18,знаменатель,false,лекция,908л
Механика сплошной среды,3,,ФН11-71Б(+4),Димитриенко Ю. И.,2026-12-30,3,18,знаменатель,false,лекция,908л
Механика сплошной среды,1,,ФН11-74Б,Дробот Д. С.,2026-09-02,3,1,числитель,false,семинар,915л
Аналитическая геометрия,3,,Э1-12/6,Дробот Д. С.,2026-09-02,3,1,числитель,false,семинар,423ю
Механика сплошной среды,2,,ФН11-72Б,Дробот Д. С.,2026-09-09,3,2,знаменатель,false,семинар,915л
Аналитическая геометрия,4,,Э1-12/6,Дробот Д. С.,2026-09-09,3,2,знаменатель,false,семинар,259л
Механика сплошной среды,1,,ФН11-74Б,Дробот Д. С.,2026-09-16,3,3,числитель,false,семинар,915л
Аналитическая геометрия,3,,Э1-12/6,Дробот Д. С.,2026-09-16,3,3,числитель,false,семинар,423ю
Механика сплошной среды,2,,ФН11-72Б,Дробот Д. С.,2026-09-23,3,4,знаменатель,false,семинар,915л
Аналитическая геометрия,4,,Э1-12/6,Дробот Д. С.,2026-09-23,3,4,знаменатель,false,семинар,259л
Механика сплошной среды,1,,ФН11-74Б,Дробот Д. С.,2026-09-30,3,5,числитель,false,семинар,915л
Аналитическая геометрия,3,,Э1-12/6,Дробот Д. С.,2026-09-30,3,5,числитель,false,семинар,423ю
Механика сплошной среды,2,,ФН11-72Б,Дробот Д. С.,2026-10-07,3,6,знаменатель,false,семинар,915л
Аналитическая геометрия,4,,Э1-12/6,Дробот Д. С.,2026-10-07,3,6,знаменатель,false,семинар,259л
Механика сплошной среды,1,,ФН11-74Б,Дробот Д. С.,2026-10-14,3,7,числитель,false,семинар,915л
Аналитическая геометрия,3,,Э1-12/6,Дробот Д. С.,2026-10-14,3,7,числитель,false,семинар,423ю
Механика сплошной среды,2,,ФН11-72Б,Дробот Д. С.,2026-10-21,3,8,знаменатель,false,семинар,915л
Аналитическая геометрия,4,,Э1-12/6,Дробот Д. С.,2026-10-21,3,8,знаменатель,false,семинар,259л
Механика сплошной среды,1,,ФН11-74Б,Дробот Д. С.,2026-10-28,3,9,числитель,false,семинар,915л
Аналитическая геометрия,3,,Э1-12/6,Дробот Д. С.,2026-10-28,3,9,числитель,false,семинар,423ю
Механика сплошной среды,2,,ФН11-72Б,Дробот Д. С.,2026-11-04,3,10,знаменатель,false,семинар,915л
Аналитическая геометрия,4,,Э1-12/6,Дробот Д. С.,2026-11-04,3,10,знаменатель,false,семинар,259л
Механика сплошной среды,1,,ФН11-74Б,Дробот Д. С.,2026-11-11,3,11,числитель,false,семинар,915л
Аналитическая геометрия,3,,Э1-12/6,Дробот Д. С.,2026-11-11,3,11,числитель,false,семинар,423ю
Механика сплошной среды,2,,ФН11-72Б,Дробот Д. С.,2026-11-18,3,12,знаменатель,false,семинар,915л
Аналитическая геометрия,4,,Э1-12/6,Дробот Д. С.,2026-11-18,3,12,знаменатель,false,семинар,259л
Механика сплошной среды,1,,ФН11-74Б,Дробот Д. С.,2026-11-25,3,13,числитель,false,семинар,915л
Аналитическая геометрия,3,,Э1-12/6,Дробот Д. С.,2026-11-25,3,13,числитель,false,семинар,423ю
Механика сплошной среды,2,,ФН11-72Б,Дробот Д. С.,2026-12-02,3,14,знаменатель,false,семинар,915л
Аналитическая геометрия,4,,Э1-12/6,Дробот Д. С.,2026-12-02,3,14,знаменатель,false,семинар,259л
Механика сплошной среды,1,,ФН11-74Б,Дробот Д. С.,2026-12-09,3,15,числитель,false,семинар,915л
Аналитическая геометрия,3,,Э1-12/6,Дробот Д. С.,2026-12-09,3,15,числитель,false,семинар,423ю
Механика сплошной среды,2,,ФН11-72Б,Дробот Д. С.,2026-12-16,3,16,знаменатель,false,семинар,915л
Аналитическая геометрия,4,,Э1-12/6,Дробот Д. С.,2026-12-16,3,16,знаменатель,false,семинар,259л
Механика сплошной среды,1,,ФН11-74Б,Дробот Д. С.,2026-12-23,3,17,числитель,false,семинар,915л
Аналитическая геометрия,3,,Э1-12/6,Дробот Д. С.,2026-12-23,3,17,числитель,false,семинар,423ю
Механика сплошной среды,2,,ФН11-72Б,Дробот Д. С.,2026-12-30,3,18,знаменатель,false,семинар,915л
Аналитическая геометрия,4,,Э1-12/6,Дробот Д. С.,2026-12-30,3,18,знаменатель,false,семинар,259л
Математическое моделирование и теория планирования эксперимента,3,,Э1-51(+2),Жидков Е. Н.,2026-09-04,5,1,числитель,false,лекция,413э
Математическое моделирование и теория планирования эксперимента,4,,Э1-51,Жидков Е. Н.,2026-09-04,5,1,числитель,false,семинар,411э
Математическое моделирование и теория планирования эксперимента,4,,Э1-52(+1),Жидков Е. Н.,2026-09-11,5,2,знаменатель,false,семинар,411э
Математическое моделирование и теория планирования эксперимента,3,,Э1-51(+2),Жидков Е. Н.,2026-09-18,5,3,числитель,false,лекция,413э
Математическое моделирование и теория планирования эксперимента,4,,Э1-51,Жидков Е. Н.,2026-09-18,5,3,числитель,false,семинар,411э
Математическое моделирование и теория планирования эксперимента,4,,Э1-52(+1),Жидков Е. Н.,2026-09-25,5,4,знаменатель,false,семинар,411э
Математическое моделирование и теория планирования эксперимента,3,,Э1-51(+2),Жидков Е. Н.,2026-10-02,5,5,числитель,false,лекция,413э
Математическое моделирование и теория планирования эксперимента,4,,Э1-51,Жидков Е. Н.,2026-10-02,5,5,числитель,false,семинар,411э
Математическое моделирование и теория планирования эксперимента,4,,Э1-52(+1),Жидков Е. Н.,2026-10-09,5,6,знаменатель,false,семинар,411э
Математическое моделирование и теория планирования эксперимента,3,,Э1-51(+2),Жидков Е. Н.,2026-10-16,5,7,числитель,false,лекция,413э
Математическое моделирование и теория планирования эксперимента,4,,Э1-51,Жидков Е. Н.,2026-10-16,5,7,числитель,false,семинар,411э
Математическое моделирование и теория планирования эксперимента,4,,Э1-52(+1),Жидков Е. Н.,2026-10-23,5,8,знаменатель,false,семинар,411э
Математическое моделирование и теория планирования эксперимента,3,,Э1-51(+2),Жидков Е. Н.,2026-10-30,5,9,числитель,false,лекция,413э
Математическое моделирование и теория планирования эксперимента,4,,Э1-51,Жидков Е. Н.,2026-10-30,5,9,числитель,false,семинар,411э
Математическое моделирование и теория планирования эксперимента,4,,Э1-52(+1),Жидков Е. Н.,2026-11-06,5,10,знаменатель,false,семинар,411э
Математическое моделирование и теория планирования эксперимента,3,,Э1-51(+2),Жидков Е. Н.,2026-11-13,5,11,числитель,false,лекция,413э
Математическое моделирование и теория планирования эксперимента,4,,Э1-51,Жидков Е. Н.,2026-11-13,5,11,числитель,false,семинар,411э
Математическое моделирование и теория планирования эксперимента,4,,Э1-52(+1),Жидков Е. Н.,2026-11-20,5,12,знаменатель,false,семинар,411э
Математическое моделирование и теория планирования эксперимента,3,,Э1-51(+2),Жидков Е. Н.,2026-11-27,5,13,числитель,false,лекция,413э
Математическое моделирование и теория планирования эксперимента,4,,Э1-51,Жидков Е. Н.,2026-11-27,5,13,числитель,false,семинар,411э
Математическое моделирование и теория планирования эксперимента,4,,Э1-52(+1),Жидков Е. Н.,2026-12-04,5,14,знаменатель,false,семинар,411э
Математическое моделирование и теория планирования эксперимента,3,,Э1-51(+2),Жидков Е. Н.,2026-12-11,5,15,числитель,false,лекция,413э
Математическое моделирование и теория планирования эксперимента,4,,Э1-51,Жидков Е. Н.,2026-12-11,5,15,числитель,false,семинар,411э
Математическое моделирование и теория планирования эксперимента,4,,Э1-52(+1),Жидков Е. Н.,2026-12-18,5,16,знаменатель,false,семинар,411э
Математическое моделирование и теория планирования эксперимента,3,,Э1-51(+2),Жидков Е. Н.,2026-12-25,5,17,числитель,false,лекция,413э
Математическое моделирование и теория планирования эксперимента,4,,Э1-51,Жидков Е. Н.,2026-12-25,5,17,числитель,false,семинар,411э
Компьютерная геометрия,2,,"ФН11-51Б,52Б,53Б,54Б; ФН11И-53Б",Захаров А. А.,2026-09-01,2,1,числитель,false,лекция,212л
Компьютерная геометрия,3,,ФН11-53Б; ФН11И-53Б,Захаров А. А.,2026-09-01,2,1,числитель,false,семинар,113л
Компьютерная геометрия,3,,ФН11-52Б,Захаров А. А.,2026-09-02,3,1,числитель,false,семинар,237л
Компьютерная геометрия,4,,АК3-51Б,Захаров А. А.,2026-09-03,4,1,числитель,false,лекция,ПП
Компьютерная геометрия,5,,АК3-51Б,Захаров А. А.,2026-09-03,4,1,числитель,false,семинар,ПП
Компьютерная геометрия,2,,ФН11-51Б,Захаров А. А.,2026-09-05,6,1,числитель,false,семинар,253л
Компьютерная геометрия,3,,ФН11-54Б,Захаров А. А.,2026-09-05,6,1,числитель,false,семинар,237л
Компьютерная геометрия,2,,"ФН11-51Б,52Б,53Б,54Б; ФН11И-53Б",Захаров А. А.,2026-09-08,2,2,знаменатель,false,лекция,212л
Компьютерная геометрия,3,,ФН11-53Б; ФН11И-53Б,Захаров А. А.,2026-09-08,2,2,знаменатель,false,семинар,113л
Компьютерная геометрия,3,,ФН11-52Б,Захаров А. А.,2026-09-09,3,2,знаменатель,false,семинар,237л
Компьютерная геометрия,4,,АК3-51Б,Захаров А. А.,2026-09-10,4,2,знаменатель,false,лекция,ПП
Компьютерная геометрия,5,,АК3-51Б,Захаров А. А.,2026-09-10,4,2,знаменатель,false,семинар,ПП
Компьютерная геометрия,2,,ФН11-51Б,Захаров А. А.,2026-09-12,6,2,знаменатель,false,семинар,918л
Компьютерная геометрия,3,,ФН11-54Б,Захаров А. А.,2026-09-12,6,2,знаменатель,false,семинар,237л
Компьютерная геометрия,2,,"ФН11-51Б,52Б,53Б,54Б; ФН11И-53Б",Захаров А. А.,2026-09-15,2,3,числитель,false,лекция,212л
Компьютерная геометрия,3,,ФН11-53Б; ФН11И-53Б,Захаров А. А.,2026-09-15,2,3,числитель,false,семинар,113л
Компьютерная геометрия,3,,ФН11-52Б,Захаров А. А.,2026-09-16,3,3,числитель,false,семинар,237л
Компьютерная геометрия,4,,АК3-51Б,Захаров А. А.,2026-09-17,4,3,числитель,false,лекция,ПП
Компьютерная геометрия,5,,АК3-51Б,Захаров А. А.,2026-09-17,4,3,числитель,false,семинар,ПП
Компьютерная геометрия,2,,ФН11-51Б,Захаров А. А.,2026-09-19,6,3,числитель,false,семинар,253л
Компьютерная геометрия,3,,ФН11-54Б,Захаров А. А.,2026-09-19,6,3,числитель,false,семинар,237л
Компьютерная геометрия,2,,"ФН11-51Б,52Б,53Б,54Б; ФН11И-53Б",Захаров А. А.,2026-09-22,2,4,знаменатель,false,лекция,212л
Компьютерная геометрия,3,,ФН11-53Б; ФН11И-53Б,Захаров А. А.,2026-09-22,2,4,знаменатель,false,семинар,113л
Компьютерная геометрия,3,,ФН11-52Б,Захаров А. А.,2026-09-23,3,4,знаменатель,false,семинар,237л
Компьютерная геометрия,4,,АК3-51Б,Захаров А. А.,2026-09-24,4,4,знаменатель,false,лекция,ПП
Компьютерная геометрия,5,,АК3-51Б,Захаров А. А.,2026-09-24,4,4,знаменатель,false,семинар,ПП
Компьютерная геометрия,2,,ФН11-51Б,Захаров А. А.,2026-09-26,6,4,знаменатель,false,семинар,918л
Компьютерная геометрия,3,,ФН11-54Б,Захаров А. А.,2026-09-26,6,4,знаменатель,false,семинар,237л
Компьютерная геометрия,2,,"ФН11-51Б,52Б,53Б,54Б; ФН11И-53Б",Захаров А. А.,2026-09-29,2,5,числитель,false,лекция,212л
Компьютерная геометрия,3,,ФН11-53Б; ФН11И-53Б,Захаров А. А.,2026-09-29,2,5,числитель,false,семинар,113л
Компьютерная геометрия,3,,ФН11-52Б,Захаров А. А.,2026-09-30,3,5,числитель,false,семинар,237л
Компьютерная геометрия,4,,АК3-51Б,Захаров А. А.,2026-10-01,4,5,числитель,false,лекция,ПП
Компьютерная геометрия,5,,АК3-51Б,Захаров А. А.,2026-10-01,4,5,числитель,false,семинар,ПП
Компьютерная геометрия,2,,ФН11-51Б,Захаров А. А.,2026-10-03,6,5,числитель,false,семинар,253л
Компьютерная геометрия,3,,ФН11-54Б,Захаров А. А.,2026-10-03,6,5,числитель,false,семинар,237л
Компьютерная геометрия,2,,"ФН11-51Б,52Б,53Б,54Б; ФН11И-53Б",Захаров А. А.,2026-10-06,2,6,знаменатель,false,лекция,212л
Компьютерная геометрия,3,,ФН11-53Б; ФН11И-53Б,Захаров А. А.,2026-10-06,2,6,знаменатель,false,семинар,113л
Компьютерная геометрия,3,,ФН11-52Б,Захаров А. А.,2026-10-07,3,6,знаменатель,false,семинар,237л
Компьютерная геометрия,4,,АК3-51Б,Захаров А. А.,2026-10-08,4,6,знаменатель,false,лекция,ПП
Компьютерная геометрия,5,,АК3-51Б,Захаров А. А.,2026-10-08,4,6,знаменатель,false,семинар,ПП
Компьютерная геометрия,2,,ФН11-51Б,Захаров А. А.,2026-10-10,6,6,знаменатель,false,семинар,918л
Компьютерная геометрия,3,,ФН11-54Б,Захаров А. А.,2026-10-10,6,6,знаменатель,false,семинар,237л
Компьютерная геометрия,2,,"ФН11-51Б,52Б,53Б,54Б; ФН11И-53Б",Захаров А. А.,2026-10-13,2,7,числитель,false,лекция,212л
Компьютерная геометрия,3,,ФН11-53Б; ФН11И-53Б,Захаров А. А.,2026-10-13,2,7,числитель,false,семинар,113л
Компьютерная геометрия,3,,ФН11-52Б,Захаров А. А.,2026-10-14,3,7,числитель,false,семинар,237л
Компьютерная геометрия,4,,АК3-51Б,Захаров А. А.,2026-10-15,4,7,числитель,false,лекция,ПП
Компьютерная геометрия,5,,АК3-51Б,Захаров А. А.,2026-10-15,4,7,числитель,false,семинар,ПП
Компьютерная геометрия,2,,ФН11-51Б,Захаров А. А.,2026-10-17,6,7,числитель,false,семинар,253л
Компьютерная геометрия,3,,ФН11-54Б,Захаров А. А.,2026-10-17,6,7,числитель,false,семинар,237л
Компьютерная геометрия,2,,"ФН11-51Б,52Б,53Б,54Б; ФН11И-53Б",Захаров А. А.,2026-10-20,2,8,знаменатель,false,лекция,212л
Компьютерная геометрия,3,,ФН11-53Б; ФН11И-53Б,Захаров А. А.,2026-10-20,2,8,знаменатель,false,семинар,113л
Компьютерная геометрия,3,,ФН11-52Б,Захаров А. А.,2026-10-21,3,8,знаменатель,false,семинар,237л
Компьютерная геометрия,4,,АК3-51Б,Захаров А. А.,2026-10-22,4,8,знаменатель,false,лекция,ПП
Компьютерная геометрия,5,,АК3-51Б,Захаров А. А.,2026-10-22,4,8,знаменатель,false,семинар,ПП
Компьютерная геометрия,2,,ФН11-51Б,Захаров А. А.,2026-10-24,6,8,знаменатель,false,семинар,918л
Компьютерная геометрия,3,,ФН11-54Б,Захаров А. А.,2026-10-24,6,8,знаменатель,false,семинар,237л
Компьютерная геометрия,2,,"ФН11-51Б,52Б,53Б,54Б; ФН11И-53Б",Захаров А. А.,2026-10-27,2,9,числитель,false,лекция,212л
Компьютерная геометрия,3,,ФН11-53Б; ФН11И-53Б,Захаров А. А.,2026-10-27,2,9,числитель,false,семинар,113л
Компьютерная геометрия,3,,ФН11-52Б,Захаров А. А.,2026-10-28,3,9,числитель,false,семинар,237л
Компьютерная геометрия,4,,АК3-51Б,Захаров А. А.,2026-10-29,4,9,числитель,false,лекция,ПП
Компьютерная геометрия,5,,АК3-51Б,Захаров А. А.,2026-10-29,4,9,числитель,false,семинар,ПП
Компьютерная геометрия,2,,ФН11-51Б,Захаров А. А.,2026-10-31,6,9,числитель,false,семинар,253л
Компьютерная геометрия,3,,ФН11-54Б,Захаров А. А.,2026-10-31,6,9,числитель,false,семинар,237л
Компьютерная геометрия,2,,"ФН11-51Б,52Б,53Б,54Б; ФН11И-53Б",Захаров А. А.,2026-11-03,2,10,знаменатель,false,лекция,212л
Компьютерная геометрия,3,,ФН11-53Б; ФН11И-53Б,Захаров А. А.,2026-11-03,2,10,знаменатель,false,семинар,113л
Компьютерная геометрия,3,,ФН11-52Б,Захаров А. А.,2026-11-04,3,10,знаменатель,false,семинар,237л
Компьютерная геометрия,4,,АК3-51Б,Захаров А. А.,2026-11-05,4,10,знаменатель,false,лекция,ПП
Компьютерная геометрия,5,,АК3-51Б,Захаров А. А.,2026-11-05,4,10,знаменатель,false,семинар,ПП
Компьютерная геометрия,2,,ФН11-51Б,Захаров А. А.,2026-11-07,6,10,знаменатель,false,семинар,918л
Компьютерная геометрия,3,,ФН11-54Б,Захаров А. А.,2026-11-07,6,10,знаменатель,false,семинар,237л
Компьютерная геометрия,2,,"ФН11-51Б,52Б,53Б,54Б; ФН11И-53Б",Захаров А. А.,2026-11-10,2,11,числитель,false,лекция,212л
Компьютерная геометрия,3,,ФН11-53Б; ФН11И-53Б,Захаров А. А.,2026-11-10,2,11,числитель,false,семинар,113л
Компьютерная геометрия,3,,ФН11-52Б,Захаров А. А.,2026-11-11,3,11,числитель,false,семинар,237л
Компьютерная геометрия,4,,АК3-51Б,Захаров А. А.,2026-11-12,4,11,числитель,false,лекция,ПП
Компьютерная геометрия,5,,АК3-51Б,Захаров А. А.,2026-11-12,4,11,числитель,false,семинар,ПП
Компьютерная геометрия,2,,ФН11-51Б,Захаров А. А.,2026-11-14,6,11,числитель,false,семинар,253л
Компьютерная геометрия,3,,ФН11-54Б,Захаров А. А.,2026-11-14,6,11,числитель,false,семинар,237л
Компьютерная геометрия,2,,"ФН11-51Б,52Б,53Б,54Б; ФН11И-53Б",Захаров А. А.,2026-11-17,2,12,знаменатель,false,лекция,212л
Компьютерная геометрия,3,,ФН11-53Б; ФН11И-53Б,Захаров А. А.,2026-11-17,2,12,знаменатель,false,семинар,113л
Компьютерная геометрия,3,,ФН11-52Б,Захаров А. А.,2026-11-18,3,12,знаменатель,false,семинар,237л
Компьютерная геометрия,4,,АК3-51Б,Захаров А. А.,2026-11-19,4,12,знаменатель,false,лекция,ПП
Компьютерная геометрия,5,,АК3-51Б,Захаров А. А.,2026-11-19,4,12,знаменатель,false,семинар,ПП
Компьютерная геометрия,2,,ФН11-51Б,Захаров А. А.,2026-11-21,6,12,знаменатель,false,семинар,918л
Компьютерная геометрия,3,,ФН11-54Б,Захаров А. А.,2026-11-21,6,12,знаменатель,false,семинар,237л
Компьютерная геометрия,2,,"ФН11-51Б,52Б,53Б,54Б; ФН11И-53Б",Захаров А. А.,2026-11-24,2,13,числитель,false,лекция,212л
Компьютерная геометрия,3,,ФН11-53Б; ФН11И-53Б,Захаров А. А.,2026-11-24,2,13,числитель,false,семинар,113л
Компьютерная геометрия,3,,ФН11-52Б,Захаров А. А.,2026-11-25,3,13,числитель,false,семинар,237л
Компьютерная геометрия,4,,АК3-51Б,Захаров А. А.,2026-11-26,4,13,числитель,false,лекция,ПП
Компьютерная геометрия,5,,АК3-51Б,Захаров А. А.,2026-11-26,4,13,числитель,false,семинар,ПП
Компьютерная геометрия,2,,ФН11-51Б,Захаров А. А.,2026-11-28,6,13,числитель,false,семинар,253л
Компьютерная геометрия,3,,ФН11-54Б,Захаров А. А.,2026-11-28,6,13,числитель,false,семинар,237л
Компьютерная геометрия,2,,"ФН11-51Б,52Б,53Б,54Б; ФН11И-53Б",Захаров А. А.,2026-12-01,2,14,знаменатель,false,лекция,212л
Компьютерная геометрия,3,,ФН11-53Б; ФН11И-53Б,Захаров А. А.,2026-12-01,2,14,знаменатель,false,семинар,113л
Компьютерная геометрия,3,,ФН11-52Б,Захаров А. А.,2026-12-02,3,14,знаменатель,false,семинар,237л
Компьютерная геометрия,4,,АК3-51Б,Захаров А. А.,2026-12-03,4,14,знаменатель,false,лекция,ПП
Компьютерная геометрия,5,,АК3-51Б,Захаров А. А.,2026-12-03,4,14,знаменатель,false,семинар,ПП
Компьютерная геометрия,2,,ФН11-51Б,Захаров А. А.,2026-12-05,6,14,знаменатель,false,семинар,918л
Компьютерная геометрия,3,,ФН11-54Б,Захаров А. А.,2026-12-05,6,14,знаменатель,false,семинар,237л
Компьютерная геометрия,2,,"ФН11-51Б,52Б,53Б,54Б; ФН11И-53Б",Захаров А. А.,2026-12-08,2,15,числитель,false,лекция,212л
Компьютерная геометрия,3,,ФН11-53Б; ФН11И-53Б,Захаров А. А.,2026-12-08,2,15,числитель,false,семинар,113л
Компьютерная геометрия,3,,ФН11-52Б,Захаров А. А.,2026-12-09,3,15,числитель,false,семинар,237л
Компьютерная геометрия,4,,АК3-51Б,Захаров А. А.,2026-12-10,4,15,числитель,false,лекция,ПП
Компьютерная геометрия,5,,АК3-51Б,Захаров А. А.,2026-12-10,4,15,числитель,false,семинар,ПП
Компьютерная геометрия,2,,ФН11-51Б,Захаров А. А.,2026-12-12,6,15,числитель,false,семинар,253л
Компьютерная геометрия,3,,ФН11-54Б,Захаров А. А.,2026-12-12,6,15,числитель,false,семинар,237л
Компьютерная геометрия,2,,"ФН11-51Б,52Б,53Б,54Б; ФН11И-53Б",Захаров А. А.,2026-12-15,2,16,знаменатель,false,лекция,212л
Компьютерная геометрия,3,,ФН11-53Б; ФН11И-53Б,Захаров А. А.,2026-12-15,2,16,знаменатель,false,семинар,113л
Компьютерная геометрия,3,,ФН11-52Б,Захаров А. А.,2026-12-16,3,16,знаменатель,false,семинар,237л
Компьютерная геометрия,4,,АК3-51Б,Захаров А. А.,2026-12-17,4,16,знаменатель,false,лекция,ПП
Компьютерная геометрия,5,,АК3-51Б,Захаров А. А.,2026-12-17,4,16,знаменатель,false,семинар,ПП
Компьютерная геометрия,2,,ФН11-51Б,Захаров А. А.,2026-12-19,6,16,знаменатель,false,семинар,918л
Компьютерная геометрия,3,,ФН11-54Б,Захаров А. А.,2026-12-19,6,16,знаменатель,false,семинар,237л
Компьютерная геометрия,2,,"ФН11-51Б,52Б,53Б,54Б; ФН11И-53Б",Захаров А. А.,2026-12-22,2,17,числитель,false,лекция,212л
Компьютерная геометрия,3,,ФН11-53Б; ФН11И-53Б,Захаров А. А.,2026-12-22,2,17,числитель,false,семинар,113л
Компьютерная геометрия,3,,ФН11-52Б,Захаров А. А.,2026-12-23,3,17,числитель,false,семинар,237л
Компьютерная геометрия,4,,АК3-51Б,Захаров А. А.,2026-12-24,4,17,числитель,false,лекция,ПП
Компьютерная геометрия,5,,АК3-51Б,Захаров А. А.,2026-12-24,4,17,числитель,false,семинар,ПП
Компьютерная геометрия,2,,ФН11-51Б,Захаров А. А.,2026-12-26,6,17,числитель,false,семинар,253л
Компьютерная геометрия,3,,ФН11-54Б,Захаров А. А.,2026-12-26,6,17,числитель,false,семинар,237л
Компьютерная геометрия,2,,"ФН11-51Б,52Б,53Б,54Б; ФН11И-53Б",Захаров А. А.,2026-12-29,2,18,знаменатель,false,лекция,212л
Компьютерная геометрия,3,,ФН11-53Б; ФН11И-53Б,Захаров А. А.,2026-12-29,2,18,знаменатель,false,семинар,113л
Компьютерная геометрия,3,,ФН11-52Б,Захаров А. А.,2026-12-30,3,18,знаменатель,false,семинар,237л
Компьютерная геометрия,4,,АК3-51Б,Захаров А. А.,2026-12-31,4,18,знаменатель,false,лекция,ПП
Компьютерная геометрия,5,,АК3-51Б,Захаров А. А.,2026-12-31,4,18,знаменатель,false,семинар,ПП
Математический анализ,3,,"ФН11-12/4,11/4",Захарова Ю. В.,2026-09-01,2,1,числитель,false,лекция,228л
Основы метода конечных элементов,4,,"ФН11-71Б,72Б,74Б",Захарова Ю. В.,2026-09-01,2,1,числитель,false,лекция,935л
Основы метода конечных элементов,5,,ФН11-71Б,Захарова Ю. В.,2026-09-01,2,1,числитель,false,семинар,113л
Численные методы,3,,ФН11-51Б,Захарова Ю. В.,2026-09-02,3,1,числитель,false,семинар,113л
Численные методы,4,,"ФН11-51Б,52Б,53Б,54Б; ФН11И-53Б",Захарова Ю. В.,2026-09-02,3,1,числитель,false,лекция,212л
Математический анализ,4,,ФН11-11/4,Захарова Ю. В.,2026-09-04,5,1,числитель,false,семинар,834л
Математический анализ,3,,"ФН11-12/4,11/4",Захарова Ю. В.,2026-09-08,2,2,знаменатель,false,лекция,228л
Основы метода конечных элементов,4,,"ФН11-71Б,72Б,74Б",Захарова Ю. В.,2026-09-08,2,2,знаменатель,false,лекция,935л
Основы метода конечных элементов,5,,ФН11-71Б,Захарова Ю. В.,2026-09-08,2,2,знаменатель,false,семинар,113л
Численные методы,3,,ФН11-51Б,Захарова Ю. В.,2026-09-09,3,2,знаменатель,false,семинар,113л
Численные методы,4,,"ФН11-51Б,52Б,53Б,54Б; ФН11И-53Б",Захарова Ю. В.,2026-09-09,3,2,знаменатель,false,лекция,212л
Математический анализ,4,,ФН11-11/4,Захарова Ю. В.,2026-09-11,5,2,знаменатель,false,семинар,935л
Математический анализ,3,,"ФН11-12/4,11/4",Захарова Ю. В.,2026-09-15,2,3,числитель,false,лекция,228л
Основы метода конечных элементов,4,,"ФН11-71Б,72Б,74Б",Захарова Ю. В.,2026-09-15,2,3,числитель,false,лекция,935л
Основы метода конечных элементов,5,,ФН11-71Б,Захарова Ю. В.,2026-09-15,2,3,числитель,false,семинар,113л
Численные методы,3,,ФН11-51Б,Захарова Ю. В.,2026-09-16,3,3,числитель,false,семинар,113л
Численные методы,4,,"ФН11-51Б,52Б,53Б,54Б; ФН11И-53Б",Захарова Ю. В.,2026-09-16,3,3,числитель,false,лекция,212л
Математический анализ,4,,ФН11-11/4,Захарова Ю. В.,2026-09-18,5,3,числитель,false,семинар,834л
Математический анализ,3,,"ФН11-12/4,11/4",Захарова Ю. В.,2026-09-22,2,4,знаменатель,false,лекция,228л
Основы метода конечных элементов,4,,"ФН11-71Б,72Б,74Б",Захарова Ю. В.,2026-09-22,2,4,знаменатель,false,лекция,935л
Основы метода конечных элементов,5,,ФН11-71Б,Захарова Ю. В.,2026-09-22,2,4,знаменатель,false,семинар,113л
Численные методы,3,,ФН11-51Б,Захарова Ю. В.,2026-09-23,3,4,знаменатель,false,семинар,113л
Численные методы,4,,"ФН11-51Б,52Б,53Б,54Б; ФН11И-53Б",Захарова Ю. В.,2026-09-23,3,4,знаменатель,false,лекция,212л
Математический анализ,4,,ФН11-11/4,Захарова Ю. В.,2026-09-25,5,4,знаменатель,false,семинар,935л
Математический анализ,3,,"ФН11-12/4,11/4",Захарова Ю. В.,2026-09-29,2,5,числитель,false,лекция,228л
Основы метода конечных элементов,4,,"ФН11-71Б,72Б,74Б",Захарова Ю. В.,2026-09-29,2,5,числитель,false,лекция,935л
Основы метода конечных элементов,5,,ФН11-71Б,Захарова Ю. В.,2026-09-29,2,5,числитель,false,семинар,113л
Численные методы,3,,ФН11-51Б,Захарова Ю. В.,2026-09-30,3,5,числитель,false,семинар,113л
Численные методы,4,,"ФН11-51Б,52Б,53Б,54Б; ФН11И-53Б",Захарова Ю. В.,2026-09-30,3,5,числитель,false,лекция,212л
Математический анализ,4,,ФН11-11/4,Захарова Ю. В.,2026-10-02,5,5,числитель,false,семинар,834л
Математический анализ,3,,"ФН11-12/4,11/4",Захарова Ю. В.,2026-10-06,2,6,знаменатель,false,лекция,228л
Основы метода конечных элементов,4,,"ФН11-71Б,72Б,74Б",Захарова Ю. В.,2026-10-06,2,6,знаменатель,false,лекция,935л
Основы метода конечных элементов,5,,ФН11-71Б,Захарова Ю. В.,2026-10-06,2,6,знаменатель,false,семинар,113л
Численные методы,3,,ФН11-51Б,Захарова Ю. В.,2026-10-07,3,6,знаменатель,false,семинар,113л
Численные методы,4,,"ФН11-51Б,52Б,53Б,54Б; ФН11И-53Б",Захарова Ю. В.,2026-10-07,3,6,знаменатель,false,лекция,212л
Математический анализ,4,,ФН11-11/4,Захарова Ю. В.,2026-10-09,5,6,знаменатель,false,семинар,935л
Математический анализ,3,,"ФН11-12/4,11/4",Захарова Ю. В.,2026-10-13,2,7,числитель,false,лекция,228л
Основы метода конечных элементов,4,,"ФН11-71Б,72Б,74Б",Захарова Ю. В.,2026-10-13,2,7,числитель,false,лекция,935л
Основы метода конечных элементов,5,,ФН11-71Б,Захарова Ю. В.,2026-10-13,2,7,числитель,false,семинар,113л
Численные методы,3,,ФН11-51Б,Захарова Ю. В.,2026-10-14,3,7,числитель,false,семинар,113л
Численные методы,4,,"ФН11-51Б,52Б,53Б,54Б; ФН11И-53Б",Захарова Ю. В.,2026-10-14,3,7,числитель,false,лекция,212л
Математический анализ,4,,ФН11-11/4,Захарова Ю. В.,2026-10-16,5,7,числитель,false,семинар,834л
Математический анализ,3,,"ФН11-12/4,11/4",Захарова Ю. В.,2026-10-20,2,8,знаменатель,false,лекция,228л
Основы метода конечных элементов,4,,"ФН11-71Б,72Б,74Б",Захарова Ю. В.,2026-10-20,2,8,знаменатель,false,лекция,935л
Основы метода конечных элементов,5,,ФН11-71Б,Захарова Ю. В.,2026-10-20,2,8,знаменатель,false,семинар,113л
Численные методы,3,,ФН11-51Б,Захарова Ю. В.,2026-10-21,3,8,знаменатель,false,семинар,113л
Численные методы,4,,"ФН11-51Б,52Б,53Б,54Б; ФН11И-53Б",Захарова Ю. В.,2026-10-21,3,8,знаменатель,false,лекция,212л
Математический анализ,4,,ФН11-11/4,Захарова Ю. В.,2026-10-23,5,8,знаменатель,false,семинар,935л
Математический анализ,3,,"ФН11-12/4,11/4",Захарова Ю. В.,2026-10-27,2,9,числитель,false,лекция,228л
Основы метода конечных элементов,4,,"ФН11-71Б,72Б,74Б",Захарова Ю. В.,2026-10-27,2,9,числитель,false,лекция,935л
Основы метода конечных элементов,5,,ФН11-71Б,Захарова Ю. В.,2026-10-27,2,9,числитель,false,семинар,113л
Численные методы,3,,ФН11-51Б,Захарова Ю. В.,2026-10-28,3,9,числитель,false,семинар,113л
Численные методы,4,,"ФН11-51Б,52Б,53Б,54Б; ФН11И-53Б",Захарова Ю. В.,2026-10-28,3,9,числитель,false,лекция,212л
Математический анализ,4,,ФН11-11/4,Захарова Ю. В.,2026-10-30,5,9,числитель,false,семинар,834л
Математический анализ,3,,"ФН11-12/4,11/4",Захарова Ю. В.,2026-11-03,2,10,знаменатель,false,лекция,228л
Основы метода конечных элементов,4,,"ФН11-71Б,72Б,74Б",Захарова Ю. В.,2026-11-03,2,10,знаменатель,false,лекция,935л
Основы метода конечных элементов,5,,ФН11-71Б,Захарова Ю. В.,2026-11-03,2,10,знаменатель,false,семинар,113л
Численные методы,3,,ФН11-51Б,Захарова Ю. В.,2026-11-04,3,10,знаменатель,false,семинар,113л
Численные методы,4,,"ФН11-51Б,52Б,53Б,54Б; ФН11И-53Б",Захарова Ю. В.,2026-11-04,3,10,знаменатель,false,лекция,212л
Математический анализ,4,,ФН11-11/4,Захарова Ю. В.,2026-11-06,5,10,знаменатель,false,семинар,935л
Математический анализ,3,,"ФН11-12/4,11/4",Захарова Ю. В.,2026-11-10,2,11,числитель,false,лекция,228л
Основы метода конечных элементов,4,,"ФН11-71Б,72Б,74Б",Захарова Ю. В.,2026-11-10,2,11,числитель,false,лекция,935л
Основы метода конечных элементов,5,,ФН11-71Б,Захарова Ю. В.,2026-11-10,2,11,числитель,false,семинар,113л
Численные методы,3,,ФН11-51Б,Захарова Ю. В.,2026-11-11,3,11,числитель,false,семинар,113л
Численные методы,4,,"ФН11-51Б,52Б,53Б,54Б; ФН11И-53Б",Захарова Ю. В.,2026-11-11,3,11,числитель,false,лекция,212л
Математический анализ,4,,ФН11-11/4,Захарова Ю. В.,2026-11-13,5,11,числитель,false,семинар,834л
Математический анализ,3,,"ФН11-12/4,11/4",Захарова Ю. В.,2026-11-17,2,12,знаменатель,false,лекция,228л
Основы метода конечных элементов,4,,"ФН11-71Б,72Б,74Б",Захарова Ю. В.,2026-11-17,2,12,знаменатель,false,лекция,935л
Основы метода конечных элементов,5,,ФН11-71Б,Захарова Ю. В.,2026-11-17,2,12,знаменатель,false,семинар,113л
Численные методы,3,,ФН11-51Б,Захарова Ю. В.,2026-11-18,3,12,знаменатель,false,семинар,113л
Численные методы,4,,"ФН11-51Б,52Б,53Б,54Б; ФН11И-53Б",Захарова Ю. В.,2026-11-18,3,12,знаменатель,false,лекция,212л
Математический анализ,4,,ФН11-11/4,Захарова Ю. В.,2026-11-20,5,12,знаменатель,false,семинар,935л
Математический анализ,3,,"ФН11-12/4,11/4",Захарова Ю. В.,2026-11-24,2,13,числитель,false,лекция,228л
Основы метода конечных элементов,4,,"ФН11-71Б,72Б,74Б",Захарова Ю. В.,2026-11-24,2,13,числитель,false,лекция,935л
Основы метода конечных элементов,5,,ФН11-71Б,Захарова Ю. В.,2026-11-24,2,13,числитель,false,семинар,113л
Численные методы,3,,ФН11-51Б,Захарова Ю. В.,2026-11-25,3,13,числитель,false,семинар,113л
Численные методы,4,,"ФН11-51Б,52Б,53Б,54Б; ФН11И-53Б",Захарова Ю. В.,2026-11-25,3,13,числитель,false,лекция,212л
Математический анализ,4,,ФН11-11/4,Захарова Ю. В.,2026-11-27,5,13,числитель,false,семинар,834л
Математический анализ,3,,"ФН11-12/4,11/4",Захарова Ю. В.,2026-12-01,2,14,знаменатель,false,лекция,228л
Основы метода конечных элементов,4,,"ФН11-71Б,72Б,74Б",Захарова Ю. В.,2026-12-01,2,14,знаменатель,false,лекция,935л
Основы метода конечных элементов,5,,ФН11-71Б,Захарова Ю. В.,2026-12-01,2,14,знаменатель,false,семинар,113л
Численные методы,3,,ФН11-51Б,Захарова Ю. В.,2026-12-02,3,14,знаменатель,false,семинар,113л
Численные методы,4,,"ФН11-51Б,52Б,53Б,54Б; ФН11И-53Б",Захарова Ю. В.,2026-12-02,3,14,знаменатель,false,лекция,212л
Математический анализ,4,,ФН11-11/4,Захарова Ю. В.,2026-12-04,5,14,знаменатель,false,семинар,935л
Математический анализ,3,,"ФН11-12/4,11/4",Захарова Ю. В.,2026-12-08,2,15,числитель,false,лекция,228л
Основы метода конечных элементов,4,,"ФН11-71Б,72Б,74Б",Захарова Ю. В.,2026-12-08,2,15,числитель,false,лекция,935л
Основы метода конечных элементов,5,,ФН11-71Б,Захарова Ю. В.,2026-12-08,2,15,числитель,false,семинар,113л
Численные методы,3,,ФН11-51Б,Захарова Ю. В.,2026-12-09,3,15,числитель,false,семинар,113л
Численные методы,4,,"ФН11-51Б,52Б,53Б,54Б; ФН11И-53Б",Захарова Ю. В.,2026-12-09,3,15,числитель,false,лекция,212л
Математический анализ,4,,ФН11-11/4,Захарова Ю. В.,2026-12-11,5,15,числитель,false,семинар,834л
Математический анализ,3,,"ФН11-12/4,11/4",Захарова Ю. В.,2026-12-15,2,16,знаменатель,false,лекция,228л
Основы метода конечных элементов,4,,"ФН11-71Б,72Б,74Б",Захарова Ю. В.,2026-12-15,2,16,знаменатель,false,лекция,935л
Основы метода конечных элементов,5,,ФН11-71Б,Захарова Ю. В.,2026-12-15,2,16,знаменатель,false,семинар,113л
Численные методы,3,,ФН11-51Б,Захарова Ю. В.,2026-12-16,3,16,знаменатель,false,семинар,113л
Численные методы,4,,"ФН11-51Б,52Б,53Б,54Б; ФН11И-53Б",Захарова Ю. В.,2026-12-16,3,16,знаменатель,false,лекция,212л
Математический анализ,4,,ФН11-11/4,Захарова Ю. В.,2026-12-18,5,16,знаменатель,false,семинар,935л
Математический анализ,3,,"ФН11-12/4,11/4",Захарова Ю. В.,2026-12-22,2,17,числитель,false,лекция,228л
Основы метода конечных элементов,4,,"ФН11-71Б,72Б,74Б",Захарова Ю. В.,2026-12-22,2,17,числитель,false,лекция,935л
Основы метода конечных элементов,5,,ФН11-71Б,Захарова Ю. В.,2026-12-22,2,17,числитель,false,семинар,113л
Численные методы,3,,ФН11-51Б,Захарова Ю. В.,2026-12-23,3,17,числитель,false,семинар,113л
Численные методы,4,,"ФН11-51Б,52Б,53Б,54Б; ФН11И-53Б",Захарова Ю. В.,2026-12-23,3,17,числитель,false,лекция,212л
Математический анализ,4,,ФН11-11/4,Захарова Ю. В.,2026-12-25,5,17,числитель,false,семинар,834л
Математический анализ,3,,"ФН11-12/4,11/4",Захарова Ю. В.,2026-12-29,2,18,знаменатель,false,лекция,228л
Основы метода конечных элементов,4,,"ФН11-71Б,72Б,74Б",Захарова Ю. В.,2026-12-29,2,18,знаменатель,false,лекция,935л
Основы метода конечных элементов,5,,ФН11-71Б,Захарова Ю. В.,2026-12-29,2,18,знаменатель,false,семинар,113л
Численные методы,3,,ФН11-51Б,Захарова Ю. В.,2026-12-30,3,18,знаменатель,false,семинар,113л
Численные методы,4,,"ФН11-51Б,52Б,53Б,54Б; ФН11И-53Б",Захарова Ю. В.,2026-12-30,3,18,знаменатель,false,лекция,212л
Теория вероятностей и математическая статистика,4,,ФН11-52Б,Зубарев К. М.,2026-09-01,2,1,числитель,false,семинар,922л
Стохастический анализ и стохастические дифференциальные уравнения,3,,ФН11-73Б(+1),Зубарев К. М.,2026-09-03,4,1,числитель,false,семинар,922л
Стохастический анализ и стохастические дифференциальные уравнения,5,,ФН11-74Б,Зубарев К. М.,2026-09-03,4,1,числитель,false,семинар,924л
Статические и динамические модели экономики,6,,ФН11-12М,Зубарев К. М.,2026-09-03,4,1,числитель,false,семинар,935л
Статические и динамические модели экономики,7,,ФН11-12М,Зубарев К. М.,2026-09-03,4,1,числитель,false,лекция,935л
Теория вероятностей и математическая статистика,4,,ФН4-51Б(+1),Зубарев К. М.,2026-09-04,5,1,числитель,false,лекция,935л
Теория вероятностей и математическая статистика,5,,ФН11-53Б(+1),Зубарев К. М.,2026-09-04,5,1,числитель,false,семинар,922л
Теория вероятностей и математическая статистика,6,,ФН4-51Б,Зубарев К. М.,2026-09-04,5,1,числитель,false,семинар,924л
Теория вероятностей и математическая статистика,4,,ФН11-52Б,Зубарев К. М.,2026-09-08,2,2,знаменатель,false,семинар,922л
Стохастический анализ и стохастические дифференциальные уравнения,3,,ФН11-73Б(+1),Зубарев К. М.,2026-09-10,4,2,знаменатель,false,семинар,922л
Стохастический анализ и стохастические дифференциальные уравнения,5,,ФН11-74Б,Зубарев К. М.,2026-09-10,4,2,знаменатель,false,семинар,924л
Статические и динамические модели экономики,6,,ФН11-12М,Зубарев К. М.,2026-09-10,4,2,знаменатель,false,семинар,935л
Статические и динамические модели экономики,7,,ФН11-12М,Зубарев К. М.,2026-09-10,4,2,знаменатель,false,лекция,935л
Теория вероятностей и математическая статистика,5,,ФН11-53Б(+1),Зубарев К. М.,2026-09-11,5,2,знаменатель,false,семинар,922л
Теория вероятностей и математическая статистика,6,,ФН4-51Б,Зубарев К. М.,2026-09-11,5,2,знаменатель,false,семинар,924л
Теория вероятностей и математическая статистика,4,,ФН11-52Б,Зубарев К. М.,2026-09-15,2,3,числитель,false,семинар,922л
Стохастический анализ и стохастические дифференциальные уравнения,3,,ФН11-73Б(+1),Зубарев К. М.,2026-09-17,4,3,числитель,false,семинар,922л
Стохастический анализ и стохастические дифференциальные уравнения,5,,ФН11-74Б,Зубарев К. М.,2026-09-17,4,3,числитель,false,семинар,924л
Статические и динамические модели экономики,6,,ФН11-12М,Зубарев К. М.,2026-09-17,4,3,числитель,false,семинар,935л
Статические и динамические модели экономики,7,,ФН11-12М,Зубарев К. М.,2026-09-17,4,3,числитель,false,лекция,935л
Теория вероятностей и математическая статистика,4,,ФН4-51Б(+1),Зубарев К. М.,2026-09-18,5,3,числитель,false,лекция,935л
Теория вероятностей и математическая статистика,5,,ФН11-53Б(+1),Зубарев К. М.,2026-09-18,5,3,числитель,false,семинар,922л
Теория вероятностей и математическая статистика,6,,ФН4-51Б,Зубарев К. М.,2026-09-18,5,3,числитель,false,семинар,924л
Теория вероятностей и математическая статистика,4,,ФН11-52Б,Зубарев К. М.,2026-09-22,2,4,знаменатель,false,семинар,922л
Стохастический анализ и стохастические дифференциальные уравнения,3,,ФН11-73Б(+1),Зубарев К. М.,2026-09-24,4,4,знаменатель,false,семинар,922л
Стохастический анализ и стохастические дифференциальные уравнения,5,,ФН11-74Б,Зубарев К. М.,2026-09-24,4,4,знаменатель,false,семинар,924л
Статические и динамические модели экономики,6,,ФН11-12М,Зубарев К. М.,2026-09-24,4,4,знаменатель,false,семинар,935л
Статические и динамические модели экономики,7,,ФН11-12М,Зубарев К. М.,2026-09-24,4,4,знаменатель,false,лекция,935л
Теория вероятностей и математическая статистика,5,,ФН11-53Б(+1),Зубарев К. М.,2026-09-25,5,4,знаменатель,false,семинар,922л
Теория вероятностей и математическая статистика,6,,ФН4-51Б,Зубарев К. М.,2026-09-25,5,4,знаменатель,false,семинар,924л
Теория вероятностей и математическая статистика,4,,ФН11-52Б,Зубарев К. М.,2026-09-29,2,5,числитель,false,семинар,922л
Стохастический анализ и стохастические дифференциальные уравнения,3,,ФН11-73Б(+1),Зубарев К. М.,2026-10-01,4,5,числитель,false,семинар,922л
Стохастический анализ и стохастические дифференциальные уравнения,5,,ФН11-74Б,Зубарев К. М.,2026-10-01,4,5,числитель,false,семинар,924л
Статические и динамические модели экономики,6,,ФН11-12М,Зубарев К. М.,2026-10-01,4,5,числитель,false,семинар,935л
Статические и динамические модели экономики,7,,ФН11-12М,Зубарев К. М.,2026-10-01,4,5,числитель,false,лекция,935л
Теория вероятностей и математическая статистика,4,,ФН4-51Б(+1),Зубарев К. М.,2026-10-02,5,5,числитель,false,лекция,935л
Теория вероятностей и математическая статистика,5,,ФН11-53Б(+1),Зубарев К. М.,2026-10-02,5,5,числитель,false,семинар,922л
Теория вероятностей и математическая статистика,6,,ФН4-51Б,Зубарев К. М.,2026-10-02,5,5,числитель,false,семинар,924л
Теория вероятностей и математическая статистика,4,,ФН11-52Б,Зубарев К. М.,2026-10-06,2,6,знаменатель,false,семинар,922л
Стохастический анализ и стохастические дифференциальные уравнения,3,,ФН11-73Б(+1),Зубарев К. М.,2026-10-08,4,6,знаменатель,false,семинар,922л
Стохастический анализ и стохастические дифференциальные уравнения,5,,ФН11-74Б,Зубарев К. М.,2026-10-08,4,6,знаменатель,false,семинар,924л
Статические и динамические модели экономики,6,,ФН11-12М,Зубарев К. М.,2026-10-08,4,6,знаменатель,false,семинар,935л
Статические и динамические модели экономики,7,,ФН11-12М,Зубарев К. М.,2026-10-08,4,6,знаменатель,false,лекция,935л
Теория вероятностей и математическая статистика,5,,ФН11-53Б(+1),Зубарев К. М.,2026-10-09,5,6,знаменатель,false,семинар,922л
Теория вероятностей и математическая статистика,6,,ФН4-51Б,Зубарев К. М.,2026-10-09,5,6,знаменатель,false,семинар,924л
Теория вероятностей и математическая статистика,4,,ФН11-52Б,Зубарев К. М.,2026-10-13,2,7,числитель,false,семинар,922л
Стохастический анализ и стохастические дифференциальные уравнения,3,,ФН11-73Б(+1),Зубарев К. М.,2026-10-15,4,7,числитель,false,семинар,922л
Стохастический анализ и стохастические дифференциальные уравнения,5,,ФН11-74Б,Зубарев К. М.,2026-10-15,4,7,числитель,false,семинар,924л
Статические и динамические модели экономики,6,,ФН11-12М,Зубарев К. М.,2026-10-15,4,7,числитель,false,семинар,935л
Статические и динамические модели экономики,7,,ФН11-12М,Зубарев К. М.,2026-10-15,4,7,числитель,false,лекция,935л
Теория вероятностей и математическая статистика,4,,ФН4-51Б(+1),Зубарев К. М.,2026-10-16,5,7,числитель,false,лекция,935л
Теория вероятностей и математическая статистика,5,,ФН11-53Б(+1),Зубарев К. М.,2026-10-16,5,7,числитель,false,семинар,922л
Теория вероятностей и математическая статистика,6,,ФН4-51Б,Зубарев К. М.,2026-10-16,5,7,числитель,false,семинар,924л
Теория вероятностей и математическая статистика,4,,ФН11-52Б,Зубарев К. М.,2026-10-20,2,8,знаменатель,false,семинар,922л
Стохастический анализ и стохастические дифференциальные уравнения,3,,ФН11-73Б(+1),Зубарев К. М.,2026-10-22,4,8,знаменатель,false,семинар,922л
Стохастический анализ и стохастические дифференциальные уравнения,5,,ФН11-74Б,Зубарев К. М.,2026-10-22,4,8,знаменатель,false,семинар,924л
Статические и динамические модели экономики,6,,ФН11-12М,Зубарев К. М.,2026-10-22,4,8,знаменатель,false,семинар,935л
Статические и динамические модели экономики,7,,ФН11-12М,Зубарев К. М.,2026-10-22,4,8,знаменатель,false,лекция,935л
Теория вероятностей и математическая статистика,5,,ФН11-53Б(+1),Зубарев К. М.,2026-10-23,5,8,знаменатель,false,семинар,922л
Теория вероятностей и математическая статистика,6,,ФН4-51Б,Зубарев К. М.,2026-10-23,5,8,знаменатель,false,семинар,924л
Теория вероятностей и математическая статистика,4,,ФН11-52Б,Зубарев К. М.,2026-10-27,2,9,числитель,false,семинар,922л
Стохастический анализ и стохастические дифференциальные уравнения,3,,ФН11-73Б(+1),Зубарев К. М.,2026-10-29,4,9,числитель,false,семинар,922л
Стохастический анализ и стохастические дифференциальные уравнения,5,,ФН11-74Б,Зубарев К. М.,2026-10-29,4,9,числитель,false,семинар,924л
Статические и динамические модели экономики,6,,ФН11-12М,Зубарев К. М.,2026-10-29,4,9,числитель,false,семинар,935л
Статические и динамические модели экономики,7,,ФН11-12М,Зубарев К. М.,2026-10-29,4,9,числитель,false,лекция,935л
Теория вероятностей и математическая статистика,4,,ФН4-51Б(+1),Зубарев К. М.,2026-10-30,5,9,числитель,false,лекция,935л
Теория вероятностей и математическая статистика,5,,ФН11-53Б(+1),Зубарев К. М.,2026-10-30,5,9,числитель,false,семинар,922л
Теория вероятностей и математическая статистика,6,,ФН4-51Б,Зубарев К. М.,2026-10-30,5,9,числитель,false,семинар,924л
Теория вероятностей и математическая статистика,4,,ФН11-52Б,Зубарев К. М.,2026-11-03,2,10,знаменатель,false,семинар,922л
Стохастический анализ и стохастические дифференциальные уравнения,3,,ФН11-73Б(+1),Зубарев К. М.,2026-11-05,4,10,знаменатель,false,семинар,922л
Стохастический анализ и стохастические дифференциальные уравнения,5,,ФН11-74Б,Зубарев К. М.,2026-11-05,4,10,знаменатель,false,семинар,924л
Статические и динамические модели экономики,6,,ФН11-12М,Зубарев К. М.,2026-11-05,4,10,знаменатель,false,семинар,935л
Статические и динамические модели экономики,7,,ФН11-12М,Зубарев К. М.,2026-11-05,4,10,знаменатель,false,лекция,935л
Теория вероятностей и математическая статистика,5,,ФН11-53Б(+1),Зубарев К. М.,2026-11-06,5,10,знаменатель,false,семинар,922л
Теория вероятностей и математическая статистика,6,,ФН4-51Б,Зубарев К. М.,2026-11-06,5,10,знаменатель,false,семинар,924л
Теория вероятностей и математическая статистика,4,,ФН11-52Б,Зубарев К. М.,2026-11-10,2,11,числитель,false,семинар,922л
Стохастический анализ и стохастические дифференциальные уравнения,3,,ФН11-73Б(+1),Зубарев К. М.,2026-11-12,4,11,числитель,false,семинар,922л
Стохастический анализ и стохастические дифференциальные уравнения,5,,ФН11-74Б,Зубарев К. М.,2026-11-12,4,11,числитель,false,семинар,924л
Статические и динамические модели экономики,6,,ФН11-12М,Зубарев К. М.,2026-11-12,4,11,числитель,false,семинар,935л
Статические и динамические модели экономики,7,,ФН11-12М,Зубарев К. М.,2026-11-12,4,11,числитель,false,лекция,935л
Теория вероятностей и математическая статистика,4,,ФН4-51Б(+1),Зубарев К. М.,2026-11-13,5,11,числитель,false,лекция,935л
Теория вероятностей и математическая статистика,5,,ФН11-53Б(+1),Зубарев К. М.,2026-11-13,5,11,числитель,false,семинар,922л
Теория вероятностей и математическая статистика,6,,ФН4-51Б,Зубарев К. М.,2026-11-13,5,11,числитель,false,семинар,924л
Теория вероятностей и математическая статистика,4,,ФН11-52Б,Зубарев К. М.,2026-11-17,2,12,знаменатель,false,семинар,922л
Стохастический анализ и стохастические дифференциальные уравнения,3,,ФН11-73Б(+1),Зубарев К. М.,2026-11-19,4,12,знаменатель,false,семинар,922л
Стохастический анализ и стохастические дифференциальные уравнения,5,,ФН11-74Б,Зубарев К. М.,2026-11-19,4,12,знаменатель,false,семинар,924л
Статические и динамические модели экономики,6,,ФН11-12М,Зубарев К. М.,2026-11-19,4,12,знаменатель,false,семинар,935л
Статические и динамические модели экономики,7,,ФН11-12М,Зубарев К. М.,2026-11-19,4,12,знаменатель,false,лекция,935л
Теория вероятностей и математическая статистика,5,,ФН11-53Б(+1),Зубарев К. М.,2026-11-20,5,12,знаменатель,false,семинар,922л
Теория вероятностей и математическая статистика,6,,ФН4-51Б,Зубарев К. М.,2026-11-20,5,12,знаменатель,false,семинар,924л
Теория вероятностей и математическая статистика,4,,ФН11-52Б,Зубарев К. М.,2026-11-24,2,13,числитель,false,семинар,922л
Стохастический анализ и стохастические дифференциальные уравнения,3,,ФН11-73Б(+1),Зубарев К. М.,2026-11-26,4,13,числитель,false,семинар,922л
Стохастический анализ и стохастические дифференциальные уравнения,5,,ФН11-74Б,Зубарев К. М.,2026-11-26,4,13,числитель,false,семинар,924л
Статические и динамические модели экономики,6,,ФН11-12М,Зубарев К. М.,2026-11-26,4,13,числитель,false,семинар,935л
Статические и динамические модели экономики,7,,ФН11-12М,Зубарев К. М.,2026-11-26,4,13,числитель,false,лекция,935л
Теория вероятностей и математическая статистика,4,,ФН4-51Б(+1),Зубарев К. М.,2026-11-27,5,13,числитель,false,лекция,935л
Теория вероятностей и математическая статистика,5,,ФН11-53Б(+1),Зубарев К. М.,2026-11-27,5,13,числитель,false,семинар,922л
Теория вероятностей и математическая статистика,6,,ФН4-51Б,Зубарев К. М.,2026-11-27,5,13,числитель,false,семинар,924л
Теория вероятностей и математическая статистика,4,,ФН11-52Б,Зубарев К. М.,2026-12-01,2,14,знаменатель,false,семинар,922л
Стохастический анализ и стохастические дифференциальные уравнения,3,,ФН11-73Б(+1),Зубарев К. М.,2026-12-03,4,14,знаменатель,false,семинар,922л
Стохастический анализ и стохастические дифференциальные уравнения,5,,ФН11-74Б,Зубарев К. М.,2026-12-03,4,14,знаменатель,false,семинар,924л
Статические и динамические модели экономики,6,,ФН11-12М,Зубарев К. М.,2026-12-03,4,14,знаменатель,false,семинар,935л
Статические и динамические модели экономики,7,,ФН11-12М,Зубарев К. М.,2026-12-03,4,14,знаменатель,false,лекция,935л
Теория вероятностей и математическая статистика,5,,ФН11-53Б(+1),Зубарев К. М.,2026-12-04,5,14,знаменатель,false,семинар,922л
Теория вероятностей и математическая статистика,6,,ФН4-51Б,Зубарев К. М.,2026-12-04,5,14,знаменатель,false,семинар,924л
Теория вероятностей и математическая статистика,4,,ФН11-52Б,Зубарев К. М.,2026-12-08,2,15,числитель,false,семинар,922л
Стохастический анализ и стохастические дифференциальные уравнения,3,,ФН11-73Б(+1),Зубарев К. М.,2026-12-10,4,15,числитель,false,семинар,922л
Стохастический анализ и стохастические дифференциальные уравнения,5,,ФН11-74Б,Зубарев К. М.,2026-12-10,4,15,числитель,false,семинар,924л
Статические и динамические модели экономики,6,,ФН11-12М,Зубарев К. М.,2026-12-10,4,15,числитель,false,семинар,935л
Статические и динамические модели экономики,7,,ФН11-12М,Зубарев К. М.,2026-12-10,4,15,числитель,false,лекция,935л
Теория вероятностей и математическая статистика,4,,ФН4-51Б(+1),Зубарев К. М.,2026-12-11,5,15,числитель,false,лекция,935л
Теория вероятностей и математическая статистика,5,,ФН11-53Б(+1),Зубарев К. М.,2026-12-11,5,15,числитель,false,семинар,922л
Теория вероятностей и математическая статистика,6,,ФН4-51Б,Зубарев К. М.,2026-12-11,5,15,числитель,false,семинар,924л
Теория вероятностей и математическая статистика,4,,ФН11-52Б,Зубарев К. М.,2026-12-15,2,16,знаменатель,false,семинар,922л
Стохастический анализ и стохастические дифференциальные уравнения,3,,ФН11-73Б(+1),Зубарев К. М.,2026-12-17,4,16,знаменатель,false,семинар,922л
Стохастический анализ и стохастические дифференциальные уравнения,5,,ФН11-74Б,Зубарев К. М.,2026-12-17,4,16,знаменатель,false,семинар,924л
Статические и динамические модели экономики,6,,ФН11-12М,Зубарев К. М.,2026-12-17,4,16,знаменатель,false,семинар,935л
Статические и динамические модели экономики,7,,ФН11-12М,Зубарев К. М.,2026-12-17,4,16,знаменатель,false,лекция,935л
Теория вероятностей и математическая статистика,5,,ФН11-53Б(+1),Зубарев К. М.,2026-12-18,5,16,знаменатель,false,семинар,922л
Теория вероятностей и математическая статистика,6,,ФН4-51Б,Зубарев К. М.,2026-12-18,5,16,знаменатель,false,семинар,924л
Теория вероятностей и математическая статистика,4,,ФН11-52Б,Зубарев К. М.,2026-12-22,2,17,числитель,false,семинар,922л
Стохастический анализ и стохастические дифференциальные уравнения,3,,ФН11-73Б(+1),Зубарев К. М.,2026-12-24,4,17,числитель,false,семинар,922л
Стохастический анализ и стохастические дифференциальные уравнения,5,,ФН11-74Б,Зубарев К. М.,2026-12-24,4,17,числитель,false,семинар,924л
Статические и динамические модели экономики,6,,ФН11-12М,Зубарев К. М.,2026-12-24,4,17,числитель,false,семинар,935л
Статические и динамические модели экономики,7,,ФН11-12М,Зубарев К. М.,2026-12-24,4,17,числитель,false,лекция,935л
Теория вероятностей и математическая статистика,4,,ФН4-51Б(+1),Зубарев К. М.,2026-12-25,5,17,числитель,false,лекция,935л
Теория вероятностей и математическая статистика,5,,ФН11-53Б(+1),Зубарев К. М.,2026-12-25,5,17,числитель,false,семинар,922л
Теория вероятностей и математическая статистика,6,,ФН4-51Б,Зубарев К. М.,2026-12-25,5,17,числитель,false,семинар,924л
Теория вероятностей и математическая статистика,4,,ФН11-52Б,Зубарев К. М.,2026-12-29,2,18,знаменатель,false,семинар,922л
Стохастический анализ и стохастические дифференциальные уравнения,3,,ФН11-73Б(+1),Зубарев К. М.,2026-12-31,4,18,знаменатель,false,семинар,922л
Стохастический анализ и стохастические дифференциальные уравнения,5,,ФН11-74Б,Зубарев К. М.,2026-12-31,4,18,знаменатель,false,семинар,924л
Статические и динамические модели экономики,6,,ФН11-12М,Зубарев К. М.,2026-12-31,4,18,знаменатель,false,семинар,935л
Статические и динамические модели экономики,7,,ФН11-12М,Зубарев К. М.,2026-12-31,4,18,знаменатель,false,лекция,935л
Эконометрика,5,,ФН11-12М,Зямалов В. Е.,2026-09-01,2,1,числитель,false,лекция,922л
Эконометрика,6,,ФН11-12М,Зямалов В. Е.,2026-09-01,2,1,числитель,false,семинар,922л
Эконометрика,7,,ФН11-12М,Зямалов В. Е.,2026-09-01,2,1,числитель,false,семинар,922л
Эконометрика,5,,ФН11-12М,Зямалов В. Е.,2026-09-15,2,3,числитель,false,лекция,922л
Эконометрика,6,,ФН11-12М,Зямалов В. Е.,2026-09-15,2,3,числитель,false,семинар,922л
Эконометрика,7,,ФН11-12М,Зямалов В. Е.,2026-09-15,2,3,числитель,false,семинар,922л
Эконометрика,5,,ФН11-12М,Зямалов В. Е.,2026-09-29,2,5,числитель,false,лекция,922л
Эконометрика,6,,ФН11-12М,Зямалов В. Е.,2026-09-29,2,5,числитель,false,семинар,922л
Эконометрика,7,,ФН11-12М,Зямалов В. Е.,2026-09-29,2,5,числитель,false,семинар,922л
Эконометрика,5,,ФН11-12М,Зямалов В. Е.,2026-10-13,2,7,числитель,false,лекция,922л
Эконометрика,6,,ФН11-12М,Зямалов В. Е.,2026-10-13,2,7,числитель,false,семинар,922л
Эконометрика,7,,ФН11-12М,Зямалов В. Е.,2026-10-13,2,7,числитель,false,семинар,922л
Эконометрика,5,,ФН11-12М,Зямалов В. Е.,2026-10-27,2,9,числитель,false,лекция,922л
Эконометрика,6,,ФН11-12М,Зямалов В. Е.,2026-10-27,2,9,числитель,false,семинар,922л
Эконометрика,7,,ФН11-12М,Зямалов В. Е.,2026-10-27,2,9,числитель,false,семинар,922л
Эконометрика,5,,ФН11-12М,Зямалов В. Е.,2026-11-10,2,11,числитель,false,лекция,922л
Эконометрика,6,,ФН11-12М,Зямалов В. Е.,2026-11-10,2,11,числитель,false,семинар,922л
Эконометрика,7,,ФН11-12М,Зямалов В. Е.,2026-11-10,2,11,числитель,false,семинар,922л
Эконометрика,5,,ФН11-12М,Зямалов В. Е.,2026-11-24,2,13,числитель,false,лекция,922л
Эконометрика,6,,ФН11-12М,Зямалов В. Е.,2026-11-24,2,13,числитель,false,семинар,922л
Эконометрика,7,,ФН11-12М,Зямалов В. Е.,2026-11-24,2,13,числитель,false,семинар,922л
Эконометрика,5,,ФН11-12М,Зямалов В. Е.,2026-12-08,2,15,числитель,false,лекция,922л
Эконометрика,6,,ФН11-12М,Зямалов В. Е.,2026-12-08,2,15,числитель,false,семинар,922л
Эконометрика,7,,ФН11-12М,Зямалов В. Е.,2026-12-08,2,15,числитель,false,семинар,922л
Эконометрика,5,,ФН11-12М,Зямалов В. Е.,2026-12-22,2,17,числитель,false,лекция,922л
Эконометрика,6,,ФН11-12М,Зямалов В. Е.,2026-12-22,2,17,числитель,false,семинар,922л
Эконометрика,7,,ФН11-12М,Зямалов В. Е.,2026-12-22,2,17,числитель,false,семинар,922л
Дифференциальные уравнения,3,,АК3-31Б,Иванов М. Ю.,2026-09-01,2,1,числитель,false,лекция,ПП
Дифференциальные уравнения,4,,АК3-31Б,Иванов М. Ю.,2026-09-01,2,1,числитель,false,семинар,ПП
Математическое моделирование гетерогенных сред,4,,ФН11-11М,Иванов М. Ю.,2026-09-05,6,1,числитель,false,лекция,935л
Математическое моделирование гетерогенных сред,5,,ФН11-11М,Иванов М. Ю.,2026-09-05,6,1,числитель,false,семинар,935л
Дифференциальные уравнения,4,,АК3-31Б,Иванов М. Ю.,2026-09-11,5,2,знаменатель,false,лекция,ПП
Дифференциальные уравнения,5,,АК3-31Б,Иванов М. Ю.,2026-09-11,5,2,знаменатель,false,семинар,ПП
Математическое моделирование гетерогенных сред,4,,ФН11-11М,Иванов М. Ю.,2026-09-12,6,2,знаменатель,false,лекция,935л
Математическое моделирование гетерогенных сред,5,,ФН11-11М,Иванов М. Ю.,2026-09-12,6,2,знаменатель,false,семинар,935л
Дифференциальные уравнения,3,,АК3-31Б,Иванов М. Ю.,2026-09-15,2,3,числитель,false,лекция,ПП
Дифференциальные уравнения,4,,АК3-31Б,Иванов М. Ю.,2026-09-15,2,3,числитель,false,семинар,ПП
Математическое моделирование гетерогенных сред,4,,ФН11-11М,Иванов М. Ю.,2026-09-19,6,3,числитель,false,лекция,935л
Математическое моделирование гетерогенных сред,5,,ФН11-11М,Иванов М. Ю.,2026-09-19,6,3,числитель,false,семинар,935л
Дифференциальные уравнения,4,,АК3-31Б,Иванов М. Ю.,2026-09-25,5,4,знаменатель,false,лекция,ПП
Дифференциальные уравнения,5,,АК3-31Б,Иванов М. Ю.,2026-09-25,5,4,знаменатель,false,семинар,ПП
Математическое моделирование гетерогенных сред,4,,ФН11-11М,Иванов М. Ю.,2026-09-26,6,4,знаменатель,false,лекция,935л
Математическое моделирование гетерогенных сред,5,,ФН11-11М,Иванов М. Ю.,2026-09-26,6,4,знаменатель,false,семинар,935л
Дифференциальные уравнения,3,,АК3-31Б,Иванов М. Ю.,2026-09-29,2,5,числитель,false,лекция,ПП
Дифференциальные уравнения,4,,АК3-31Б,Иванов М. Ю.,2026-09-29,2,5,числитель,false,семинар,ПП
Математическое моделирование гетерогенных сред,4,,ФН11-11М,Иванов М. Ю.,2026-10-03,6,5,числитель,false,лекция,935л
Математическое моделирование гетерогенных сред,5,,ФН11-11М,Иванов М. Ю.,2026-10-03,6,5,числитель,false,семинар,935л
Дифференциальные уравнения,4,,АК3-31Б,Иванов М. Ю.,2026-10-09,5,6,знаменатель,false,лекция,ПП
Дифференциальные уравнения,5,,АК3-31Б,Иванов М. Ю.,2026-10-09,5,6,знаменатель,false,семинар,ПП
Математическое моделирование гетерогенных сред,4,,ФН11-11М,Иванов М. Ю.,2026-10-10,6,6,знаменатель,false,лекция,935л
Математическое моделирование гетерогенных сред,5,,ФН11-11М,Иванов М. Ю.,2026-10-10,6,6,знаменатель,false,семинар,935л
Дифференциальные уравнения,3,,АК3-31Б,Иванов М. Ю.,2026-10-13,2,7,числитель,false,лекция,ПП
Дифференциальные уравнения,4,,АК3-31Б,Иванов М. Ю.,2026-10-13,2,7,числитель,false,семинар,ПП
Математическое моделирование гетерогенных сред,4,,ФН11-11М,Иванов М. Ю.,2026-10-17,6,7,числитель,false,лекция,935л
Математическое моделирование гетерогенных сред,5,,ФН11-11М,Иванов М. Ю.,2026-10-17,6,7,числитель,false,семинар,935л
Дифференциальные уравнения,4,,АК3-31Б,Иванов М. Ю.,2026-10-23,5,8,знаменатель,false,лекция,ПП
Дифференциальные уравнения,5,,АК3-31Б,Иванов М. Ю.,2026-10-23,5,8,знаменатель,false,семинар,ПП
Математическое моделирование гетерогенных сред,4,,ФН11-11М,Иванов М. Ю.,2026-10-24,6,8,знаменатель,false,лекция,935л
Математическое моделирование гетерогенных сред,5,,ФН11-11М,Иванов М. Ю.,2026-10-24,6,8,знаменатель,false,семинар,935л
Дифференциальные уравнения,3,,АК3-31Б,Иванов М. Ю.,2026-10-27,2,9,числитель,false,лекция,ПП
Дифференциальные уравнения,4,,АК3-31Б,Иванов М. Ю.,2026-10-27,2,9,числитель,false,семинар,ПП
Математическое моделирование гетерогенных сред,4,,ФН11-11М,Иванов М. Ю.,2026-10-31,6,9,числитель,false,лекция,935л
Математическое моделирование гетерогенных сред,5,,ФН11-11М,Иванов М. Ю.,2026-10-31,6,9,числитель,false,семинар,935л
Дифференциальные уравнения,4,,АК3-31Б,Иванов М. Ю.,2026-11-06,5,10,знаменатель,false,лекция,ПП
Дифференциальные уравнения,5,,АК3-31Б,Иванов М. Ю.,2026-11-06,5,10,знаменатель,false,семинар,ПП
Математическое моделирование гетерогенных сред,4,,ФН11-11М,Иванов М. Ю.,2026-11-07,6,10,знаменатель,false,лекция,935л
Математическое моделирование гетерогенных сред,5,,ФН11-11М,Иванов М. Ю.,2026-11-07,6,10,знаменатель,false,семинар,935л
Дифференциальные уравнения,3,,АК3-31Б,Иванов М. Ю.,2026-11-10,2,11,числитель,false,лекция,ПП
Дифференциальные уравнения,4,,АК3-31Б,Иванов М. Ю.,2026-11-10,2,11,числитель,false,семинар,ПП
Математическое моделирование гетерогенных сред,4,,ФН11-11М,Иванов М. Ю.,2026-11-14,6,11,числитель,false,лекция,935л
Математическое моделирование гетерогенных сред,5,,ФН11-11М,Иванов М. Ю.,2026-11-14,6,11,числитель,false,семинар,935л
Дифференциальные уравнения,4,,АК3-31Б,Иванов М. Ю.,2026-11-20,5,12,знаменатель,false,лекция,ПП
Дифференциальные уравнения,5,,АК3-31Б,Иванов М. Ю.,2026-11-20,5,12,знаменатель,false,семинар,ПП
Математическое моделирование гетерогенных сред,4,,ФН11-11М,Иванов М. Ю.,2026-11-21,6,12,знаменатель,false,лекция,935л
Математическое моделирование гетерогенных сред,5,,ФН11-11М,Иванов М. Ю.,2026-11-21,6,12,знаменатель,false,семинар,935л
Дифференциальные уравнения,3,,АК3-31Б,Иванов М. Ю.,2026-11-24,2,13,числитель,false,лекция,ПП
Дифференциальные уравнения,4,,АК3-31Б,Иванов М. Ю.,2026-11-24,2,13,числитель,false,семинар,ПП
Математическое моделирование гетерогенных сред,4,,ФН11-11М,Иванов М. Ю.,2026-11-28,6,13,числитель,false,лекция,935л
Математическое моделирование гетерогенных сред,5,,ФН11-11М,Иванов М. Ю.,2026-11-28,6,13,числитель,false,семинар,935л
Дифференциальные уравнения,4,,АК3-31Б,Иванов М. Ю.,2026-12-04,5,14,знаменатель,false,лекция,ПП
Дифференциальные уравнения,5,,АК3-31Б,Иванов М. Ю.,2026-12-04,5,14,знаменатель,false,семинар,ПП
Математическое моделирование гетерогенных сред,4,,ФН11-11М,Иванов М. Ю.,2026-12-05,6,14,знаменатель,false,лекция,935л
Математическое моделирование гетерогенных сред,5,,ФН11-11М,Иванов М. Ю.,2026-12-05,6,14,знаменатель,false,семинар,935л
Дифференциальные уравнения,3,,АК3-31Б,Иванов М. Ю.,2026-12-08,2,15,числитель,false,лекция,ПП
Дифференциальные уравнения,4,,АК3-31Б,Иванов М. Ю.,2026-12-08,2,15,числитель,false,семинар,ПП
Математическое моделирование гетерогенных сред,4,,ФН11-11М,Иванов М. Ю.,2026-12-12,6,15,числитель,false,лекция,935л
Математическое моделирование гетерогенных сред,5,,ФН11-11М,Иванов М. Ю.,2026-12-12,6,15,числитель,false,семинар,935л
Дифференциальные уравнения,4,,АК3-31Б,Иванов М. Ю.,2026-12-18,5,16,знаменатель,false,лекция,ПП
Дифференциальные уравнения,5,,АК3-31Б,Иванов М. Ю.,2026-12-18,5,16,знаменатель,false,семинар,ПП
Математическое моделирование гетерогенных сред,4,,ФН11-11М,Иванов М. Ю.,2026-12-19,6,16,знаменатель,false,лекция,935л
Математическое моделирование гетерогенных сред,5,,ФН11-11М,Иванов М. Ю.,2026-12-19,6,16,знаменатель,false,семинар,935л
Дифференциальные уравнения,3,,АК3-31Б,Иванов М. Ю.,2026-12-22,2,17,числитель,false,лекция,ПП
Дифференциальные уравнения,4,,АК3-31Б,Иванов М. Ю.,2026-12-22,2,17,числитель,false,семинар,ПП
Математическое моделирование гетерогенных сред,4,,ФН11-11М,Иванов М. Ю.,2026-12-26,6,17,числитель,false,лекция,935л
Математическое моделирование гетерогенных сред,5,,ФН11-11М,Иванов М. Ю.,2026-12-26,6,17,числитель,false,семинар,935л
Математический анализ,3,,Э3-12/6,Иванова Т. Л.,2026-09-03,4,1,числитель,false,семинар,829л
Математический анализ,4,,Э7-12/6,Иванова Т. Л.,2026-09-03,4,1,числитель,false,семинар,617л
Математический анализ,5,,Э7-12/6,Иванова Т. Л.,2026-09-03,4,1,числитель,false,семинар,617л
Математический анализ,6,,Э7-11/6,Иванова Т. Л.,2026-09-03,4,1,числитель,false,семинар,617л
Математический анализ,3,,Э3-12/6,Иванова Т. Л.,2026-09-04,5,1,числитель,false,семинар,935л
Математический анализ,6,,Э3-13/6,Иванова Т. Л.,2026-09-04,5,1,числитель,false,семинар,255л
Математический анализ,3,,Э3-12/6,Иванова Т. Л.,2026-09-10,4,2,знаменатель,false,семинар,829л
Математический анализ,4,,Э7-11/6,Иванова Т. Л.,2026-09-10,4,2,знаменатель,false,семинар,834л
Математический анализ,5,,Э7-12/6,Иванова Т. Л.,2026-09-10,4,2,знаменатель,false,семинар,617л
Математический анализ,6,,Э7-11/6,Иванова Т. Л.,2026-09-10,4,2,знаменатель,false,семинар,617л
Математический анализ,4,,Э3-13/6,Иванова Т. Л.,2026-09-11,5,2,знаменатель,false,семинар,908л
Математический анализ,6,,Э3-13/6,Иванова Т. Л.,2026-09-11,5,2,знаменатель,false,семинар,255л
Математический анализ,3,,Э3-12/6,Иванова Т. Л.,2026-09-17,4,3,числитель,false,семинар,829л
Математический анализ,4,,Э7-12/6,Иванова Т. Л.,2026-09-17,4,3,числитель,false,семинар,617л
Математический анализ,5,,Э7-12/6,Иванова Т. Л.,2026-09-17,4,3,числитель,false,семинар,617л
Математический анализ,6,,Э7-11/6,Иванова Т. Л.,2026-09-17,4,3,числитель,false,семинар,617л
Математический анализ,3,,Э3-12/6,Иванова Т. Л.,2026-09-18,5,3,числитель,false,семинар,935л
Математический анализ,6,,Э3-13/6,Иванова Т. Л.,2026-09-18,5,3,числитель,false,семинар,255л
Математический анализ,3,,Э3-12/6,Иванова Т. Л.,2026-09-24,4,4,знаменатель,false,семинар,829л
Математический анализ,4,,Э7-11/6,Иванова Т. Л.,2026-09-24,4,4,знаменатель,false,семинар,834л
Математический анализ,5,,Э7-12/6,Иванова Т. Л.,2026-09-24,4,4,знаменатель,false,семинар,617л
Математический анализ,6,,Э7-11/6,Иванова Т. Л.,2026-09-24,4,4,знаменатель,false,семинар,617л
Математический анализ,4,,Э3-13/6,Иванова Т. Л.,2026-09-25,5,4,знаменатель,false,семинар,908л
Математический анализ,6,,Э3-13/6,Иванова Т. Л.,2026-09-25,5,4,знаменатель,false,семинар,255л
Математический анализ,3,,Э3-12/6,Иванова Т. Л.,2026-10-01,4,5,числитель,false,семинар,829л
Математический анализ,4,,Э7-12/6,Иванова Т. Л.,2026-10-01,4,5,числитель,false,семинар,617л
Математический анализ,5,,Э7-12/6,Иванова Т. Л.,2026-10-01,4,5,числитель,false,семинар,617л
Математический анализ,6,,Э7-11/6,Иванова Т. Л.,2026-10-01,4,5,числитель,false,семинар,617л
Математический анализ,3,,Э3-12/6,Иванова Т. Л.,2026-10-02,5,5,числитель,false,семинар,935л
Математический анализ,6,,Э3-13/6,Иванова Т. Л.,2026-10-02,5,5,числитель,false,семинар,255л
Математический анализ,3,,Э3-12/6,Иванова Т. Л.,2026-10-08,4,6,знаменатель,false,семинар,829л
Математический анализ,4,,Э7-11/6,Иванова Т. Л.,2026-10-08,4,6,знаменатель,false,семинар,834л
Математический анализ,5,,Э7-12/6,Иванова Т. Л.,2026-10-08,4,6,знаменатель,false,семинар,617л
Математический анализ,6,,Э7-11/6,Иванова Т. Л.,2026-10-08,4,6,знаменатель,false,семинар,617л
Математический анализ,4,,Э3-13/6,Иванова Т. Л.,2026-10-09,5,6,знаменатель,false,семинар,908л
Математический анализ,6,,Э3-13/6,Иванова Т. Л.,2026-10-09,5,6,знаменатель,false,семинар,255л
Математический анализ,3,,Э3-12/6,Иванова Т. Л.,2026-10-15,4,7,числитель,false,семинар,829л
Математический анализ,4,,Э7-12/6,Иванова Т. Л.,2026-10-15,4,7,числитель,false,семинар,617л
Математический анализ,5,,Э7-12/6,Иванова Т. Л.,2026-10-15,4,7,числитель,false,семинар,617л
Математический анализ,6,,Э7-11/6,Иванова Т. Л.,2026-10-15,4,7,числитель,false,семинар,617л
Математический анализ,3,,Э3-12/6,Иванова Т. Л.,2026-10-16,5,7,числитель,false,семинар,935л
Математический анализ,6,,Э3-13/6,Иванова Т. Л.,2026-10-16,5,7,числитель,false,семинар,255л
Математический анализ,3,,Э3-12/6,Иванова Т. Л.,2026-10-22,4,8,знаменатель,false,семинар,829л
Математический анализ,4,,Э7-11/6,Иванова Т. Л.,2026-10-22,4,8,знаменатель,false,семинар,834л
Математический анализ,5,,Э7-12/6,Иванова Т. Л.,2026-10-22,4,8,знаменатель,false,семинар,617л
Математический анализ,6,,Э7-11/6,Иванова Т. Л.,2026-10-22,4,8,знаменатель,false,семинар,617л
Математический анализ,4,,Э3-13/6,Иванова Т. Л.,2026-10-23,5,8,знаменатель,false,семинар,908л
Математический анализ,6,,Э3-13/6,Иванова Т. Л.,2026-10-23,5,8,знаменатель,false,семинар,255л
Математический анализ,3,,Э3-12/6,Иванова Т. Л.,2026-10-29,4,9,числитель,false,семинар,829л
Математический анализ,4,,Э7-12/6,Иванова Т. Л.,2026-10-29,4,9,числитель,false,семинар,617л
Математический анализ,5,,Э7-12/6,Иванова Т. Л.,2026-10-29,4,9,числитель,false,семинар,617л
Математический анализ,6,,Э7-11/6,Иванова Т. Л.,2026-10-29,4,9,числитель,false,семинар,617л
Математический анализ,3,,Э3-12/6,Иванова Т. Л.,2026-10-30,5,9,числитель,false,семинар,935л
Математический анализ,6,,Э3-13/6,Иванова Т. Л.,2026-10-30,5,9,числитель,false,семинар,255л
Математический анализ,3,,Э3-12/6,Иванова Т. Л.,2026-11-05,4,10,знаменатель,false,семинар,829л
Математический анализ,4,,Э7-11/6,Иванова Т. Л.,2026-11-05,4,10,знаменатель,false,семинар,834л
Математический анализ,5,,Э7-12/6,Иванова Т. Л.,2026-11-05,4,10,знаменатель,false,семинар,617л
Математический анализ,6,,Э7-11/6,Иванова Т. Л.,2026-11-05,4,10,знаменатель,false,семинар,617л
Математический анализ,4,,Э3-13/6,Иванова Т. Л.,2026-11-06,5,10,знаменатель,false,семинар,908л
Математический анализ,6,,Э3-13/6,Иванова Т. Л.,2026-11-06,5,10,знаменатель,false,семинар,255л
Математический анализ,3,,Э3-12/6,Иванова Т. Л.,2026-11-12,4,11,числитель,false,семинар,829л
Математический анализ,4,,Э7-12/6,Иванова Т. Л.,2026-11-12,4,11,числитель,false,семинар,617л
Математический анализ,5,,Э7-12/6,Иванова Т. Л.,2026-11-12,4,11,числитель,false,семинар,617л
Математический анализ,6,,Э7-11/6,Иванова Т. Л.,2026-11-12,4,11,числитель,false,семинар,617л
Математический анализ,3,,Э3-12/6,Иванова Т. Л.,2026-11-13,5,11,числитель,false,семинар,935л
Математический анализ,6,,Э3-13/6,Иванова Т. Л.,2026-11-13,5,11,числитель,false,семинар,255л
Математический анализ,3,,Э3-12/6,Иванова Т. Л.,2026-11-19,4,12,знаменатель,false,семинар,829л
Математический анализ,4,,Э7-11/6,Иванова Т. Л.,2026-11-19,4,12,знаменатель,false,семинар,834л
Математический анализ,5,,Э7-12/6,Иванова Т. Л.,2026-11-19,4,12,знаменатель,false,семинар,617л
Математический анализ,6,,Э7-11/6,Иванова Т. Л.,2026-11-19,4,12,знаменатель,false,семинар,617л
Математический анализ,4,,Э3-13/6,Иванова Т. Л.,2026-11-20,5,12,знаменатель,false,семинар,908л
Математический анализ,6,,Э3-13/6,Иванова Т. Л.,2026-11-20,5,12,знаменатель,false,семинар,255л
Математический анализ,3,,Э3-12/6,Иванова Т. Л.,2026-11-26,4,13,числитель,false,семинар,829л
Математический анализ,4,,Э7-12/6,Иванова Т. Л.,2026-11-26,4,13,числитель,false,семинар,617л
Математический анализ,5,,Э7-12/6,Иванова Т. Л.,2026-11-26,4,13,числитель,false,семинар,617л
Математический анализ,6,,Э7-11/6,Иванова Т. Л.,2026-11-26,4,13,числитель,false,семинар,617л
Математический анализ,3,,Э3-12/6,Иванова Т. Л.,2026-11-27,5,13,числитель,false,семинар,935л
Математический анализ,6,,Э3-13/6,Иванова Т. Л.,2026-11-27,5,13,числитель,false,семинар,255л
Математический анализ,3,,Э3-12/6,Иванова Т. Л.,2026-12-03,4,14,знаменатель,false,семинар,829л
Математический анализ,4,,Э7-11/6,Иванова Т. Л.,2026-12-03,4,14,знаменатель,false,семинар,834л
Математический анализ,5,,Э7-12/6,Иванова Т. Л.,2026-12-03,4,14,знаменатель,false,семинар,617л
Математический анализ,6,,Э7-11/6,Иванова Т. Л.,2026-12-03,4,14,знаменатель,false,семинар,617л
Математический анализ,4,,Э3-13/6,Иванова Т. Л.,2026-12-04,5,14,знаменатель,false,семинар,908л
Математический анализ,6,,Э3-13/6,Иванова Т. Л.,2026-12-04,5,14,знаменатель,false,семинар,255л
Математический анализ,3,,Э3-12/6,Иванова Т. Л.,2026-12-10,4,15,числитель,false,семинар,829л
Математический анализ,4,,Э7-12/6,Иванова Т. Л.,2026-12-10,4,15,числитель,false,семинар,617л
Математический анализ,5,,Э7-12/6,Иванова Т. Л.,2026-12-10,4,15,числитель,false,семинар,617л
Математический анализ,6,,Э7-11/6,Иванова Т. Л.,2026-12-10,4,15,числитель,false,семинар,617л
Математический анализ,3,,Э3-12/6,Иванова Т. Л.,2026-12-11,5,15,числитель,false,семинар,935л
Математический анализ,6,,Э3-13/6,Иванова Т. Л.,2026-12-11,5,15,числитель,false,семинар,255л
Математический анализ,3,,Э3-12/6,Иванова Т. Л.,2026-12-17,4,16,знаменатель,false,семинар,829л
Математический анализ,4,,Э7-11/6,Иванова Т. Л.,2026-12-17,4,16,знаменатель,false,семинар,834л
Математический анализ,5,,Э7-12/6,Иванова Т. Л.,2026-12-17,4,16,знаменатель,false,семинар,617л
Математический анализ,6,,Э7-11/6,Иванова Т. Л.,2026-12-17,4,16,знаменатель,false,семинар,617л
Математический анализ,4,,Э3-13/6,Иванова Т. Л.,2026-12-18,5,16,знаменатель,false,семинар,908л
Математический анализ,6,,Э3-13/6,Иванова Т. Л.,2026-12-18,5,16,знаменатель,false,семинар,255л
Математический анализ,3,,Э3-12/6,Иванова Т. Л.,2026-12-24,4,17,числитель,false,семинар,829л
Математический анализ,4,,Э7-12/6,Иванова Т. Л.,2026-12-24,4,17,числитель,false,семинар,617л
Математический анализ,5,,Э7-12/6,Иванова Т. Л.,2026-12-24,4,17,числитель,false,семинар,617л
Математический анализ,6,,Э7-11/6,Иванова Т. Л.,2026-12-24,4,17,числитель,false,семинар,617л
Математический анализ,3,,Э3-12/6,Иванова Т. Л.,2026-12-25,5,17,числитель,false,семинар,935л
Математический анализ,6,,Э3-13/6,Иванова Т. Л.,2026-12-25,5,17,числитель,false,семинар,255л
Математический анализ,3,,Э3-12/6,Иванова Т. Л.,2026-12-31,4,18,знаменатель,false,семинар,829л
Математический анализ,4,,Э7-11/6,Иванова Т. Л.,2026-12-31,4,18,знаменатель,false,семинар,834л
Математический анализ,5,,Э7-12/6,Иванова Т. Л.,2026-12-31,4,18,знаменатель,false,семинар,617л
Математический анализ,6,,Э7-11/6,Иванова Т. Л.,2026-12-31,4,18,знаменатель,false,семинар,617л
Математические модели макроэкономики,1,,ФН11-73Б(+1),Каменев И. Г.,2026-09-04,5,1,числитель,false,лекция,617л
Математические модели макроэкономики,2,,ФН11-73Б(+1),Каменев И. Г.,2026-09-04,5,1,числитель,false,семинар,711л
Математические модели макроэкономики,3,,ФН11-73Б(+1),Каменев И. Г.,2026-09-04,5,1,числитель,false,семинар,623л
Математические модели макроэкономики,1,,ФН11-73Б(+1),Каменев И. Г.,2026-09-11,5,2,знаменатель,false,лекция,617л
Математические модели макроэкономики,1,,ФН11-73Б(+1),Каменев И. Г.,2026-09-18,5,3,числитель,false,лекция,617л
Математические модели макроэкономики,2,,ФН11-73Б(+1),Каменев И. Г.,2026-09-18,5,3,числитель,false,семинар,711л
Математические модели макроэкономики,3,,ФН11-73Б(+1),Каменев И. Г.,2026-09-18,5,3,числитель,false,семинар,623л
Математические модели макроэкономики,1,,ФН11-73Б(+1),Каменев И. Г.,2026-09-25,5,4,знаменатель,false,лекция,617л
Математические модели макроэкономики,1,,ФН11-73Б(+1),Каменев И. Г.,2026-10-02,5,5,числитель,false,лекция,617л
Математические модели макроэкономики,2,,ФН11-73Б(+1),Каменев И. Г.,2026-10-02,5,5,числитель,false,семинар,711л
Математические модели макроэкономики,3,,ФН11-73Б(+1),Каменев И. Г.,2026-10-02,5,5,числитель,false,семинар,623л
Математические модели макроэкономики,1,,ФН11-73Б(+1),Каменев И. Г.,2026-10-09,5,6,знаменатель,false,лекция,617л
Математические модели макроэкономики,1,,ФН11-73Б(+1),Каменев И. Г.,2026-10-16,5,7,числитель,false,лекция,617л
Математические модели макроэкономики,2,,ФН11-73Б(+1),Каменев И. Г.,2026-10-16,5,7,числитель,false,семинар,711л
Математические модели макроэкономики,3,,ФН11-73Б(+1),Каменев И. Г.,2026-10-16,5,7,числитель,false,семинар,623л
Математические модели макроэкономики,1,,ФН11-73Б(+1),Каменев И. Г.,2026-10-23,5,8,знаменатель,false,лекция,617л
Математические модели макроэкономики,1,,ФН11-73Б(+1),Каменев И. Г.,2026-10-30,5,9,числитель,false,лекция,617л
Математические модели макроэкономики,2,,ФН11-73Б(+1),Каменев И. Г.,2026-10-30,5,9,числитель,false,семинар,711л
Математические модели макроэкономики,3,,ФН11-73Б(+1),Каменев И. Г.,2026-10-30,5,9,числитель,false,семинар,623л
Математические модели макроэкономики,1,,ФН11-73Б(+1),Каменев И. Г.,2026-11-06,5,10,знаменатель,false,лекция,617л
Математические модели макроэкономики,1,,ФН11-73Б(+1),Каменев И. Г.,2026-11-13,5,11,числитель,false,лекция,617л
Математические модели макроэкономики,2,,ФН11-73Б(+1),Каменев И. Г.,2026-11-13,5,11,числитель,false,семинар,711л
Математические модели макроэкономики,3,,ФН11-73Б(+1),Каменев И. Г.,2026-11-13,5,11,числитель,false,семинар,623л
Математические модели макроэкономики,1,,ФН11-73Б(+1),Каменев И. Г.,2026-11-20,5,12,знаменатель,false,лекция,617л
Математические модели макроэкономики,1,,ФН11-73Б(+1),Каменев И. Г.,2026-11-27,5,13,числитель,false,лекция,617л
Математические модели макроэкономики,2,,ФН11-73Б(+1),Каменев И. Г.,2026-11-27,5,13,числитель,false,семинар,711л
Математические модели макроэкономики,3,,ФН11-73Б(+1),Каменев И. Г.,2026-11-27,5,13,числитель,false,семинар,623л
Математические модели макроэкономики,1,,ФН11-73Б(+1),Каменев И. Г.,2026-12-04,5,14,знаменатель,false,лекция,617л
Математические модели макроэкономики,1,,ФН11-73Б(+1),Каменев И. Г.,2026-12-11,5,15,числитель,false,лекция,617л
Математические модели макроэкономики,2,,ФН11-73Б(+1),Каменев И. Г.,2026-12-11,5,15,числитель,false,семинар,711л
Математические модели макроэкономики,3,,ФН11-73Б(+1),Каменев И. Г.,2026-12-11,5,15,числитель,false,семинар,623л
Математические модели макроэкономики,1,,ФН11-73Б(+1),Каменев И. Г.,2026-12-18,5,16,знаменатель,false,лекция,617л
Математические модели макроэкономики,1,,ФН11-73Б(+1),Каменев И. Г.,2026-12-25,5,17,числитель,false,лекция,617л
Математические модели макроэкономики,2,,ФН11-73Б(+1),Каменев И. Г.,2026-12-25,5,17,числитель,false,семинар,711л
Математические модели макроэкономики,3,,ФН11-73Б(+1),Каменев И. Г.,2026-12-25,5,17,числитель,false,семинар,623л
Механика сплошной среды,1,,АК3-71Б,Каменских Г. М.,2026-09-02,3,1,числитель,false,семинар,935л
Механика сплошной среды,2,,ФН11-71Б,Каменских Г. М.,2026-09-09,3,2,знаменатель,false,семинар,935л
Механика сплошной среды,1,,АК3-71Б,Каменских Г. М.,2026-09-16,3,3,числитель,false,семинар,935л
Механика сплошной среды,2,,ФН11-71Б,Каменских Г. М.,2026-09-23,3,4,знаменатель,false,семинар,935л
Механика сплошной среды,1,,АК3-71Б,Каменских Г. М.,2026-09-30,3,5,числитель,false,семинар,935л
Механика сплошной среды,2,,ФН11-71Б,Каменских Г. М.,2026-10-07,3,6,знаменатель,false,семинар,935л
Механика сплошной среды,1,,АК3-71Б,Каменских Г. М.,2026-10-14,3,7,числитель,false,семинар,935л
Механика сплошной среды,2,,ФН11-71Б,Каменских Г. М.,2026-10-21,3,8,знаменатель,false,семинар,935л
Механика сплошной среды,1,,АК3-71Б,Каменских Г. М.,2026-10-28,3,9,числитель,false,семинар,935л
Механика сплошной среды,2,,ФН11-71Б,Каменских Г. М.,2026-11-04,3,10,знаменатель,false,семинар,935л
Механика сплошной среды,1,,АК3-71Б,Каменских Г. М.,2026-11-11,3,11,числитель,false,семинар,935л
Механика сплошной среды,2,,ФН11-71Б,Каменских Г. М.,2026-11-18,3,12,знаменатель,false,семинар,935л
Механика сплошной среды,1,,АК3-71Б,Каменских Г. М.,2026-11-25,3,13,числитель,false,семинар,935л
Механика сплошной среды,2,,ФН11-71Б,Каменских Г. М.,2026-12-02,3,14,знаменатель,false,семинар,935л
Механика сплошной среды,1,,АК3-71Б,Каменских Г. М.,2026-12-09,3,15,числитель,false,семинар,935л
Механика сплошной среды,2,,ФН11-71Б,Каменских Г. М.,2026-12-16,3,16,знаменатель,false,семинар,935л
Механика сплошной среды,1,,АК3-71Б,Каменских Г. М.,2026-12-23,3,17,числитель,false,семинар,935л
Механика сплошной среды,2,,ФН11-71Б,Каменских Г. М.,2026-12-30,3,18,знаменатель,false,семинар,935л
ПТРСИА,5,,ФН11-11М(+1),Каримов С. Б.,2026-08-31,1,1,числитель,false,лекция,922л
ПТРСИА,6,,ФН11-11М(+1),Каримов С. Б.,2026-08-31,1,1,числитель,false,семинар,225ал
ПТРСИА,6,,ФН11-11М(+1),Каримов С. Б.,2026-09-07,1,2,знаменатель,false,семинар,141л
ПТРСИА,7,,ФН11-11М(+1),Каримов С. Б.,2026-09-07,1,2,знаменатель,false,семинар,141л
ПТРСИА,5,,ФН11-11М(+1),Каримов С. Б.,2026-09-14,1,3,числитель,false,лекция,922л
ПТРСИА,6,,ФН11-11М(+1),Каримов С. Б.,2026-09-14,1,3,числитель,false,семинар,225ал
ПТРСИА,6,,ФН11-11М(+1),Каримов С. Б.,2026-09-21,1,4,знаменатель,false,семинар,141л
ПТРСИА,7,,ФН11-11М(+1),Каримов С. Б.,2026-09-21,1,4,знаменатель,false,семинар,141л
ПТРСИА,5,,ФН11-11М(+1),Каримов С. Б.,2026-09-28,1,5,числитель,false,лекция,922л
ПТРСИА,6,,ФН11-11М(+1),Каримов С. Б.,2026-09-28,1,5,числитель,false,семинар,225ал
ПТРСИА,6,,ФН11-11М(+1),Каримов С. Б.,2026-10-05,1,6,знаменатель,false,семинар,141л
ПТРСИА,7,,ФН11-11М(+1),Каримов С. Б.,2026-10-05,1,6,знаменатель,false,семинар,141л
ПТРСИА,5,,ФН11-11М(+1),Каримов С. Б.,2026-10-12,1,7,числитель,false,лекция,922л
ПТРСИА,6,,ФН11-11М(+1),Каримов С. Б.,2026-10-12,1,7,числитель,false,семинар,225ал
ПТРСИА,6,,ФН11-11М(+1),Каримов С. Б.,2026-10-19,1,8,знаменатель,false,семинар,141л
ПТРСИА,7,,ФН11-11М(+1),Каримов С. Б.,2026-10-19,1,8,знаменатель,false,семинар,141л
ПТРСИА,5,,ФН11-11М(+1),Каримов С. Б.,2026-10-26,1,9,числитель,false,лекция,922л
ПТРСИА,6,,ФН11-11М(+1),Каримов С. Б.,2026-10-26,1,9,числитель,false,семинар,225ал
ПТРСИА,6,,ФН11-11М(+1),Каримов С. Б.,2026-11-02,1,10,знаменатель,false,семинар,141л
ПТРСИА,7,,ФН11-11М(+1),Каримов С. Б.,2026-11-02,1,10,знаменатель,false,семинар,141л
ПТРСИА,5,,ФН11-11М(+1),Каримов С. Б.,2026-11-09,1,11,числитель,false,лекция,922л
ПТРСИА,6,,ФН11-11М(+1),Каримов С. Б.,2026-11-09,1,11,числитель,false,семинар,225ал
ПТРСИА,6,,ФН11-11М(+1),Каримов С. Б.,2026-11-16,1,12,знаменатель,false,семинар,141л
ПТРСИА,7,,ФН11-11М(+1),Каримов С. Б.,2026-11-16,1,12,знаменатель,false,семинар,141л
ПТРСИА,5,,ФН11-11М(+1),Каримов С. Б.,2026-11-23,1,13,числитель,false,лекция,922л
ПТРСИА,6,,ФН11-11М(+1),Каримов С. Б.,2026-11-23,1,13,числитель,false,семинар,225ал
ПТРСИА,6,,ФН11-11М(+1),Каримов С. Б.,2026-11-30,1,14,знаменатель,false,семинар,141л
ПТРСИА,7,,ФН11-11М(+1),Каримов С. Б.,2026-11-30,1,14,знаменатель,false,семинар,141л
ПТРСИА,5,,ФН11-11М(+1),Каримов С. Б.,2026-12-07,1,15,числитель,false,лекция,922л
ПТРСИА,6,,ФН11-11М(+1),Каримов С. Б.,2026-12-07,1,15,числитель,false,семинар,225ал
ПТРСИА,6,,ФН11-11М(+1),Каримов С. Б.,2026-12-14,1,16,знаменатель,false,семинар,141л
ПТРСИА,7,,ФН11-11М(+1),Каримов С. Б.,2026-12-14,1,16,знаменатель,false,семинар,141л
ПТРСИА,5,,ФН11-11М(+1),Каримов С. Б.,2026-12-21,1,17,числитель,false,лекция,922л
ПТРСИА,6,,ФН11-11М(+1),Каримов С. Б.,2026-12-21,1,17,числитель,false,семинар,225ал
ПТРСИА,6,,ФН11-11М(+1),Каримов С. Б.,2026-12-28,1,18,знаменатель,false,семинар,141л
ПТРСИА,7,,ФН11-11М(+1),Каримов С. Б.,2026-12-28,1,18,знаменатель,false,семинар,141л
Вариационные методы решения задач математической физики,6,,ФН11-11М(+1),Киреева Е. А.,2026-09-02,3,1,числитель,false,семинар,818л
Аналитическая геометрия,4,,Э4-13/6,Киреева Е. А.,2026-09-03,4,1,числитель,false,семинар,829л
Аналитическая геометрия,5,,Э5-11/6,Киреева Е. А.,2026-09-03,4,1,числитель,false,семинар,736л
Аналитическая геометрия,6,,Э9-12Б,Киреева Е. А.,2026-09-03,4,1,числитель,false,семинар,820л
Аналитическая геометрия,4,,"Э9-11Б,12Б",Киреева Е. А.,2026-09-04,5,1,числитель,false,лекция,255л
Аналитическая геометрия,5,,Э7-12/6,Киреева Е. А.,2026-09-04,5,1,числитель,false,семинар,617л
Аналитическая геометрия,6,,Э2-12/6,Киреева Е. А.,2026-09-04,5,1,числитель,false,семинар,617л
Аналитическая геометрия,1,,"ФН7-11/6; Э1-11/6,12/6; Э2- 11/6,12/6",Киреева Е. А.,2026-09-05,6,1,числитель,false,лекция,218л
Аналитическая геометрия,2,,Э4-12/6,Киреева Е. А.,2026-09-05,6,1,числитель,false,семинар,822л
Аналитическая геометрия,3,,"Э5-11/6,12/6,14/6,13/6",Киреева Е. А.,2026-09-05,6,1,числитель,false,лекция,222л
Вариационные методы решения задач математической физики,6,,ФН11-11М(+1),Киреева Е. А.,2026-09-09,3,2,знаменатель,false,семинар,818л
Аналитическая геометрия,4,,Э4-13/6,Киреева Е. А.,2026-09-10,4,2,знаменатель,false,семинар,829л
Аналитическая геометрия,5,,Э5-11/6,Киреева Е. А.,2026-09-10,4,2,знаменатель,false,семинар,736л
Аналитическая геометрия,6,,Э9-12Б,Киреева Е. А.,2026-09-10,4,2,знаменатель,false,семинар,820л
Аналитическая геометрия,4,,"Э9-11Б,12Б",Киреева Е. А.,2026-09-11,5,2,знаменатель,false,лекция,255л
Аналитическая геометрия,5,,Э7-12/6,Киреева Е. А.,2026-09-11,5,2,знаменатель,false,семинар,935л
Аналитическая геометрия,6,,Э2-12/6,Киреева Е. А.,2026-09-11,5,2,знаменатель,false,семинар,935л
Аналитическая геометрия,1,,"ФН7-11/6; Э1-11/6,12/6; Э2- 11/6,12/6",Киреева Е. А.,2026-09-12,6,2,знаменатель,false,лекция,218л
Аналитическая геометрия,2,,Э4-12/6,Киреева Е. А.,2026-09-12,6,2,знаменатель,false,семинар,822л
Аналитическая геометрия,3,,"Э5-11/6,12/6,14/6,13/6",Киреева Е. А.,2026-09-12,6,2,знаменатель,false,лекция,222л
Вариационные методы решения задач математической физики,6,,ФН11-11М(+1),Киреева Е. А.,2026-09-16,3,3,числитель,false,семинар,818л
Аналитическая геометрия,4,,Э4-13/6,Киреева Е. А.,2026-09-17,4,3,числитель,false,семинар,829л
Аналитическая геометрия,5,,Э5-11/6,Киреева Е. А.,2026-09-17,4,3,числитель,false,семинар,736л
Аналитическая геометрия,6,,Э9-12Б,Киреева Е. А.,2026-09-17,4,3,числитель,false,семинар,820л
Аналитическая геометрия,4,,"Э9-11Б,12Б",Киреева Е. А.,2026-09-18,5,3,числитель,false,лекция,255л
Аналитическая геометрия,5,,Э7-12/6,Киреева Е. А.,2026-09-18,5,3,числитель,false,семинар,617л
Аналитическая геометрия,6,,Э2-12/6,Киреева Е. А.,2026-09-18,5,3,числитель,false,семинар,617л
Аналитическая геометрия,1,,"ФН7-11/6; Э1-11/6,12/6; Э2- 11/6,12/6",Киреева Е. А.,2026-09-19,6,3,числитель,false,лекция,218л
Аналитическая геометрия,2,,Э4-12/6,Киреева Е. А.,2026-09-19,6,3,числитель,false,семинар,822л
Аналитическая геометрия,3,,"Э5-11/6,12/6,14/6,13/6",Киреева Е. А.,2026-09-19,6,3,числитель,false,лекция,222л
Вариационные методы решения задач математической физики,6,,ФН11-11М(+1),Киреева Е. А.,2026-09-23,3,4,знаменатель,false,семинар,818л
Аналитическая геометрия,4,,Э4-13/6,Киреева Е. А.,2026-09-24,4,4,знаменатель,false,семинар,829л
Аналитическая геометрия,5,,Э5-11/6,Киреева Е. А.,2026-09-24,4,4,знаменатель,false,семинар,736л
Аналитическая геометрия,6,,Э9-12Б,Киреева Е. А.,2026-09-24,4,4,знаменатель,false,семинар,820л
Аналитическая геометрия,4,,"Э9-11Б,12Б",Киреева Е. А.,2026-09-25,5,4,знаменатель,false,лекция,255л
Аналитическая геометрия,5,,Э7-12/6,Киреева Е. А.,2026-09-25,5,4,знаменатель,false,семинар,935л
Аналитическая геометрия,6,,Э2-12/6,Киреева Е. А.,2026-09-25,5,4,знаменатель,false,семинар,935л
Аналитическая геометрия,1,,"ФН7-11/6; Э1-11/6,12/6; Э2- 11/6,12/6",Киреева Е. А.,2026-09-26,6,4,знаменатель,false,лекция,218л
Аналитическая геометрия,2,,Э4-12/6,Киреева Е. А.,2026-09-26,6,4,знаменатель,false,семинар,822л
Аналитическая геометрия,3,,"Э5-11/6,12/6,14/6,13/6",Киреева Е. А.,2026-09-26,6,4,знаменатель,false,лекция,222л
Вариационные методы решения задач математической физики,6,,ФН11-11М(+1),Киреева Е. А.,2026-09-30,3,5,числитель,false,семинар,818л
Аналитическая геометрия,4,,Э4-13/6,Киреева Е. А.,2026-10-01,4,5,числитель,false,семинар,829л
Аналитическая геометрия,5,,Э5-11/6,Киреева Е. А.,2026-10-01,4,5,числитель,false,семинар,736л
Аналитическая геометрия,6,,Э9-12Б,Киреева Е. А.,2026-10-01,4,5,числитель,false,семинар,820л
Аналитическая геометрия,4,,"Э9-11Б,12Б",Киреева Е. А.,2026-10-02,5,5,числитель,false,лекция,255л
Аналитическая геометрия,5,,Э7-12/6,Киреева Е. А.,2026-10-02,5,5,числитель,false,семинар,617л
Аналитическая геометрия,6,,Э2-12/6,Киреева Е. А.,2026-10-02,5,5,числитель,false,семинар,617л
Аналитическая геометрия,1,,"ФН7-11/6; Э1-11/6,12/6; Э2- 11/6,12/6",Киреева Е. А.,2026-10-03,6,5,числитель,false,лекция,218л
Аналитическая геометрия,2,,Э4-12/6,Киреева Е. А.,2026-10-03,6,5,числитель,false,семинар,822л
Аналитическая геометрия,3,,"Э5-11/6,12/6,14/6,13/6",Киреева Е. А.,2026-10-03,6,5,числитель,false,лекция,222л
Вариационные методы решения задач математической физики,6,,ФН11-11М(+1),Киреева Е. А.,2026-10-07,3,6,знаменатель,false,семинар,818л
Аналитическая геометрия,4,,Э4-13/6,Киреева Е. А.,2026-10-08,4,6,знаменатель,false,семинар,829л
Аналитическая геометрия,5,,Э5-11/6,Киреева Е. А.,2026-10-08,4,6,знаменатель,false,семинар,736л
Аналитическая геометрия,6,,Э9-12Б,Киреева Е. А.,2026-10-08,4,6,знаменатель,false,семинар,820л
Аналитическая геометрия,4,,"Э9-11Б,12Б",Киреева Е. А.,2026-10-09,5,6,знаменатель,false,лекция,255л
Аналитическая геометрия,5,,Э7-12/6,Киреева Е. А.,2026-10-09,5,6,знаменатель,false,семинар,935л
Аналитическая геометрия,6,,Э2-12/6,Киреева Е. А.,2026-10-09,5,6,знаменатель,false,семинар,935л
Аналитическая геометрия,1,,"ФН7-11/6; Э1-11/6,12/6; Э2- 11/6,12/6",Киреева Е. А.,2026-10-10,6,6,знаменатель,false,лекция,218л
Аналитическая геометрия,2,,Э4-12/6,Киреева Е. А.,2026-10-10,6,6,знаменатель,false,семинар,822л
Аналитическая геометрия,3,,"Э5-11/6,12/6,14/6,13/6",Киреева Е. А.,2026-10-10,6,6,знаменатель,false,лекция,222л
Вариационные методы решения задач математической физики,6,,ФН11-11М(+1),Киреева Е. А.,2026-10-14,3,7,числитель,false,семинар,818л
Аналитическая геометрия,4,,Э4-13/6,Киреева Е. А.,2026-10-15,4,7,числитель,false,семинар,829л
Аналитическая геометрия,5,,Э5-11/6,Киреева Е. А.,2026-10-15,4,7,числитель,false,семинар,736л
Аналитическая геометрия,6,,Э9-12Б,Киреева Е. А.,2026-10-15,4,7,числитель,false,семинар,820л
Аналитическая геометрия,4,,"Э9-11Б,12Б",Киреева Е. А.,2026-10-16,5,7,числитель,false,лекция,255л
Аналитическая геометрия,5,,Э7-12/6,Киреева Е. А.,2026-10-16,5,7,числитель,false,семинар,617л
Аналитическая геометрия,6,,Э2-12/6,Киреева Е. А.,2026-10-16,5,7,числитель,false,семинар,617л
Аналитическая геометрия,1,,"ФН7-11/6; Э1-11/6,12/6; Э2- 11/6,12/6",Киреева Е. А.,2026-10-17,6,7,числитель,false,лекция,218л
Аналитическая геометрия,2,,Э4-12/6,Киреева Е. А.,2026-10-17,6,7,числитель,false,семинар,822л
Аналитическая геометрия,3,,"Э5-11/6,12/6,14/6,13/6",Киреева Е. А.,2026-10-17,6,7,числитель,false,лекция,222л
Вариационные методы решения задач математической физики,6,,ФН11-11М(+1),Киреева Е. А.,2026-10-21,3,8,знаменатель,false,семинар,818л
Аналитическая геометрия,4,,Э4-13/6,Киреева Е. А.,2026-10-22,4,8,знаменатель,false,семинар,829л
Аналитическая геометрия,5,,Э5-11/6,Киреева Е. А.,2026-10-22,4,8,знаменатель,false,семинар,736л
Аналитическая геометрия,6,,Э9-12Б,Киреева Е. А.,2026-10-22,4,8,знаменатель,false,семинар,820л
Аналитическая геометрия,4,,"Э9-11Б,12Б",Киреева Е. А.,2026-10-23,5,8,знаменатель,false,лекция,255л
Аналитическая геометрия,5,,Э7-12/6,Киреева Е. А.,2026-10-23,5,8,знаменатель,false,семинар,935л
Аналитическая геометрия,6,,Э2-12/6,Киреева Е. А.,2026-10-23,5,8,знаменатель,false,семинар,935л
Аналитическая геометрия,1,,"ФН7-11/6; Э1-11/6,12/6; Э2- 11/6,12/6",Киреева Е. А.,2026-10-24,6,8,знаменатель,false,лекция,218л
Аналитическая геометрия,2,,Э4-12/6,Киреева Е. А.,2026-10-24,6,8,знаменатель,false,семинар,822л
Аналитическая геометрия,3,,"Э5-11/6,12/6,14/6,13/6",Киреева Е. А.,2026-10-24,6,8,знаменатель,false,лекция,222л
Вариационные методы решения задач математической физики,6,,ФН11-11М(+1),Киреева Е. А.,2026-10-28,3,9,числитель,false,семинар,818л
Аналитическая геометрия,4,,Э4-13/6,Киреева Е. А.,2026-10-29,4,9,числитель,false,семинар,829л
Аналитическая геометрия,5,,Э5-11/6,Киреева Е. А.,2026-10-29,4,9,числитель,false,семинар,736л
Аналитическая геометрия,6,,Э9-12Б,Киреева Е. А.,2026-10-29,4,9,числитель,false,семинар,820л
Аналитическая геометрия,4,,"Э9-11Б,12Б",Киреева Е. А.,2026-10-30,5,9,числитель,false,лекция,255л
Аналитическая геометрия,5,,Э7-12/6,Киреева Е. А.,2026-10-30,5,9,числитель,false,семинар,617л
Аналитическая геометрия,6,,Э2-12/6,Киреева Е. А.,2026-10-30,5,9,числитель,false,семинар,617л
Аналитическая геометрия,1,,"ФН7-11/6; Э1-11/6,12/6; Э2- 11/6,12/6",Киреева Е. А.,2026-10-31,6,9,числитель,false,лекция,218л
Аналитическая геометрия,2,,Э4-12/6,Киреева Е. А.,2026-10-31,6,9,числитель,false,семинар,822л
Аналитическая геометрия,3,,"Э5-11/6,12/6,14/6,13/6",Киреева Е. А.,2026-10-31,6,9,числитель,false,лекция,222л
Вариационные методы решения задач математической физики,6,,ФН11-11М(+1),Киреева Е. А.,2026-11-04,3,10,знаменатель,false,семинар,818л
Аналитическая геометрия,4,,Э4-13/6,Киреева Е. А.,2026-11-05,4,10,знаменатель,false,семинар,829л
Аналитическая геометрия,5,,Э5-11/6,Киреева Е. А.,2026-11-05,4,10,знаменатель,false,семинар,736л
Аналитическая геометрия,6,,Э9-12Б,Киреева Е. А.,2026-11-05,4,10,знаменатель,false,семинар,820л
Аналитическая геометрия,4,,"Э9-11Б,12Б",Киреева Е. А.,2026-11-06,5,10,знаменатель,false,лекция,255л
Аналитическая геометрия,5,,Э7-12/6,Киреева Е. А.,2026-11-06,5,10,знаменатель,false,семинар,935л
Аналитическая геометрия,6,,Э2-12/6,Киреева Е. А.,2026-11-06,5,10,знаменатель,false,семинар,935л
Аналитическая геометрия,1,,"ФН7-11/6; Э1-11/6,12/6; Э2- 11/6,12/6",Киреева Е. А.,2026-11-07,6,10,знаменатель,false,лекция,218л
Аналитическая геометрия,2,,Э4-12/6,Киреева Е. А.,2026-11-07,6,10,знаменатель,false,семинар,822л
Аналитическая геометрия,3,,"Э5-11/6,12/6,14/6,13/6",Киреева Е. А.,2026-11-07,6,10,знаменатель,false,лекция,222л
Вариационные методы решения задач математической физики,6,,ФН11-11М(+1),Киреева Е. А.,2026-11-11,3,11,числитель,false,семинар,818л
Аналитическая геометрия,4,,Э4-13/6,Киреева Е. А.,2026-11-12,4,11,числитель,false,семинар,829л
Аналитическая геометрия,5,,Э5-11/6,Киреева Е. А.,2026-11-12,4,11,числитель,false,семинар,736л
Аналитическая геометрия,6,,Э9-12Б,Киреева Е. А.,2026-11-12,4,11,числитель,false,семинар,820л
Аналитическая геометрия,4,,"Э9-11Б,12Б",Киреева Е. А.,2026-11-13,5,11,числитель,false,лекция,255л
Аналитическая геометрия,5,,Э7-12/6,Киреева Е. А.,2026-11-13,5,11,числитель,false,семинар,617л
Аналитическая геометрия,6,,Э2-12/6,Киреева Е. А.,2026-11-13,5,11,числитель,false,семинар,617л
Аналитическая геометрия,1,,"ФН7-11/6; Э1-11/6,12/6; Э2- 11/6,12/6",Киреева Е. А.,2026-11-14,6,11,числитель,false,лекция,218л
Аналитическая геометрия,2,,Э4-12/6,Киреева Е. А.,2026-11-14,6,11,числитель,false,семинар,822л
Аналитическая геометрия,3,,"Э5-11/6,12/6,14/6,13/6",Киреева Е. А.,2026-11-14,6,11,числитель,false,лекция,222л
Вариационные методы решения задач математической физики,6,,ФН11-11М(+1),Киреева Е. А.,2026-11-18,3,12,знаменатель,false,семинар,818л
Аналитическая геометрия,4,,Э4-13/6,Киреева Е. А.,2026-11-19,4,12,знаменатель,false,семинар,829л
Аналитическая геометрия,5,,Э5-11/6,Киреева Е. А.,2026-11-19,4,12,знаменатель,false,семинар,736л
Аналитическая геометрия,6,,Э9-12Б,Киреева Е. А.,2026-11-19,4,12,знаменатель,false,семинар,820л
Аналитическая геометрия,4,,"Э9-11Б,12Б",Киреева Е. А.,2026-11-20,5,12,знаменатель,false,лекция,255л
Аналитическая геометрия,5,,Э7-12/6,Киреева Е. А.,2026-11-20,5,12,знаменатель,false,семинар,935л
Аналитическая геометрия,6,,Э2-12/6,Киреева Е. А.,2026-11-20,5,12,знаменатель,false,семинар,935л
Аналитическая геометрия,1,,"ФН7-11/6; Э1-11/6,12/6; Э2- 11/6,12/6",Киреева Е. А.,2026-11-21,6,12,знаменатель,false,лекция,218л
Аналитическая геометрия,2,,Э4-12/6,Киреева Е. А.,2026-11-21,6,12,знаменатель,false,семинар,822л
Аналитическая геометрия,3,,"Э5-11/6,12/6,14/6,13/6",Киреева Е. А.,2026-11-21,6,12,знаменатель,false,лекция,222л
Вариационные методы решения задач математической физики,6,,ФН11-11М(+1),Киреева Е. А.,2026-11-25,3,13,числитель,false,семинар,818л
Аналитическая геометрия,4,,Э4-13/6,Киреева Е. А.,2026-11-26,4,13,числитель,false,семинар,829л
Аналитическая геометрия,5,,Э5-11/6,Киреева Е. А.,2026-11-26,4,13,числитель,false,семинар,736л
Аналитическая геометрия,6,,Э9-12Б,Киреева Е. А.,2026-11-26,4,13,числитель,false,семинар,820л
Аналитическая геометрия,4,,"Э9-11Б,12Б",Киреева Е. А.,2026-11-27,5,13,числитель,false,лекция,255л
Аналитическая геометрия,5,,Э7-12/6,Киреева Е. А.,2026-11-27,5,13,числитель,false,семинар,617л
Аналитическая геометрия,6,,Э2-12/6,Киреева Е. А.,2026-11-27,5,13,числитель,false,семинар,617л
Аналитическая геометрия,1,,"ФН7-11/6; Э1-11/6,12/6; Э2- 11/6,12/6",Киреева Е. А.,2026-11-28,6,13,числитель,false,лекция,218л
Аналитическая геометрия,2,,Э4-12/6,Киреева Е. А.,2026-11-28,6,13,числитель,false,семинар,822л
Аналитическая геометрия,3,,"Э5-11/6,12/6,14/6,13/6",Киреева Е. А.,2026-11-28,6,13,числитель,false,лекция,222л
Вариационные методы решения задач математической физики,6,,ФН11-11М(+1),Киреева Е. А.,2026-12-02,3,14,знаменатель,false,семинар,818л
Аналитическая геометрия,4,,Э4-13/6,Киреева Е. А.,2026-12-03,4,14,знаменатель,false,семинар,829л
Аналитическая геометрия,5,,Э5-11/6,Киреева Е. А.,2026-12-03,4,14,знаменатель,false,семинар,736л
Аналитическая геометрия,6,,Э9-12Б,Киреева Е. А.,2026-12-03,4,14,знаменатель,false,семинар,820л
Аналитическая геометрия,4,,"Э9-11Б,12Б",Киреева Е. А.,2026-12-04,5,14,знаменатель,false,лекция,255л
Аналитическая геометрия,5,,Э7-12/6,Киреева Е. А.,2026-12-04,5,14,знаменатель,false,семинар,935л
Аналитическая геометрия,6,,Э2-12/6,Киреева Е. А.,2026-12-04,5,14,знаменатель,false,семинар,935л
Аналитическая геометрия,1,,"ФН7-11/6; Э1-11/6,12/6; Э2- 11/6,12/6",Киреева Е. А.,2026-12-05,6,14,знаменатель,false,лекция,218л
Аналитическая геометрия,2,,Э4-12/6,Киреева Е. А.,2026-12-05,6,14,знаменатель,false,семинар,822л
Аналитическая геометрия,3,,"Э5-11/6,12/6,14/6,13/6",Киреева Е. А.,2026-12-05,6,14,знаменатель,false,лекция,222л
Вариационные методы решения задач математической физики,6,,ФН11-11М(+1),Киреева Е. А.,2026-12-09,3,15,числитель,false,семинар,818л
Аналитическая геометрия,4,,Э4-13/6,Киреева Е. А.,2026-12-10,4,15,числитель,false,семинар,829л
Аналитическая геометрия,5,,Э5-11/6,Киреева Е. А.,2026-12-10,4,15,числитель,false,семинар,736л
Аналитическая геометрия,6,,Э9-12Б,Киреева Е. А.,2026-12-10,4,15,числитель,false,семинар,820л
Аналитическая геометрия,4,,"Э9-11Б,12Б",Киреева Е. А.,2026-12-11,5,15,числитель,false,лекция,255л
Аналитическая геометрия,5,,Э7-12/6,Киреева Е. А.,2026-12-11,5,15,числитель,false,семинар,617л
Аналитическая геометрия,6,,Э2-12/6,Киреева Е. А.,2026-12-11,5,15,числитель,false,семинар,617л
Аналитическая геометрия,1,,"ФН7-11/6; Э1-11/6,12/6; Э2- 11/6,12/6",Киреева Е. А.,2026-12-12,6,15,числитель,false,лекция,218л
Аналитическая геометрия,2,,Э4-12/6,Киреева Е. А.,2026-12-12,6,15,числитель,false,семинар,822л
Аналитическая геометрия,3,,"Э5-11/6,12/6,14/6,13/6",Киреева Е. А.,2026-12-12,6,15,числитель,false,лекция,222л
Вариационные методы решения задач математической физики,6,,ФН11-11М(+1),Киреева Е. А.,2026-12-16,3,16,знаменатель,false,семинар,818л
Аналитическая геометрия,4,,Э4-13/6,Киреева Е. А.,2026-12-17,4,16,знаменатель,false,семинар,829л
Аналитическая геометрия,5,,Э5-11/6,Киреева Е. А.,2026-12-17,4,16,знаменатель,false,семинар,736л
Аналитическая геометрия,6,,Э9-12Б,Киреева Е. А.,2026-12-17,4,16,знаменатель,false,семинар,820л
Аналитическая геометрия,4,,"Э9-11Б,12Б",Киреева Е. А.,2026-12-18,5,16,знаменатель,false,лекция,255л
Аналитическая геометрия,5,,Э7-12/6,Киреева Е. А.,2026-12-18,5,16,знаменатель,false,семинар,935л
Аналитическая геометрия,6,,Э2-12/6,Киреева Е. А.,2026-12-18,5,16,знаменатель,false,семинар,935л
Аналитическая геометрия,1,,"ФН7-11/6; Э1-11/6,12/6; Э2- 11/6,12/6",Киреева Е. А.,2026-12-19,6,16,знаменатель,false,лекция,218л
Аналитическая геометрия,2,,Э4-12/6,Киреева Е. А.,2026-12-19,6,16,знаменатель,false,семинар,822л
Аналитическая геометрия,3,,"Э5-11/6,12/6,14/6,13/6",Киреева Е. А.,2026-12-19,6,16,знаменатель,false,лекция,222л
Вариационные методы решения задач математической физики,6,,ФН11-11М(+1),Киреева Е. А.,2026-12-23,3,17,числитель,false,семинар,818л
Аналитическая геометрия,4,,Э4-13/6,Киреева Е. А.,2026-12-24,4,17,числитель,false,семинар,829л
Аналитическая геометрия,5,,Э5-11/6,Киреева Е. А.,2026-12-24,4,17,числитель,false,семинар,736л
Аналитическая геометрия,6,,Э9-12Б,Киреева Е. А.,2026-12-24,4,17,числитель,false,семинар,820л
Аналитическая геометрия,4,,"Э9-11Б,12Б",Киреева Е. А.,2026-12-25,5,17,числитель,false,лекция,255л
Аналитическая геометрия,5,,Э7-12/6,Киреева Е. А.,2026-12-25,5,17,числитель,false,семинар,617л
Аналитическая геометрия,6,,Э2-12/6,Киреева Е. А.,2026-12-25,5,17,числитель,false,семинар,617л
Аналитическая геометрия,1,,"ФН7-11/6; Э1-11/6,12/6; Э2- 11/6,12/6",Киреева Е. А.,2026-12-26,6,17,числитель,false,лекция,218л
Аналитическая геометрия,2,,Э4-12/6,Киреева Е. А.,2026-12-26,6,17,числитель,false,семинар,822л
Аналитическая геометрия,3,,"Э5-11/6,12/6,14/6,13/6",Киреева Е. А.,2026-12-26,6,17,числитель,false,лекция,222л
Вариационные методы решения задач математической физики,6,,ФН11-11М(+1),Киреева Е. А.,2026-12-30,3,18,знаменатель,false,семинар,818л
Аналитическая геометрия,4,,Э4-13/6,Киреева Е. А.,2026-12-31,4,18,знаменатель,false,семинар,829л
Аналитическая геометрия,5,,Э5-11/6,Киреева Е. А.,2026-12-31,4,18,знаменатель,false,семинар,736л
Аналитическая геометрия,6,,Э9-12Б,Киреева Е. А.,2026-12-31,4,18,знаменатель,false,семинар,820л
Аналитическая геометрия,2,,Э5-14/6,Кирсанова Н. А.,2026-09-03,4,1,числитель,false,семинар,736л
Аналитическая геометрия,4,,Э3-11/6,Кирсанова Н. А.,2026-09-03,4,1,числитель,false,семинар,623л
Аналитическая геометрия,5,,Э3-12/6,Кирсанова Н. А.,2026-09-03,4,1,числитель,false,семинар,829л
Аналитическая геометрия,2,,Э5-14/6,Кирсанова Н. А.,2026-09-10,4,2,знаменатель,false,семинар,736л
Аналитическая геометрия,4,,Э3-11/6,Кирсанова Н. А.,2026-09-10,4,2,знаменатель,false,семинар,623л
Аналитическая геометрия,5,,Э3-12/6,Кирсанова Н. А.,2026-09-10,4,2,знаменатель,false,семинар,829л
Аналитическая геометрия,2,,Э5-14/6,Кирсанова Н. А.,2026-09-17,4,3,числитель,false,семинар,736л
Аналитическая геометрия,4,,Э3-11/6,Кирсанова Н. А.,2026-09-17,4,3,числитель,false,семинар,623л
Аналитическая геометрия,5,,Э3-12/6,Кирсанова Н. А.,2026-09-17,4,3,числитель,false,семинар,829л
Аналитическая геометрия,2,,Э5-14/6,Кирсанова Н. А.,2026-09-24,4,4,знаменатель,false,семинар,736л
Аналитическая геометрия,4,,Э3-11/6,Кирсанова Н. А.,2026-09-24,4,4,знаменатель,false,семинар,623л
Аналитическая геометрия,5,,Э3-12/6,Кирсанова Н. А.,2026-09-24,4,4,знаменатель,false,семинар,829л
Аналитическая геометрия,2,,Э5-14/6,Кирсанова Н. А.,2026-10-01,4,5,числитель,false,семинар,736л
Аналитическая геометрия,4,,Э3-11/6,Кирсанова Н. А.,2026-10-01,4,5,числитель,false,семинар,623л
Аналитическая геометрия,5,,Э3-12/6,Кирсанова Н. А.,2026-10-01,4,5,числитель,false,семинар,829л
Аналитическая геометрия,2,,Э5-14/6,Кирсанова Н. А.,2026-10-08,4,6,знаменатель,false,семинар,736л
Аналитическая геометрия,4,,Э3-11/6,Кирсанова Н. А.,2026-10-08,4,6,знаменатель,false,семинар,623л
Аналитическая геометрия,5,,Э3-12/6,Кирсанова Н. А.,2026-10-08,4,6,знаменатель,false,семинар,829л
Аналитическая геометрия,2,,Э5-14/6,Кирсанова Н. А.,2026-10-15,4,7,числитель,false,семинар,736л
Аналитическая геометрия,4,,Э3-11/6,Кирсанова Н. А.,2026-10-15,4,7,числитель,false,семинар,623л
Аналитическая геометрия,5,,Э3-12/6,Кирсанова Н. А.,2026-10-15,4,7,числитель,false,семинар,829л
Аналитическая геометрия,2,,Э5-14/6,Кирсанова Н. А.,2026-10-22,4,8,знаменатель,false,семинар,736л
Аналитическая геометрия,4,,Э3-11/6,Кирсанова Н. А.,2026-10-22,4,8,знаменатель,false,семинар,623л
Аналитическая геометрия,5,,Э3-12/6,Кирсанова Н. А.,2026-10-22,4,8,знаменатель,false,семинар,829л
Аналитическая геометрия,2,,Э5-14/6,Кирсанова Н. А.,2026-10-29,4,9,числитель,false,семинар,736л
Аналитическая геометрия,4,,Э3-11/6,Кирсанова Н. А.,2026-10-29,4,9,числитель,false,семинар,623л
Аналитическая геометрия,5,,Э3-12/6,Кирсанова Н. А.,2026-10-29,4,9,числитель,false,семинар,829л
Аналитическая геометрия,2,,Э5-14/6,Кирсанова Н. А.,2026-11-05,4,10,знаменатель,false,семинар,736л
Аналитическая геометрия,4,,Э3-11/6,Кирсанова Н. А.,2026-11-05,4,10,знаменатель,false,семинар,623л
Аналитическая геометрия,5,,Э3-12/6,Кирсанова Н. А.,2026-11-05,4,10,знаменатель,false,семинар,829л
Аналитическая геометрия,2,,Э5-14/6,Кирсанова Н. А.,2026-11-12,4,11,числитель,false,семинар,736л
Аналитическая геометрия,4,,Э3-11/6,Кирсанова Н. А.,2026-11-12,4,11,числитель,false,семинар,623л
Аналитическая геометрия,5,,Э3-12/6,Кирсанова Н. А.,2026-11-12,4,11,числитель,false,семинар,829л
Аналитическая геометрия,2,,Э5-14/6,Кирсанова Н. А.,2026-11-19,4,12,знаменатель,false,семинар,736л
Аналитическая геометрия,4,,Э3-11/6,Кирсанова Н. А.,2026-11-19,4,12,знаменатель,false,семинар,623л
Аналитическая геометрия,5,,Э3-12/6,Кирсанова Н. А.,2026-11-19,4,12,знаменатель,false,семинар,829л
Аналитическая геометрия,2,,Э5-14/6,Кирсанова Н. А.,2026-11-26,4,13,числитель,false,семинар,736л
Аналитическая геометрия,4,,Э3-11/6,Кирсанова Н. А.,2026-11-26,4,13,числитель,false,семинар,623л
Аналитическая геометрия,5,,Э3-12/6,Кирсанова Н. А.,2026-11-26,4,13,числитель,false,семинар,829л
Аналитическая геометрия,2,,Э5-14/6,Кирсанова Н. А.,2026-12-03,4,14,знаменатель,false,семинар,736л
Аналитическая геометрия,4,,Э3-11/6,Кирсанова Н. А.,2026-12-03,4,14,знаменатель,false,семинар,623л
Аналитическая геометрия,5,,Э3-12/6,Кирсанова Н. А.,2026-12-03,4,14,знаменатель,false,семинар,829л
Аналитическая геометрия,2,,Э5-14/6,Кирсанова Н. А.,2026-12-10,4,15,числитель,false,семинар,736л
Аналитическая геометрия,4,,Э3-11/6,Кирсанова Н. А.,2026-12-10,4,15,числитель,false,семинар,623л
Аналитическая геометрия,5,,Э3-12/6,Кирсанова Н. А.,2026-12-10,4,15,числитель,false,семинар,829л
Аналитическая геометрия,2,,Э5-14/6,Кирсанова Н. А.,2026-12-17,4,16,знаменатель,false,семинар,736л
Аналитическая геометрия,4,,Э3-11/6,Кирсанова Н. А.,2026-12-17,4,16,знаменатель,false,семинар,623л
Аналитическая геометрия,5,,Э3-12/6,Кирсанова Н. А.,2026-12-17,4,16,знаменатель,false,семинар,829л
Аналитическая геометрия,2,,Э5-14/6,Кирсанова Н. А.,2026-12-24,4,17,числитель,false,семинар,736л
Аналитическая геометрия,4,,Э3-11/6,Кирсанова Н. А.,2026-12-24,4,17,числитель,false,семинар,623л
Аналитическая геометрия,5,,Э3-12/6,Кирсанова Н. А.,2026-12-24,4,17,числитель,false,семинар,829л
Аналитическая геометрия,2,,Э5-14/6,Кирсанова Н. А.,2026-12-31,4,18,знаменатель,false,семинар,736л
Аналитическая геометрия,4,,Э3-11/6,Кирсанова Н. А.,2026-12-31,4,18,знаменатель,false,семинар,623л
Аналитическая геометрия,5,,Э3-12/6,Кирсанова Н. А.,2026-12-31,4,18,знаменатель,false,семинар,829л
Вариационное исчисление,7,,Э10-11М(+1),Киселев В. В.,2026-09-01,2,1,числитель,false,лекция,411э
Исследование операций,5,,ФН11-73Б; ФН11И-73Б,Киселев В. В.,2026-09-03,4,1,числитель,false,лекция,732л
Исследование операций,6,,ФН11-73Б; ФН11И-73Б,Киселев В. В.,2026-09-03,4,1,числитель,false,семинар,732л
Вариационное исчисление,1,,Э10-11М(+1),Киселев В. В.,2026-09-09,3,2,знаменатель,false,семинар,411э
Исследование операций,5,,ФН11-73Б; ФН11И-73Б,Киселев В. В.,2026-09-10,4,2,знаменатель,false,лекция,732л
Исследование операций,6,,ФН11-73Б; ФН11И-73Б,Киселев В. В.,2026-09-10,4,2,знаменатель,false,семинар,732л
Вариационное исчисление,7,,Э10-11М(+1),Киселев В. В.,2026-09-15,2,3,числитель,false,лекция,411э
Исследование операций,5,,ФН11-73Б; ФН11И-73Б,Киселев В. В.,2026-09-17,4,3,числитель,false,лекция,732л
Исследование операций,6,,ФН11-73Б; ФН11И-73Б,Киселев В. В.,2026-09-17,4,3,числитель,false,семинар,732л
Вариационное исчисление,1,,Э10-11М(+1),Киселев В. В.,2026-09-23,3,4,знаменатель,false,семинар,411э
Исследование операций,5,,ФН11-73Б; ФН11И-73Б,Киселев В. В.,2026-09-24,4,4,знаменатель,false,лекция,732л
Исследование операций,6,,ФН11-73Б; ФН11И-73Б,Киселев В. В.,2026-09-24,4,4,знаменатель,false,семинар,732л
Вариационное исчисление,7,,Э10-11М(+1),Киселев В. В.,2026-09-29,2,5,числитель,false,лекция,411э
Исследование операций,5,,ФН11-73Б; ФН11И-73Б,Киселев В. В.,2026-10-01,4,5,числитель,false,лекция,732л
Исследование операций,6,,ФН11-73Б; ФН11И-73Б,Киселев В. В.,2026-10-01,4,5,числитель,false,семинар,732л
Вариационное исчисление,1,,Э10-11М(+1),Киселев В. В.,2026-10-07,3,6,знаменатель,false,семинар,411э
Исследование операций,5,,ФН11-73Б; ФН11И-73Б,Киселев В. В.,2026-10-08,4,6,знаменатель,false,лекция,732л
Исследование операций,6,,ФН11-73Б; ФН11И-73Б,Киселев В. В.,2026-10-08,4,6,знаменатель,false,семинар,732л
Вариационное исчисление,7,,Э10-11М(+1),Киселев В. В.,2026-10-13,2,7,числитель,false,лекция,411э
Исследование операций,5,,ФН11-73Б; ФН11И-73Б,Киселев В. В.,2026-10-15,4,7,числитель,false,лекция,732л
Исследование операций,6,,ФН11-73Б; ФН11И-73Б,Киселев В. В.,2026-10-15,4,7,числитель,false,семинар,732л
Вариационное исчисление,1,,Э10-11М(+1),Киселев В. В.,2026-10-21,3,8,знаменатель,false,семинар,411э
Исследование операций,5,,ФН11-73Б; ФН11И-73Б,Киселев В. В.,2026-10-22,4,8,знаменатель,false,лекция,732л
Исследование операций,6,,ФН11-73Б; ФН11И-73Б,Киселев В. В.,2026-10-22,4,8,знаменатель,false,семинар,732л
Вариационное исчисление,7,,Э10-11М(+1),Киселев В. В.,2026-10-27,2,9,числитель,false,лекция,411э
Исследование операций,5,,ФН11-73Б; ФН11И-73Б,Киселев В. В.,2026-10-29,4,9,числитель,false,лекция,732л
Исследование операций,6,,ФН11-73Б; ФН11И-73Б,Киселев В. В.,2026-10-29,4,9,числитель,false,семинар,732л
Вариационное исчисление,1,,Э10-11М(+1),Киселев В. В.,2026-11-04,3,10,знаменатель,false,семинар,411э
Исследование операций,5,,ФН11-73Б; ФН11И-73Б,Киселев В. В.,2026-11-05,4,10,знаменатель,false,лекция,732л
Исследование операций,6,,ФН11-73Б; ФН11И-73Б,Киселев В. В.,2026-11-05,4,10,знаменатель,false,семинар,732л
Вариационное исчисление,7,,Э10-11М(+1),Киселев В. В.,2026-11-10,2,11,числитель,false,лекция,411э
Исследование операций,5,,ФН11-73Б; ФН11И-73Б,Киселев В. В.,2026-11-12,4,11,числитель,false,лекция,732л
Исследование операций,6,,ФН11-73Б; ФН11И-73Б,Киселев В. В.,2026-11-12,4,11,числитель,false,семинар,732л
Вариационное исчисление,1,,Э10-11М(+1),Киселев В. В.,2026-11-18,3,12,знаменатель,false,семинар,411э
Исследование операций,5,,ФН11-73Б; ФН11И-73Б,Киселев В. В.,2026-11-19,4,12,знаменатель,false,лекция,732л
Исследование операций,6,,ФН11-73Б; ФН11И-73Б,Киселев В. В.,2026-11-19,4,12,знаменатель,false,семинар,732л
Вариационное исчисление,7,,Э10-11М(+1),Киселев В. В.,2026-11-24,2,13,числитель,false,лекция,411э
Исследование операций,5,,ФН11-73Б; ФН11И-73Б,Киселев В. В.,2026-11-26,4,13,числитель,false,лекция,732л
Исследование операций,6,,ФН11-73Б; ФН11И-73Б,Киселев В. В.,2026-11-26,4,13,числитель,false,семинар,732л
Вариационное исчисление,1,,Э10-11М(+1),Киселев В. В.,2026-12-02,3,14,знаменатель,false,семинар,411э
Исследование операций,5,,ФН11-73Б; ФН11И-73Б,Киселев В. В.,2026-12-03,4,14,знаменатель,false,лекция,732л
Исследование операций,6,,ФН11-73Б; ФН11И-73Б,Киселев В. В.,2026-12-03,4,14,знаменатель,false,семинар,732л
Вариационное исчисление,7,,Э10-11М(+1),Киселев В. В.,2026-12-08,2,15,числитель,false,лекция,411э
Исследование операций,5,,ФН11-73Б; ФН11И-73Б,Киселев В. В.,2026-12-10,4,15,числитель,false,лекция,732л
Исследование операций,6,,ФН11-73Б; ФН11И-73Б,Киселев В. В.,2026-12-10,4,15,числитель,false,семинар,732л
Вариационное исчисление,1,,Э10-11М(+1),Киселев В. В.,2026-12-16,3,16,знаменатель,false,семинар,411э
Исследование операций,5,,ФН11-73Б; ФН11И-73Б,Киселев В. В.,2026-12-17,4,16,знаменатель,false,лекция,732л
Исследование операций,6,,ФН11-73Б; ФН11И-73Б,Киселев В. В.,2026-12-17,4,16,знаменатель,false,семинар,732л
Вариационное исчисление,7,,Э10-11М(+1),Киселев В. В.,2026-12-22,2,17,числитель,false,лекция,411э
Исследование операций,5,,ФН11-73Б; ФН11И-73Б,Киселев В. В.,2026-12-24,4,17,числитель,false,лекция,732л
Исследование операций,6,,ФН11-73Б; ФН11И-73Б,Киселев В. В.,2026-12-24,4,17,числитель,false,семинар,732л
Вариационное исчисление,1,,Э10-11М(+1),Киселев В. В.,2026-12-30,3,18,знаменатель,false,семинар,411э
Исследование операций,5,,ФН11-73Б; ФН11И-73Б,Киселев В. В.,2026-12-31,4,18,знаменатель,false,лекция,732л
Исследование операций,6,,ФН11-73Б; ФН11И-73Б,Киселев В. В.,2026-12-31,4,18,знаменатель,false,семинар,732л
Аналитическая геометрия,2,,Э10-11/6,Коновалов Ю. В.,2026-09-05,6,1,числитель,false,семинар,623л
Аналитическая геометрия,3,,Э10-12/6,Коновалов Ю. В.,2026-09-05,6,1,числитель,false,семинар,820л
Аналитическая геометрия,4,,Э5-12/6,Коновалов Ю. В.,2026-09-05,6,1,числитель,false,семинар,623л
Аналитическая геометрия,2,,Э10-11/6,Коновалов Ю. В.,2026-09-12,6,2,знаменатель,false,семинар,623л
Аналитическая геометрия,3,,Э10-12/6,Коновалов Ю. В.,2026-09-12,6,2,знаменатель,false,семинар,820л
Аналитическая геометрия,4,,Э5-12/6,Коновалов Ю. В.,2026-09-12,6,2,знаменатель,false,семинар,623л
Аналитическая геометрия,2,,Э10-11/6,Коновалов Ю. В.,2026-09-19,6,3,числитель,false,семинар,623л
Аналитическая геометрия,3,,Э10-12/6,Коновалов Ю. В.,2026-09-19,6,3,числитель,false,семинар,820л
Аналитическая геометрия,4,,Э5-12/6,Коновалов Ю. В.,2026-09-19,6,3,числитель,false,семинар,623л
Аналитическая геометрия,2,,Э10-11/6,Коновалов Ю. В.,2026-09-26,6,4,знаменатель,false,семинар,623л
Аналитическая геометрия,3,,Э10-12/6,Коновалов Ю. В.,2026-09-26,6,4,знаменатель,false,семинар,820л
Аналитическая геометрия,4,,Э5-12/6,Коновалов Ю. В.,2026-09-26,6,4,знаменатель,false,семинар,623л
Аналитическая геометрия,2,,Э10-11/6,Коновалов Ю. В.,2026-10-03,6,5,числитель,false,семинар,623л
Аналитическая геометрия,3,,Э10-12/6,Коновалов Ю. В.,2026-10-03,6,5,числитель,false,семинар,820л
Аналитическая геометрия,4,,Э5-12/6,Коновалов Ю. В.,2026-10-03,6,5,числитель,false,семинар,623л
Аналитическая геометрия,2,,Э10-11/6,Коновалов Ю. В.,2026-10-10,6,6,знаменатель,false,семинар,623л
Аналитическая геометрия,3,,Э10-12/6,Коновалов Ю. В.,2026-10-10,6,6,знаменатель,false,семинар,820л
Аналитическая геометрия,4,,Э5-12/6,Коновалов Ю. В.,2026-10-10,6,6,знаменатель,false,семинар,623л
Аналитическая геометрия,2,,Э10-11/6,Коновалов Ю. В.,2026-10-17,6,7,числитель,false,семинар,623л
Аналитическая геометрия,3,,Э10-12/6,Коновалов Ю. В.,2026-10-17,6,7,числитель,false,семинар,820л
Аналитическая геометрия,4,,Э5-12/6,Коновалов Ю. В.,2026-10-17,6,7,числитель,false,семинар,623л
Аналитическая геометрия,2,,Э10-11/6,Коновалов Ю. В.,2026-10-24,6,8,знаменатель,false,семинар,623л
Аналитическая геометрия,3,,Э10-12/6,Коновалов Ю. В.,2026-10-24,6,8,знаменатель,false,семинар,820л
Аналитическая геометрия,4,,Э5-12/6,Коновалов Ю. В.,2026-10-24,6,8,знаменатель,false,семинар,623л
Аналитическая геометрия,2,,Э10-11/6,Коновалов Ю. В.,2026-10-31,6,9,числитель,false,семинар,623л
Аналитическая геометрия,3,,Э10-12/6,Коновалов Ю. В.,2026-10-31,6,9,числитель,false,семинар,820л
Аналитическая геометрия,4,,Э5-12/6,Коновалов Ю. В.,2026-10-31,6,9,числитель,false,семинар,623л
Аналитическая геометрия,2,,Э10-11/6,Коновалов Ю. В.,2026-11-07,6,10,знаменатель,false,семинар,623л
Аналитическая геометрия,3,,Э10-12/6,Коновалов Ю. В.,2026-11-07,6,10,знаменатель,false,семинар,820л
Аналитическая геометрия,4,,Э5-12/6,Коновалов Ю. В.,2026-11-07,6,10,знаменатель,false,семинар,623л
Аналитическая геометрия,2,,Э10-11/6,Коновалов Ю. В.,2026-11-14,6,11,числитель,false,семинар,623л
Аналитическая геометрия,3,,Э10-12/6,Коновалов Ю. В.,2026-11-14,6,11,числитель,false,семинар,820л
Аналитическая геометрия,4,,Э5-12/6,Коновалов Ю. В.,2026-11-14,6,11,числитель,false,семинар,623л
Аналитическая геометрия,2,,Э10-11/6,Коновалов Ю. В.,2026-11-21,6,12,знаменатель,false,семинар,623л
Аналитическая геометрия,3,,Э10-12/6,Коновалов Ю. В.,2026-11-21,6,12,знаменатель,false,семинар,820л
Аналитическая геометрия,4,,Э5-12/6,Коновалов Ю. В.,2026-11-21,6,12,знаменатель,false,семинар,623л
Аналитическая геометрия,2,,Э10-11/6,Коновалов Ю. В.,2026-11-28,6,13,числитель,false,семинар,623л
Аналитическая геометрия,3,,Э10-12/6,Коновалов Ю. В.,2026-11-28,6,13,числитель,false,семинар,820л
Аналитическая геометрия,4,,Э5-12/6,Коновалов Ю. В.,2026-11-28,6,13,числитель,false,семинар,623л
Аналитическая геометрия,2,,Э10-11/6,Коновалов Ю. В.,2026-12-05,6,14,знаменатель,false,семинар,623л
Аналитическая геометрия,3,,Э10-12/6,Коновалов Ю. В.,2026-12-05,6,14,знаменатель,false,семинар,820л
Аналитическая геометрия,4,,Э5-12/6,Коновалов Ю. В.,2026-12-05,6,14,знаменатель,false,семинар,623л
Аналитическая геометрия,2,,Э10-11/6,Коновалов Ю. В.,2026-12-12,6,15,числитель,false,семинар,623л
Аналитическая геометрия,3,,Э10-12/6,Коновалов Ю. В.,2026-12-12,6,15,числитель,false,семинар,820л
Аналитическая геометрия,4,,Э5-12/6,Коновалов Ю. В.,2026-12-12,6,15,числитель,false,семинар,623л
Аналитическая геометрия,2,,Э10-11/6,Коновалов Ю. В.,2026-12-19,6,16,знаменатель,false,семинар,623л
Аналитическая геометрия,3,,Э10-12/6,Коновалов Ю. В.,2026-12-19,6,16,знаменатель,false,семинар,820л
Аналитическая геометрия,4,,Э5-12/6,Коновалов Ю. В.,2026-12-19,6,16,знаменатель,false,семинар,623л
Аналитическая геометрия,2,,Э10-11/6,Коновалов Ю. В.,2026-12-26,6,17,числитель,false,семинар,623л
Аналитическая геометрия,3,,Э10-12/6,Коновалов Ю. В.,2026-12-26,6,17,числитель,false,семинар,820л
Аналитическая геометрия,4,,Э5-12/6,Коновалов Ю. В.,2026-12-26,6,17,числитель,false,семинар,623л
Кратные интегралы и ряды,6,,Э2-31Б,Краснов Г. А.,2026-09-02,3,1,числитель,false,семинар,824л
Уравнения математической физики,3,,Э6-51,Краснов Г. А.,2026-09-05,6,1,числитель,false,семинар,345э
Кратные интегралы и ряды,4,,Э8-32Б,Краснов Г. А.,2026-09-05,6,1,числитель,false,семинар,820л
Кратные интегралы и ряды,6,,Э2-31Б,Краснов Г. А.,2026-09-09,3,2,знаменатель,false,семинар,824л
Уравнения математической физики,4,,Э3-52,Краснов Г. А.,2026-09-12,6,2,знаменатель,false,семинар,345э
Кратные интегралы и ряды,4,,Э8-32Б,Краснов Г. А.,2026-09-12,6,2,знаменатель,false,семинар,820л
Кратные интегралы и ряды,6,,Э2-31Б,Краснов Г. А.,2026-09-16,3,3,числитель,false,семинар,824л
Уравнения математической физики,3,,Э6-51,Краснов Г. А.,2026-09-19,6,3,числитель,false,семинар,345э
Кратные интегралы и ряды,4,,Э8-32Б,Краснов Г. А.,2026-09-19,6,3,числитель,false,семинар,820л
Кратные интегралы и ряды,6,,Э2-31Б,Краснов Г. А.,2026-09-23,3,4,знаменатель,false,семинар,824л
Уравнения математической физики,4,,Э3-52,Краснов Г. А.,2026-09-26,6,4,знаменатель,false,семинар,345э
Кратные интегралы и ряды,4,,Э8-32Б,Краснов Г. А.,2026-09-26,6,4,знаменатель,false,семинар,820л
Кратные интегралы и ряды,6,,Э2-31Б,Краснов Г. А.,2026-09-30,3,5,числитель,false,семинар,824л
Уравнения математической физики,3,,Э6-51,Краснов Г. А.,2026-10-03,6,5,числитель,false,семинар,345э
Кратные интегралы и ряды,4,,Э8-32Б,Краснов Г. А.,2026-10-03,6,5,числитель,false,семинар,820л
Кратные интегралы и ряды,6,,Э2-31Б,Краснов Г. А.,2026-10-07,3,6,знаменатель,false,семинар,824л
Уравнения математической физики,4,,Э3-52,Краснов Г. А.,2026-10-10,6,6,знаменатель,false,семинар,345э
Кратные интегралы и ряды,4,,Э8-32Б,Краснов Г. А.,2026-10-10,6,6,знаменатель,false,семинар,820л
Кратные интегралы и ряды,6,,Э2-31Б,Краснов Г. А.,2026-10-14,3,7,числитель,false,семинар,824л
Уравнения математической физики,3,,Э6-51,Краснов Г. А.,2026-10-17,6,7,числитель,false,семинар,345э
Кратные интегралы и ряды,4,,Э8-32Б,Краснов Г. А.,2026-10-17,6,7,числитель,false,семинар,820л
Кратные интегралы и ряды,6,,Э2-31Б,Краснов Г. А.,2026-10-21,3,8,знаменатель,false,семинар,824л
Уравнения математической физики,4,,Э3-52,Краснов Г. А.,2026-10-24,6,8,знаменатель,false,семинар,345э
Кратные интегралы и ряды,4,,Э8-32Б,Краснов Г. А.,2026-10-24,6,8,знаменатель,false,семинар,820л
Кратные интегралы и ряды,6,,Э2-31Б,Краснов Г. А.,2026-10-28,3,9,числитель,false,семинар,824л
Уравнения математической физики,3,,Э6-51,Краснов Г. А.,2026-10-31,6,9,числитель,false,семинар,345э
Кратные интегралы и ряды,4,,Э8-32Б,Краснов Г. А.,2026-10-31,6,9,числитель,false,семинар,820л
Кратные интегралы и ряды,6,,Э2-31Б,Краснов Г. А.,2026-11-04,3,10,знаменатель,false,семинар,824л
Уравнения математической физики,4,,Э3-52,Краснов Г. А.,2026-11-07,6,10,знаменатель,false,семинар,345э
Кратные интегралы и ряды,4,,Э8-32Б,Краснов Г. А.,2026-11-07,6,10,знаменатель,false,семинар,820л
Кратные интегралы и ряды,6,,Э2-31Б,Краснов Г. А.,2026-11-11,3,11,числитель,false,семинар,824л
Уравнения математической физики,3,,Э6-51,Краснов Г. А.,2026-11-14,6,11,числитель,false,семинар,345э
Кратные интегралы и ряды,4,,Э8-32Б,Краснов Г. А.,2026-11-14,6,11,числитель,false,семинар,820л
Кратные интегралы и ряды,6,,Э2-31Б,Краснов Г. А.,2026-11-18,3,12,знаменатель,false,семинар,824л
Уравнения математической физики,4,,Э3-52,Краснов Г. А.,2026-11-21,6,12,знаменатель,false,семинар,345э
Кратные интегралы и ряды,4,,Э8-32Б,Краснов Г. А.,2026-11-21,6,12,знаменатель,false,семинар,820л
Кратные интегралы и ряды,6,,Э2-31Б,Краснов Г. А.,2026-11-25,3,13,числитель,false,семинар,824л
Уравнения математической физики,3,,Э6-51,Краснов Г. А.,2026-11-28,6,13,числитель,false,семинар,345э
Кратные интегралы и ряды,4,,Э8-32Б,Краснов Г. А.,2026-11-28,6,13,числитель,false,семинар,820л
Кратные интегралы и ряды,6,,Э2-31Б,Краснов Г. А.,2026-12-02,3,14,знаменатель,false,семинар,824л
Уравнения математической физики,4,,Э3-52,Краснов Г. А.,2026-12-05,6,14,знаменатель,false,семинар,345э
Кратные интегралы и ряды,4,,Э8-32Б,Краснов Г. А.,2026-12-05,6,14,знаменатель,false,семинар,820л
Кратные интегралы и ряды,6,,Э2-31Б,Краснов Г. А.,2026-12-09,3,15,числитель,false,семинар,824л
Уравнения математической физики,3,,Э6-51,Краснов Г. А.,2026-12-12,6,15,числитель,false,семинар,345э
Кратные интегралы и ряды,4,,Э8-32Б,Краснов Г. А.,2026-12-12,6,15,числитель,false,семинар,820л
Кратные интегралы и ряды,6,,Э2-31Б,Краснов Г. А.,2026-12-16,3,16,знаменатель,false,семинар,824л
Уравнения математической физики,4,,Э3-52,Краснов Г. А.,2026-12-19,6,16,знаменатель,false,семинар,345э
Кратные интегралы и ряды,4,,Э8-32Б,Краснов Г. А.,2026-12-19,6,16,знаменатель,false,семинар,820л
Кратные интегралы и ряды,6,,Э2-31Б,Краснов Г. А.,2026-12-23,3,17,числитель,false,семинар,824л
Уравнения математической физики,3,,Э6-51,Краснов Г. А.,2026-12-26,6,17,числитель,false,семинар,345э
Кратные интегралы и ряды,4,,Э8-32Б,Краснов Г. А.,2026-12-26,6,17,числитель,false,семинар,820л
Кратные интегралы и ряды,6,,Э2-31Б,Краснов Г. А.,2026-12-30,3,18,знаменатель,false,семинар,824л
Математический анализ,1,,ФН11-12/4,Крылова А. Е.,2026-09-01,2,1,числитель,false,семинар,924л
Математический анализ,2,,ФН11-12/4,Крылова А. Е.,2026-09-01,2,1,числитель,false,семинар,935л
Дифференциальная геометрия и основы тензорного исчисления,3,,ФН4-32Б,Крылова А. Е.,2026-09-01,2,1,числитель,false,семинар,618л
Математический анализ,1,,ФН11-12/4,Крылова А. Е.,2026-09-08,2,2,знаменатель,false,семинар,924л
Дифференциальная геометрия и основы тензорного исчисления,4,,ФН4-32Б,Крылова А. Е.,2026-09-08,2,2,знаменатель,false,семинар,922л
Математический анализ,1,,ФН11-12/4,Крылова А. Е.,2026-09-15,2,3,числитель,false,семинар,924л
Математический анализ,2,,ФН11-12/4,Крылова А. Е.,2026-09-15,2,3,числитель,false,семинар,935л
Дифференциальная геометрия и основы тензорного исчисления,3,,ФН4-32Б,Крылова А. Е.,2026-09-15,2,3,числитель,false,семинар,618л
Математический анализ,1,,ФН11-12/4,Крылова А. Е.,2026-09-22,2,4,знаменатель,false,семинар,924л
Дифференциальная геометрия и основы тензорного исчисления,4,,ФН4-32Б,Крылова А. Е.,2026-09-22,2,4,знаменатель,false,семинар,922л
Математический анализ,1,,ФН11-12/4,Крылова А. Е.,2026-09-29,2,5,числитель,false,семинар,924л
Математический анализ,2,,ФН11-12/4,Крылова А. Е.,2026-09-29,2,5,числитель,false,семинар,935л
Дифференциальная геометрия и основы тензорного исчисления,3,,ФН4-32Б,Крылова А. Е.,2026-09-29,2,5,числитель,false,семинар,618л
Математический анализ,1,,ФН11-12/4,Крылова А. Е.,2026-10-06,2,6,знаменатель,false,семинар,924л
Дифференциальная геометрия и основы тензорного исчисления,4,,ФН4-32Б,Крылова А. Е.,2026-10-06,2,6,знаменатель,false,семинар,922л
Математический анализ,1,,ФН11-12/4,Крылова А. Е.,2026-10-13,2,7,числитель,false,семинар,924л
Математический анализ,2,,ФН11-12/4,Крылова А. Е.,2026-10-13,2,7,числитель,false,семинар,935л
Дифференциальная геометрия и основы тензорного исчисления,3,,ФН4-32Б,Крылова А. Е.,2026-10-13,2,7,числитель,false,семинар,618л
Математический анализ,1,,ФН11-12/4,Крылова А. Е.,2026-10-20,2,8,знаменатель,false,семинар,924л
Дифференциальная геометрия и основы тензорного исчисления,4,,ФН4-32Б,Крылова А. Е.,2026-10-20,2,8,знаменатель,false,семинар,922л
Математический анализ,1,,ФН11-12/4,Крылова А. Е.,2026-10-27,2,9,числитель,false,семинар,924л
Математический анализ,2,,ФН11-12/4,Крылова А. Е.,2026-10-27,2,9,числитель,false,семинар,935л
Дифференциальная геометрия и основы тензорного исчисления,3,,ФН4-32Б,Крылова А. Е.,2026-10-27,2,9,числитель,false,семинар,618л
Математический анализ,1,,ФН11-12/4,Крылова А. Е.,2026-11-03,2,10,знаменатель,false,семинар,924л
Дифференциальная геометрия и основы тензорного исчисления,4,,ФН4-32Б,Крылова А. Е.,2026-11-03,2,10,знаменатель,false,семинар,922л
Математический анализ,1,,ФН11-12/4,Крылова А. Е.,2026-11-10,2,11,числитель,false,семинар,924л
Математический анализ,2,,ФН11-12/4,Крылова А. Е.,2026-11-10,2,11,числитель,false,семинар,935л
Дифференциальная геометрия и основы тензорного исчисления,3,,ФН4-32Б,Крылова А. Е.,2026-11-10,2,11,числитель,false,семинар,618л
Математический анализ,1,,ФН11-12/4,Крылова А. Е.,2026-11-17,2,12,знаменатель,false,семинар,924л
Дифференциальная геометрия и основы тензорного исчисления,4,,ФН4-32Б,Крылова А. Е.,2026-11-17,2,12,знаменатель,false,семинар,922л
Математический анализ,1,,ФН11-12/4,Крылова А. Е.,2026-11-24,2,13,числитель,false,семинар,924л
Математический анализ,2,,ФН11-12/4,Крылова А. Е.,2026-11-24,2,13,числитель,false,семинар,935л
Дифференциальная геометрия и основы тензорного исчисления,3,,ФН4-32Б,Крылова А. Е.,2026-11-24,2,13,числитель,false,семинар,618л
Математический анализ,1,,ФН11-12/4,Крылова А. Е.,2026-12-01,2,14,знаменатель,false,семинар,924л
Дифференциальная геометрия и основы тензорного исчисления,4,,ФН4-32Б,Крылова А. Е.,2026-12-01,2,14,знаменатель,false,семинар,922л
Математический анализ,1,,ФН11-12/4,Крылова А. Е.,2026-12-08,2,15,числитель,false,семинар,924л
Математический анализ,2,,ФН11-12/4,Крылова А. Е.,2026-12-08,2,15,числитель,false,семинар,935л
Дифференциальная геометрия и основы тензорного исчисления,3,,ФН4-32Б,Крылова А. Е.,2026-12-08,2,15,числитель,false,семинар,618л
Математический анализ,1,,ФН11-12/4,Крылова А. Е.,2026-12-15,2,16,знаменатель,false,семинар,924л
Дифференциальная геометрия и основы тензорного исчисления,4,,ФН4-32Б,Крылова А. Е.,2026-12-15,2,16,знаменатель,false,семинар,922л
Математический анализ,1,,ФН11-12/4,Крылова А. Е.,2026-12-22,2,17,числитель,false,семинар,924л
Математический анализ,2,,ФН11-12/4,Крылова А. Е.,2026-12-22,2,17,числитель,false,семинар,935л
Дифференциальная геометрия и основы тензорного исчисления,3,,ФН4-32Б,Крылова А. Е.,2026-12-22,2,17,числитель,false,семинар,618л
Математический анализ,1,,ФН11-12/4,Крылова А. Е.,2026-12-29,2,18,знаменатель,false,семинар,924л
Дифференциальная геометрия и основы тензорного исчисления,4,,ФН4-32Б,Крылова А. Е.,2026-12-29,2,18,знаменатель,false,семинар,922л
Кратные интегралы и ряды,2,,Э9-32Б,Кудрявцева С. С.,2026-09-01,2,1,числитель,false,семинар,736л
Кратные интегралы и ряды,3,,Э7-31,Кудрявцева С. С.,2026-09-01,2,1,числитель,false,семинар,623л
Кратные интегралы и ряды,1,,Э7-31,Кудрявцева С. С.,2026-09-02,3,1,числитель,false,семинар,924л
Математический анализ,2,,Э10-11/6,Кудрявцева С. С.,2026-09-02,3,1,числитель,false,семинар,924л
Математический анализ,1,,"ФН7-11/6; Э1-11/6,12/6; Э2- 11/6,12/6",Кудрявцева С. С.,2026-09-03,4,1,числитель,false,лекция,222л
Математический анализ,2,,Э8-11/6(+5),Кудрявцева С. С.,2026-09-03,4,1,числитель,false,лекция,218л
Математический анализ,3,,Э1-11/6,Кудрявцева С. С.,2026-09-03,4,1,числитель,false,семинар,736л
Математический анализ,1,,Э1-11/6,Кудрявцева С. С.,2026-09-08,2,2,знаменатель,false,семинар,731л
Кратные интегралы и ряды,2,,Э9-32Б,Кудрявцева С. С.,2026-09-08,2,2,знаменатель,false,семинар,935л
Кратные интегралы и ряды,3,,Э7-31,Кудрявцева С. С.,2026-09-08,2,2,знаменатель,false,семинар,623л
Математический анализ,2,,Э10-11/6,Кудрявцева С. С.,2026-09-09,3,2,знаменатель,false,семинар,924л
Математический анализ,1,,"ФН7-11/6; Э1-11/6,12/6; Э2- 11/6,12/6",Кудрявцева С. С.,2026-09-10,4,2,знаменатель,false,лекция,222л
Математический анализ,2,,Э8-11/6(+5),Кудрявцева С. С.,2026-09-10,4,2,знаменатель,false,лекция,218л
Математический анализ,3,,Э1-11/6,Кудрявцева С. С.,2026-09-10,4,2,знаменатель,false,семинар,736л
Кратные интегралы и ряды,2,,Э9-32Б,Кудрявцева С. С.,2026-09-15,2,3,числитель,false,семинар,736л
Кратные интегралы и ряды,3,,Э7-31,Кудрявцева С. С.,2026-09-15,2,3,числитель,false,семинар,623л
Кратные интегралы и ряды,1,,Э7-31,Кудрявцева С. С.,2026-09-16,3,3,числитель,false,семинар,924л
Математический анализ,2,,Э10-11/6,Кудрявцева С. С.,2026-09-16,3,3,числитель,false,семинар,924л
Математический анализ,1,,"ФН7-11/6; Э1-11/6,12/6; Э2- 11/6,12/6",Кудрявцева С. С.,2026-09-17,4,3,числитель,false,лекция,222л
Математический анализ,2,,Э8-11/6(+5),Кудрявцева С. С.,2026-09-17,4,3,числитель,false,лекция,218л
Математический анализ,3,,Э1-11/6,Кудрявцева С. С.,2026-09-17,4,3,числитель,false,семинар,736л
Математический анализ,1,,Э1-11/6,Кудрявцева С. С.,2026-09-22,2,4,знаменатель,false,семинар,731л
Кратные интегралы и ряды,2,,Э9-32Б,Кудрявцева С. С.,2026-09-22,2,4,знаменатель,false,семинар,935л
Кратные интегралы и ряды,3,,Э7-31,Кудрявцева С. С.,2026-09-22,2,4,знаменатель,false,семинар,623л
Математический анализ,2,,Э10-11/6,Кудрявцева С. С.,2026-09-23,3,4,знаменатель,false,семинар,924л
Математический анализ,1,,"ФН7-11/6; Э1-11/6,12/6; Э2- 11/6,12/6",Кудрявцева С. С.,2026-09-24,4,4,знаменатель,false,лекция,222л
Математический анализ,2,,Э8-11/6(+5),Кудрявцева С. С.,2026-09-24,4,4,знаменатель,false,лекция,218л
Математический анализ,3,,Э1-11/6,Кудрявцева С. С.,2026-09-24,4,4,знаменатель,false,семинар,736л
Кратные интегралы и ряды,2,,Э9-32Б,Кудрявцева С. С.,2026-09-29,2,5,числитель,false,семинар,736л
Кратные интегралы и ряды,3,,Э7-31,Кудрявцева С. С.,2026-09-29,2,5,числитель,false,семинар,623л
Кратные интегралы и ряды,1,,Э7-31,Кудрявцева С. С.,2026-09-30,3,5,числитель,false,семинар,924л
Математический анализ,2,,Э10-11/6,Кудрявцева С. С.,2026-09-30,3,5,числитель,false,семинар,924л
Математический анализ,1,,"ФН7-11/6; Э1-11/6,12/6; Э2- 11/6,12/6",Кудрявцева С. С.,2026-10-01,4,5,числитель,false,лекция,222л
Математический анализ,2,,Э8-11/6(+5),Кудрявцева С. С.,2026-10-01,4,5,числитель,false,лекция,218л
Математический анализ,3,,Э1-11/6,Кудрявцева С. С.,2026-10-01,4,5,числитель,false,семинар,736л
Математический анализ,1,,Э1-11/6,Кудрявцева С. С.,2026-10-06,2,6,знаменатель,false,семинар,731л
Кратные интегралы и ряды,2,,Э9-32Б,Кудрявцева С. С.,2026-10-06,2,6,знаменатель,false,семинар,935л
Кратные интегралы и ряды,3,,Э7-31,Кудрявцева С. С.,2026-10-06,2,6,знаменатель,false,семинар,623л
Математический анализ,2,,Э10-11/6,Кудрявцева С. С.,2026-10-07,3,6,знаменатель,false,семинар,924л
Математический анализ,1,,"ФН7-11/6; Э1-11/6,12/6; Э2- 11/6,12/6",Кудрявцева С. С.,2026-10-08,4,6,знаменатель,false,лекция,222л
Математический анализ,2,,Э8-11/6(+5),Кудрявцева С. С.,2026-10-08,4,6,знаменатель,false,лекция,218л
Математический анализ,3,,Э1-11/6,Кудрявцева С. С.,2026-10-08,4,6,знаменатель,false,семинар,736л
Кратные интегралы и ряды,2,,Э9-32Б,Кудрявцева С. С.,2026-10-13,2,7,числитель,false,семинар,736л
Кратные интегралы и ряды,3,,Э7-31,Кудрявцева С. С.,2026-10-13,2,7,числитель,false,семинар,623л
Кратные интегралы и ряды,1,,Э7-31,Кудрявцева С. С.,2026-10-14,3,7,числитель,false,семинар,924л
Математический анализ,2,,Э10-11/6,Кудрявцева С. С.,2026-10-14,3,7,числитель,false,семинар,924л
Математический анализ,1,,"ФН7-11/6; Э1-11/6,12/6; Э2- 11/6,12/6",Кудрявцева С. С.,2026-10-15,4,7,числитель,false,лекция,222л
Математический анализ,2,,Э8-11/6(+5),Кудрявцева С. С.,2026-10-15,4,7,числитель,false,лекция,218л
Математический анализ,3,,Э1-11/6,Кудрявцева С. С.,2026-10-15,4,7,числитель,false,семинар,736л
Математический анализ,1,,Э1-11/6,Кудрявцева С. С.,2026-10-20,2,8,знаменатель,false,семинар,731л
Кратные интегралы и ряды,2,,Э9-32Б,Кудрявцева С. С.,2026-10-20,2,8,знаменатель,false,семинар,935л
Кратные интегралы и ряды,3,,Э7-31,Кудрявцева С. С.,2026-10-20,2,8,знаменатель,false,семинар,623л
Математический анализ,2,,Э10-11/6,Кудрявцева С. С.,2026-10-21,3,8,знаменатель,false,семинар,924л
Математический анализ,1,,"ФН7-11/6; Э1-11/6,12/6; Э2- 11/6,12/6",Кудрявцева С. С.,2026-10-22,4,8,знаменатель,false,лекция,222л
Математический анализ,2,,Э8-11/6(+5),Кудрявцева С. С.,2026-10-22,4,8,знаменатель,false,лекция,218л
Математический анализ,3,,Э1-11/6,Кудрявцева С. С.,2026-10-22,4,8,знаменатель,false,семинар,736л
Кратные интегралы и ряды,2,,Э9-32Б,Кудрявцева С. С.,2026-10-27,2,9,числитель,false,семинар,736л
Кратные интегралы и ряды,3,,Э7-31,Кудрявцева С. С.,2026-10-27,2,9,числитель,false,семинар,623л
Кратные интегралы и ряды,1,,Э7-31,Кудрявцева С. С.,2026-10-28,3,9,числитель,false,семинар,924л
Математический анализ,2,,Э10-11/6,Кудрявцева С. С.,2026-10-28,3,9,числитель,false,семинар,924л
Математический анализ,1,,"ФН7-11/6; Э1-11/6,12/6; Э2- 11/6,12/6",Кудрявцева С. С.,2026-10-29,4,9,числитель,false,лекция,222л
Математический анализ,2,,Э8-11/6(+5),Кудрявцева С. С.,2026-10-29,4,9,числитель,false,лекция,218л
Математический анализ,3,,Э1-11/6,Кудрявцева С. С.,2026-10-29,4,9,числитель,false,семинар,736л
Математический анализ,1,,Э1-11/6,Кудрявцева С. С.,2026-11-03,2,10,знаменатель,false,семинар,731л
Кратные интегралы и ряды,2,,Э9-32Б,Кудрявцева С. С.,2026-11-03,2,10,знаменатель,false,семинар,935л
Кратные интегралы и ряды,3,,Э7-31,Кудрявцева С. С.,2026-11-03,2,10,знаменатель,false,семинар,623л
Математический анализ,2,,Э10-11/6,Кудрявцева С. С.,2026-11-04,3,10,знаменатель,false,семинар,924л
Математический анализ,1,,"ФН7-11/6; Э1-11/6,12/6; Э2- 11/6,12/6",Кудрявцева С. С.,2026-11-05,4,10,знаменатель,false,лекция,222л
Математический анализ,2,,Э8-11/6(+5),Кудрявцева С. С.,2026-11-05,4,10,знаменатель,false,лекция,218л
Математический анализ,3,,Э1-11/6,Кудрявцева С. С.,2026-11-05,4,10,знаменатель,false,семинар,736л
Кратные интегралы и ряды,2,,Э9-32Б,Кудрявцева С. С.,2026-11-10,2,11,числитель,false,семинар,736л
Кратные интегралы и ряды,3,,Э7-31,Кудрявцева С. С.,2026-11-10,2,11,числитель,false,семинар,623л
Кратные интегралы и ряды,1,,Э7-31,Кудрявцева С. С.,2026-11-11,3,11,числитель,false,семинар,924л
Математический анализ,2,,Э10-11/6,Кудрявцева С. С.,2026-11-11,3,11,числитель,false,семинар,924л
Математический анализ,1,,"ФН7-11/6; Э1-11/6,12/6; Э2- 11/6,12/6",Кудрявцева С. С.,2026-11-12,4,11,числитель,false,лекция,222л
Математический анализ,2,,Э8-11/6(+5),Кудрявцева С. С.,2026-11-12,4,11,числитель,false,лекция,218л
Математический анализ,3,,Э1-11/6,Кудрявцева С. С.,2026-11-12,4,11,числитель,false,семинар,736л
Математический анализ,1,,Э1-11/6,Кудрявцева С. С.,2026-11-17,2,12,знаменатель,false,семинар,731л
Кратные интегралы и ряды,2,,Э9-32Б,Кудрявцева С. С.,2026-11-17,2,12,знаменатель,false,семинар,935л
Кратные интегралы и ряды,3,,Э7-31,Кудрявцева С. С.,2026-11-17,2,12,знаменатель,false,семинар,623л
Математический анализ,2,,Э10-11/6,Кудрявцева С. С.,2026-11-18,3,12,знаменатель,false,семинар,924л
Математический анализ,1,,"ФН7-11/6; Э1-11/6,12/6; Э2- 11/6,12/6",Кудрявцева С. С.,2026-11-19,4,12,знаменатель,false,лекция,222л
Математический анализ,2,,Э8-11/6(+5),Кудрявцева С. С.,2026-11-19,4,12,знаменатель,false,лекция,218л
Математический анализ,3,,Э1-11/6,Кудрявцева С. С.,2026-11-19,4,12,знаменатель,false,семинар,736л
Кратные интегралы и ряды,2,,Э9-32Б,Кудрявцева С. С.,2026-11-24,2,13,числитель,false,семинар,736л
Кратные интегралы и ряды,3,,Э7-31,Кудрявцева С. С.,2026-11-24,2,13,числитель,false,семинар,623л
Кратные интегралы и ряды,1,,Э7-31,Кудрявцева С. С.,2026-11-25,3,13,числитель,false,семинар,924л
Математический анализ,2,,Э10-11/6,Кудрявцева С. С.,2026-11-25,3,13,числитель,false,семинар,924л
Математический анализ,1,,"ФН7-11/6; Э1-11/6,12/6; Э2- 11/6,12/6",Кудрявцева С. С.,2026-11-26,4,13,числитель,false,лекция,222л
Математический анализ,2,,Э8-11/6(+5),Кудрявцева С. С.,2026-11-26,4,13,числитель,false,лекция,218л
Математический анализ,3,,Э1-11/6,Кудрявцева С. С.,2026-11-26,4,13,числитель,false,семинар,736л
Математический анализ,1,,Э1-11/6,Кудрявцева С. С.,2026-12-01,2,14,знаменатель,false,семинар,731л
Кратные интегралы и ряды,2,,Э9-32Б,Кудрявцева С. С.,2026-12-01,2,14,знаменатель,false,семинар,935л
Кратные интегралы и ряды,3,,Э7-31,Кудрявцева С. С.,2026-12-01,2,14,знаменатель,false,семинар,623л
Математический анализ,2,,Э10-11/6,Кудрявцева С. С.,2026-12-02,3,14,знаменатель,false,семинар,924л
Математический анализ,1,,"ФН7-11/6; Э1-11/6,12/6; Э2- 11/6,12/6",Кудрявцева С. С.,2026-12-03,4,14,знаменатель,false,лекция,222л
Математический анализ,2,,Э8-11/6(+5),Кудрявцева С. С.,2026-12-03,4,14,знаменатель,false,лекция,218л
Математический анализ,3,,Э1-11/6,Кудрявцева С. С.,2026-12-03,4,14,знаменатель,false,семинар,736л
Кратные интегралы и ряды,2,,Э9-32Б,Кудрявцева С. С.,2026-12-08,2,15,числитель,false,семинар,736л
Кратные интегралы и ряды,3,,Э7-31,Кудрявцева С. С.,2026-12-08,2,15,числитель,false,семинар,623л
Кратные интегралы и ряды,1,,Э7-31,Кудрявцева С. С.,2026-12-09,3,15,числитель,false,семинар,924л
Математический анализ,2,,Э10-11/6,Кудрявцева С. С.,2026-12-09,3,15,числитель,false,семинар,924л
Математический анализ,1,,"ФН7-11/6; Э1-11/6,12/6; Э2- 11/6,12/6",Кудрявцева С. С.,2026-12-10,4,15,числитель,false,лекция,222л
Математический анализ,2,,Э8-11/6(+5),Кудрявцева С. С.,2026-12-10,4,15,числитель,false,лекция,218л
Математический анализ,3,,Э1-11/6,Кудрявцева С. С.,2026-12-10,4,15,числитель,false,семинар,736л
Математический анализ,1,,Э1-11/6,Кудрявцева С. С.,2026-12-15,2,16,знаменатель,false,семинар,731л
Кратные интегралы и ряды,2,,Э9-32Б,Кудрявцева С. С.,2026-12-15,2,16,знаменатель,false,семинар,935л
Кратные интегралы и ряды,3,,Э7-31,Кудрявцева С. С.,2026-12-15,2,16,знаменатель,false,семинар,623л
Математический анализ,2,,Э10-11/6,Кудрявцева С. С.,2026-12-16,3,16,знаменатель,false,семинар,924л
Математический анализ,1,,"ФН7-11/6; Э1-11/6,12/6; Э2- 11/6,12/6",Кудрявцева С. С.,2026-12-17,4,16,знаменатель,false,лекция,222л
Математический анализ,2,,Э8-11/6(+5),Кудрявцева С. С.,2026-12-17,4,16,знаменатель,false,лекция,218л
Математический анализ,3,,Э1-11/6,Кудрявцева С. С.,2026-12-17,4,16,знаменатель,false,семинар,736л
Кратные интегралы и ряды,2,,Э9-32Б,Кудрявцева С. С.,2026-12-22,2,17,числитель,false,семинар,736л
Кратные интегралы и ряды,3,,Э7-31,Кудрявцева С. С.,2026-12-22,2,17,числитель,false,семинар,623л
Кратные интегралы и ряды,1,,Э7-31,Кудрявцева С. С.,2026-12-23,3,17,числитель,false,семинар,924л
Математический анализ,2,,Э10-11/6,Кудрявцева С. С.,2026-12-23,3,17,числитель,false,семинар,924л
Математический анализ,1,,"ФН7-11/6; Э1-11/6,12/6; Э2- 11/6,12/6",Кудрявцева С. С.,2026-12-24,4,17,числитель,false,лекция,222л
Математический анализ,2,,Э8-11/6(+5),Кудрявцева С. С.,2026-12-24,4,17,числитель,false,лекция,218л
Математический анализ,3,,Э1-11/6,Кудрявцева С. С.,2026-12-24,4,17,числитель,false,семинар,736л
Математический анализ,1,,Э1-11/6,Кудрявцева С. С.,2026-12-29,2,18,знаменатель,false,семинар,731л
Кратные интегралы и ряды,2,,Э9-32Б,Кудрявцева С. С.,2026-12-29,2,18,знаменатель,false,семинар,935л
Кратные интегралы и ряды,3,,Э7-31,Кудрявцева С. С.,2026-12-29,2,18,знаменатель,false,семинар,623л
Математический анализ,2,,Э10-11/6,Кудрявцева С. С.,2026-12-30,3,18,знаменатель,false,семинар,924л
Математический анализ,1,,"ФН7-11/6; Э1-11/6,12/6; Э2- 11/6,12/6",Кудрявцева С. С.,2026-12-31,4,18,знаменатель,false,лекция,222л
Математический анализ,2,,Э8-11/6(+5),Кудрявцева С. С.,2026-12-31,4,18,знаменатель,false,лекция,218л
Математический анализ,3,,Э1-11/6,Кудрявцева С. С.,2026-12-31,4,18,знаменатель,false,семинар,736л
Численные методы,1,,АК3-51Б,Кутыркин В. А.,2026-09-02,3,1,числитель,false,лекция,ПП
Численные методы,2,,АК3-51Б,Кутыркин В. А.,2026-09-02,3,1,числитель,false,семинар,ПП
Теория автоматов и алгоритмические языки,3,,АК3-51Б,Кутыркин В. А.,2026-09-02,3,1,числитель,false,лекция,ПП
Теория автоматов и алгоритмические языки,4,,АК3-51Б,Кутыркин В. А.,2026-09-02,3,1,числитель,false,семинар,ПП
Теория автоматов и алгоритмические языки,3,,ФН11-54Б,Кутыркин В. А.,2026-09-04,5,1,числитель,false,семинар,922л
Теория автоматов и алгоритмические языки,4,,ФН11-51Б(+2),Кутыркин В. А.,2026-09-04,5,1,числитель,false,лекция,228л
Теория автоматов и алгоритмические языки,5,,ФН11-52Б,Кутыркин В. А.,2026-09-04,5,1,числитель,false,семинар,113л
Численные методы,1,,АК3-51Б,Кутыркин В. А.,2026-09-09,3,2,знаменатель,false,лекция,ПП
Численные методы,2,,АК3-51Б,Кутыркин В. А.,2026-09-09,3,2,знаменатель,false,семинар,ПП
Теория автоматов и алгоритмические языки,3,,АК3-51Б,Кутыркин В. А.,2026-09-09,3,2,знаменатель,false,лекция,ПП
Теория автоматов и алгоритмические языки,3,,ФН11-73Б(+1),Кутыркин В. А.,2026-09-11,5,2,знаменатель,false,лекция,711л
Теория автоматов и алгоритмические языки,4,,ФН11-51Б,Кутыркин В. А.,2026-09-11,5,2,знаменатель,false,семинар,113л
Теория автоматов и алгоритмические языки,4,,ФН11-73Б(+1),Кутыркин В. А.,2026-09-11,5,2,знаменатель,false,семинар,259л
Численные методы,1,,АК3-51Б,Кутыркин В. А.,2026-09-16,3,3,числитель,false,лекция,ПП
Численные методы,2,,АК3-51Б,Кутыркин В. А.,2026-09-16,3,3,числитель,false,семинар,ПП
Теория автоматов и алгоритмические языки,3,,АК3-51Б,Кутыркин В. А.,2026-09-16,3,3,числитель,false,лекция,ПП
Теория автоматов и алгоритмические языки,4,,АК3-51Б,Кутыркин В. А.,2026-09-16,3,3,числитель,false,семинар,ПП
Теория автоматов и алгоритмические языки,3,,ФН11-54Б,Кутыркин В. А.,2026-09-18,5,3,числитель,false,семинар,922л
Теория автоматов и алгоритмические языки,4,,ФН11-51Б(+2),Кутыркин В. А.,2026-09-18,5,3,числитель,false,лекция,228л
Теория автоматов и алгоритмические языки,5,,ФН11-52Б,Кутыркин В. А.,2026-09-18,5,3,числитель,false,семинар,113л
Численные методы,1,,АК3-51Б,Кутыркин В. А.,2026-09-23,3,4,знаменатель,false,лекция,ПП
Численные методы,2,,АК3-51Б,Кутыркин В. А.,2026-09-23,3,4,знаменатель,false,семинар,ПП
Теория автоматов и алгоритмические языки,3,,АК3-51Б,Кутыркин В. А.,2026-09-23,3,4,знаменатель,false,лекция,ПП
Теория автоматов и алгоритмические языки,3,,ФН11-73Б(+1),Кутыркин В. А.,2026-09-25,5,4,знаменатель,false,лекция,711л
Теория автоматов и алгоритмические языки,4,,ФН11-51Б,Кутыркин В. А.,2026-09-25,5,4,знаменатель,false,семинар,113л
Теория автоматов и алгоритмические языки,4,,ФН11-73Б(+1),Кутыркин В. А.,2026-09-25,5,4,знаменатель,false,семинар,259л
Численные методы,1,,АК3-51Б,Кутыркин В. А.,2026-09-30,3,5,числитель,false,лекция,ПП
Численные методы,2,,АК3-51Б,Кутыркин В. А.,2026-09-30,3,5,числитель,false,семинар,ПП
Теория автоматов и алгоритмические языки,3,,АК3-51Б,Кутыркин В. А.,2026-09-30,3,5,числитель,false,лекция,ПП
Теория автоматов и алгоритмические языки,4,,АК3-51Б,Кутыркин В. А.,2026-09-30,3,5,числитель,false,семинар,ПП
Теория автоматов и алгоритмические языки,3,,ФН11-54Б,Кутыркин В. А.,2026-10-02,5,5,числитель,false,семинар,922л
Теория автоматов и алгоритмические языки,4,,ФН11-51Б(+2),Кутыркин В. А.,2026-10-02,5,5,числитель,false,лекция,228л
Теория автоматов и алгоритмические языки,5,,ФН11-52Б,Кутыркин В. А.,2026-10-02,5,5,числитель,false,семинар,113л
Численные методы,1,,АК3-51Б,Кутыркин В. А.,2026-10-07,3,6,знаменатель,false,лекция,ПП
Численные методы,2,,АК3-51Б,Кутыркин В. А.,2026-10-07,3,6,знаменатель,false,семинар,ПП
Теория автоматов и алгоритмические языки,3,,АК3-51Б,Кутыркин В. А.,2026-10-07,3,6,знаменатель,false,лекция,ПП
Теория автоматов и алгоритмические языки,3,,ФН11-73Б(+1),Кутыркин В. А.,2026-10-09,5,6,знаменатель,false,лекция,711л
Теория автоматов и алгоритмические языки,4,,ФН11-51Б,Кутыркин В. А.,2026-10-09,5,6,знаменатель,false,семинар,113л
Теория автоматов и алгоритмические языки,4,,ФН11-73Б(+1),Кутыркин В. А.,2026-10-09,5,6,знаменатель,false,семинар,259л
Численные методы,1,,АК3-51Б,Кутыркин В. А.,2026-10-14,3,7,числитель,false,лекция,ПП
Численные методы,2,,АК3-51Б,Кутыркин В. А.,2026-10-14,3,7,числитель,false,семинар,ПП
Теория автоматов и алгоритмические языки,3,,АК3-51Б,Кутыркин В. А.,2026-10-14,3,7,числитель,false,лекция,ПП
Теория автоматов и алгоритмические языки,4,,АК3-51Б,Кутыркин В. А.,2026-10-14,3,7,числитель,false,семинар,ПП
Теория автоматов и алгоритмические языки,3,,ФН11-54Б,Кутыркин В. А.,2026-10-16,5,7,числитель,false,семинар,922л
Теория автоматов и алгоритмические языки,4,,ФН11-51Б(+2),Кутыркин В. А.,2026-10-16,5,7,числитель,false,лекция,228л
Теория автоматов и алгоритмические языки,5,,ФН11-52Б,Кутыркин В. А.,2026-10-16,5,7,числитель,false,семинар,113л
Численные методы,1,,АК3-51Б,Кутыркин В. А.,2026-10-21,3,8,знаменатель,false,лекция,ПП
Численные методы,2,,АК3-51Б,Кутыркин В. А.,2026-10-21,3,8,знаменатель,false,семинар,ПП
Теория автоматов и алгоритмические языки,3,,АК3-51Б,Кутыркин В. А.,2026-10-21,3,8,знаменатель,false,лекция,ПП
Теория автоматов и алгоритмические языки,3,,ФН11-73Б(+1),Кутыркин В. А.,2026-10-23,5,8,знаменатель,false,лекция,711л
Теория автоматов и алгоритмические языки,4,,ФН11-51Б,Кутыркин В. А.,2026-10-23,5,8,знаменатель,false,семинар,113л
Теория автоматов и алгоритмические языки,4,,ФН11-73Б(+1),Кутыркин В. А.,2026-10-23,5,8,знаменатель,false,семинар,259л
Численные методы,1,,АК3-51Б,Кутыркин В. А.,2026-10-28,3,9,числитель,false,лекция,ПП
Численные методы,2,,АК3-51Б,Кутыркин В. А.,2026-10-28,3,9,числитель,false,семинар,ПП
Теория автоматов и алгоритмические языки,3,,АК3-51Б,Кутыркин В. А.,2026-10-28,3,9,числитель,false,лекция,ПП
Теория автоматов и алгоритмические языки,4,,АК3-51Б,Кутыркин В. А.,2026-10-28,3,9,числитель,false,семинар,ПП
Теория автоматов и алгоритмические языки,3,,ФН11-54Б,Кутыркин В. А.,2026-10-30,5,9,числитель,false,семинар,922л
Теория автоматов и алгоритмические языки,4,,ФН11-51Б(+2),Кутыркин В. А.,2026-10-30,5,9,числитель,false,лекция,228л
Теория автоматов и алгоритмические языки,5,,ФН11-52Б,Кутыркин В. А.,2026-10-30,5,9,числитель,false,семинар,113л
Численные методы,1,,АК3-51Б,Кутыркин В. А.,2026-11-04,3,10,знаменатель,false,лекция,ПП
Численные методы,2,,АК3-51Б,Кутыркин В. А.,2026-11-04,3,10,знаменатель,false,семинар,ПП
Теория автоматов и алгоритмические языки,3,,АК3-51Б,Кутыркин В. А.,2026-11-04,3,10,знаменатель,false,лекция,ПП
Теория автоматов и алгоритмические языки,3,,ФН11-73Б(+1),Кутыркин В. А.,2026-11-06,5,10,знаменатель,false,лекция,711л
Теория автоматов и алгоритмические языки,4,,ФН11-51Б,Кутыркин В. А.,2026-11-06,5,10,знаменатель,false,семинар,113л
Теория автоматов и алгоритмические языки,4,,ФН11-73Б(+1),Кутыркин В. А.,2026-11-06,5,10,знаменатель,false,семинар,259л
Численные методы,1,,АК3-51Б,Кутыркин В. А.,2026-11-11,3,11,числитель,false,лекция,ПП
Численные методы,2,,АК3-51Б,Кутыркин В. А.,2026-11-11,3,11,числитель,false,семинар,ПП
Теория автоматов и алгоритмические языки,3,,АК3-51Б,Кутыркин В. А.,2026-11-11,3,11,числитель,false,лекция,ПП
Теория автоматов и алгоритмические языки,4,,АК3-51Б,Кутыркин В. А.,2026-11-11,3,11,числитель,false,семинар,ПП
Теория автоматов и алгоритмические языки,3,,ФН11-54Б,Кутыркин В. А.,2026-11-13,5,11,числитель,false,семинар,922л
Теория автоматов и алгоритмические языки,4,,ФН11-51Б(+2),Кутыркин В. А.,2026-11-13,5,11,числитель,false,лекция,228л
Теория автоматов и алгоритмические языки,5,,ФН11-52Б,Кутыркин В. А.,2026-11-13,5,11,числитель,false,семинар,113л
Численные методы,1,,АК3-51Б,Кутыркин В. А.,2026-11-18,3,12,знаменатель,false,лекция,ПП
Численные методы,2,,АК3-51Б,Кутыркин В. А.,2026-11-18,3,12,знаменатель,false,семинар,ПП
Теория автоматов и алгоритмические языки,3,,АК3-51Б,Кутыркин В. А.,2026-11-18,3,12,знаменатель,false,лекция,ПП
Теория автоматов и алгоритмические языки,3,,ФН11-73Б(+1),Кутыркин В. А.,2026-11-20,5,12,знаменатель,false,лекция,711л
Теория автоматов и алгоритмические языки,4,,ФН11-51Б,Кутыркин В. А.,2026-11-20,5,12,знаменатель,false,семинар,113л
Теория автоматов и алгоритмические языки,4,,ФН11-73Б(+1),Кутыркин В. А.,2026-11-20,5,12,знаменатель,false,семинар,259л
Численные методы,1,,АК3-51Б,Кутыркин В. А.,2026-11-25,3,13,числитель,false,лекция,ПП
Численные методы,2,,АК3-51Б,Кутыркин В. А.,2026-11-25,3,13,числитель,false,семинар,ПП
Теория автоматов и алгоритмические языки,3,,АК3-51Б,Кутыркин В. А.,2026-11-25,3,13,числитель,false,лекция,ПП
Теория автоматов и алгоритмические языки,4,,АК3-51Б,Кутыркин В. А.,2026-11-25,3,13,числитель,false,семинар,ПП
Теория автоматов и алгоритмические языки,3,,ФН11-54Б,Кутыркин В. А.,2026-11-27,5,13,числитель,false,семинар,922л
Теория автоматов и алгоритмические языки,4,,ФН11-51Б(+2),Кутыркин В. А.,2026-11-27,5,13,числитель,false,лекция,228л
Теория автоматов и алгоритмические языки,5,,ФН11-52Б,Кутыркин В. А.,2026-11-27,5,13,числитель,false,семинар,113л
Численные методы,1,,АК3-51Б,Кутыркин В. А.,2026-12-02,3,14,знаменатель,false,лекция,ПП
Численные методы,2,,АК3-51Б,Кутыркин В. А.,2026-12-02,3,14,знаменатель,false,семинар,ПП
Теория автоматов и алгоритмические языки,3,,АК3-51Б,Кутыркин В. А.,2026-12-02,3,14,знаменатель,false,лекция,ПП
Теория автоматов и алгоритмические языки,3,,ФН11-73Б(+1),Кутыркин В. А.,2026-12-04,5,14,знаменатель,false,лекция,711л
Теория автоматов и алгоритмические языки,4,,ФН11-51Б,Кутыркин В. А.,2026-12-04,5,14,знаменатель,false,семинар,113л
Теория автоматов и алгоритмические языки,4,,ФН11-73Б(+1),Кутыркин В. А.,2026-12-04,5,14,знаменатель,false,семинар,259л
Численные методы,1,,АК3-51Б,Кутыркин В. А.,2026-12-09,3,15,числитель,false,лекция,ПП
Численные методы,2,,АК3-51Б,Кутыркин В. А.,2026-12-09,3,15,числитель,false,семинар,ПП
Теория автоматов и алгоритмические языки,3,,АК3-51Б,Кутыркин В. А.,2026-12-09,3,15,числитель,false,лекция,ПП
Теория автоматов и алгоритмические языки,4,,АК3-51Б,Кутыркин В. А.,2026-12-09,3,15,числитель,false,семинар,ПП
Теория автоматов и алгоритмические языки,3,,ФН11-54Б,Кутыркин В. А.,2026-12-11,5,15,числитель,false,семинар,922л
Теория автоматов и алгоритмические языки,4,,ФН11-51Б(+2),Кутыркин В. А.,2026-12-11,5,15,числитель,false,лекция,228л
Теория автоматов и алгоритмические языки,5,,ФН11-52Б,Кутыркин В. А.,2026-12-11,5,15,числитель,false,семинар,113л
Численные методы,1,,АК3-51Б,Кутыркин В. А.,2026-12-16,3,16,знаменатель,false,лекция,ПП
Численные методы,2,,АК3-51Б,Кутыркин В. А.,2026-12-16,3,16,знаменатель,false,семинар,ПП
Теория автоматов и алгоритмические языки,3,,АК3-51Б,Кутыркин В. А.,2026-12-16,3,16,знаменатель,false,лекция,ПП
Теория автоматов и алгоритмические языки,3,,ФН11-73Б(+1),Кутыркин В. А.,2026-12-18,5,16,знаменатель,false,лекция,711л
Теория автоматов и алгоритмические языки,4,,ФН11-51Б,Кутыркин В. А.,2026-12-18,5,16,знаменатель,false,семинар,113л
Теория автоматов и алгоритмические языки,4,,ФН11-73Б(+1),Кутыркин В. А.,2026-12-18,5,16,знаменатель,false,семинар,259л
Численные методы,1,,АК3-51Б,Кутыркин В. А.,2026-12-23,3,17,числитель,false,лекция,ПП
Численные методы,2,,АК3-51Б,Кутыркин В. А.,2026-12-23,3,17,числитель,false,семинар,ПП
Теория автоматов и алгоритмические языки,3,,АК3-51Б,Кутыркин В. А.,2026-12-23,3,17,числитель,false,лекция,ПП
Теория автоматов и алгоритмические языки,4,,АК3-51Б,Кутыркин В. А.,2026-12-23,3,17,числитель,false,семинар,ПП
Теория автоматов и алгоритмические языки,3,,ФН11-54Б,Кутыркин В. А.,2026-12-25,5,17,числитель,false,семинар,922л
Теория автоматов и алгоритмические языки,4,,ФН11-51Б(+2),Кутыркин В. А.,2026-12-25,5,17,числитель,false,лекция,228л
Теория автоматов и алгоритмические языки,5,,ФН11-52Б,Кутыркин В. А.,2026-12-25,5,17,числитель,false,семинар,113л
Численные методы,1,,АК3-51Б,Кутыркин В. А.,2026-12-30,3,18,знаменатель,false,лекция,ПП
Численные методы,2,,АК3-51Б,Кутыркин В. А.,2026-12-30,3,18,знаменатель,false,семинар,ПП
Теория автоматов и алгоритмические языки,3,,АК3-51Б,Кутыркин В. А.,2026-12-30,3,18,знаменатель,false,лекция,ПП
Дифференциальная геометрия и основы тензорного исчисления,3,,ФН4-31Б(+2),Лебедев С. В.,2026-09-05,6,1,числитель,false,лекция,935л
Дифференциальная геометрия и основы тензорного исчисления,4,,ФН4-31Б(+1),Лебедев С. В.,2026-09-05,6,1,числитель,false,семинар,924л
Дифференциальная геометрия и основы тензорного исчисления,3,,ФН4-31Б(+2),Лебедев С. В.,2026-09-12,6,2,знаменатель,false,лекция,935л
Дифференциальная геометрия и основы тензорного исчисления,4,,ФН4-31Б(+1),Лебедев С. В.,2026-09-12,6,2,знаменатель,false,семинар,924л
Дифференциальная геометрия и основы тензорного исчисления,3,,ФН4-31Б(+2),Лебедев С. В.,2026-09-19,6,3,числитель,false,лекция,935л
Дифференциальная геометрия и основы тензорного исчисления,4,,ФН4-31Б(+1),Лебедев С. В.,2026-09-19,6,3,числитель,false,семинар,924л
Дифференциальная геометрия и основы тензорного исчисления,3,,ФН4-31Б(+2),Лебедев С. В.,2026-09-26,6,4,знаменатель,false,лекция,935л
Дифференциальная геометрия и основы тензорного исчисления,4,,ФН4-31Б(+1),Лебедев С. В.,2026-09-26,6,4,знаменатель,false,семинар,924л
Дифференциальная геометрия и основы тензорного исчисления,3,,ФН4-31Б(+2),Лебедев С. В.,2026-10-03,6,5,числитель,false,лекция,935л
Дифференциальная геометрия и основы тензорного исчисления,4,,ФН4-31Б(+1),Лебедев С. В.,2026-10-03,6,5,числитель,false,семинар,924л
Дифференциальная геометрия и основы тензорного исчисления,3,,ФН4-31Б(+2),Лебедев С. В.,2026-10-10,6,6,знаменатель,false,лекция,935л
Дифференциальная геометрия и основы тензорного исчисления,4,,ФН4-31Б(+1),Лебедев С. В.,2026-10-10,6,6,знаменатель,false,семинар,924л
Дифференциальная геометрия и основы тензорного исчисления,3,,ФН4-31Б(+2),Лебедев С. В.,2026-10-17,6,7,числитель,false,лекция,935л
Дифференциальная геометрия и основы тензорного исчисления,4,,ФН4-31Б(+1),Лебедев С. В.,2026-10-17,6,7,числитель,false,семинар,924л
Дифференциальная геометрия и основы тензорного исчисления,3,,ФН4-31Б(+2),Лебедев С. В.,2026-10-24,6,8,знаменатель,false,лекция,935л
Дифференциальная геометрия и основы тензорного исчисления,4,,ФН4-31Б(+1),Лебедев С. В.,2026-10-24,6,8,знаменатель,false,семинар,924л
Дифференциальная геометрия и основы тензорного исчисления,3,,ФН4-31Б(+2),Лебедев С. В.,2026-10-31,6,9,числитель,false,лекция,935л
Дифференциальная геометрия и основы тензорного исчисления,4,,ФН4-31Б(+1),Лебедев С. В.,2026-10-31,6,9,числитель,false,семинар,924л
Дифференциальная геометрия и основы тензорного исчисления,3,,ФН4-31Б(+2),Лебедев С. В.,2026-11-07,6,10,знаменатель,false,лекция,935л
Дифференциальная геометрия и основы тензорного исчисления,4,,ФН4-31Б(+1),Лебедев С. В.,2026-11-07,6,10,знаменатель,false,семинар,924л
Дифференциальная геометрия и основы тензорного исчисления,3,,ФН4-31Б(+2),Лебедев С. В.,2026-11-14,6,11,числитель,false,лекция,935л
Дифференциальная геометрия и основы тензорного исчисления,4,,ФН4-31Б(+1),Лебедев С. В.,2026-11-14,6,11,числитель,false,семинар,924л
Дифференциальная геометрия и основы тензорного исчисления,3,,ФН4-31Б(+2),Лебедев С. В.,2026-11-21,6,12,знаменатель,false,лекция,935л
Дифференциальная геометрия и основы тензорного исчисления,4,,ФН4-31Б(+1),Лебедев С. В.,2026-11-21,6,12,знаменатель,false,семинар,924л
Дифференциальная геометрия и основы тензорного исчисления,3,,ФН4-31Б(+2),Лебедев С. В.,2026-11-28,6,13,числитель,false,лекция,935л
Дифференциальная геометрия и основы тензорного исчисления,4,,ФН4-31Б(+1),Лебедев С. В.,2026-11-28,6,13,числитель,false,семинар,924л
Дифференциальная геометрия и основы тензорного исчисления,3,,ФН4-31Б(+2),Лебедев С. В.,2026-12-05,6,14,знаменатель,false,лекция,935л
Дифференциальная геометрия и основы тензорного исчисления,4,,ФН4-31Б(+1),Лебедев С. В.,2026-12-05,6,14,знаменатель,false,семинар,924л
Дифференциальная геометрия и основы тензорного исчисления,3,,ФН4-31Б(+2),Лебедев С. В.,2026-12-12,6,15,числитель,false,лекция,935л
Дифференциальная геометрия и основы тензорного исчисления,4,,ФН4-31Б(+1),Лебедев С. В.,2026-12-12,6,15,числитель,false,семинар,924л
Дифференциальная геометрия и основы тензорного исчисления,3,,ФН4-31Б(+2),Лебедев С. В.,2026-12-19,6,16,знаменатель,false,лекция,935л
Дифференциальная геометрия и основы тензорного исчисления,4,,ФН4-31Б(+1),Лебедев С. В.,2026-12-19,6,16,знаменатель,false,семинар,924л
Дифференциальная геометрия и основы тензорного исчисления,3,,ФН4-31Б(+2),Лебедев С. В.,2026-12-26,6,17,числитель,false,лекция,935л
Дифференциальная геометрия и основы тензорного исчисления,4,,ФН4-31Б(+1),Лебедев С. В.,2026-12-26,6,17,числитель,false,семинар,924л
Кратные интегралы и ряды,1,,Э6-31,Левина А. И.,2026-09-05,6,1,числитель,false,семинар,829л
Кратные интегралы и ряды,2,,Э4-32,Левина А. И.,2026-09-05,6,1,числитель,false,семинар,829л
Кратные интегралы и ряды,3,,Э6-31,Левина А. И.,2026-09-05,6,1,числитель,false,семинар,829л
Кратные интегралы и ряды,4,,Э4-31Б,Левина А. И.,2026-09-05,6,1,числитель,false,семинар,829л
Кратные интегралы и ряды,1,,Э6-31,Левина А. И.,2026-09-12,6,2,знаменатель,false,семинар,829л
Кратные интегралы и ряды,2,,Э4-32,Левина А. И.,2026-09-12,6,2,знаменатель,false,семинар,829л
Кратные интегралы и ряды,4,,Э4-31Б,Левина А. И.,2026-09-12,6,2,знаменатель,false,семинар,829л
Кратные интегралы и ряды,4,,Э4-32,Левина А. И.,2026-09-12,6,2,знаменатель,false,семинар,829л
Кратные интегралы и ряды,1,,Э6-31,Левина А. И.,2026-09-19,6,3,числитель,false,семинар,829л
Кратные интегралы и ряды,2,,Э4-32,Левина А. И.,2026-09-19,6,3,числитель,false,семинар,829л
Кратные интегралы и ряды,3,,Э6-31,Левина А. И.,2026-09-19,6,3,числитель,false,семинар,829л
Кратные интегралы и ряды,4,,Э4-31Б,Левина А. И.,2026-09-19,6,3,числитель,false,семинар,829л
Кратные интегралы и ряды,1,,Э6-31,Левина А. И.,2026-09-26,6,4,знаменатель,false,семинар,829л
Кратные интегралы и ряды,2,,Э4-32,Левина А. И.,2026-09-26,6,4,знаменатель,false,семинар,829л
Кратные интегралы и ряды,4,,Э4-31Б,Левина А. И.,2026-09-26,6,4,знаменатель,false,семинар,829л
Кратные интегралы и ряды,4,,Э4-32,Левина А. И.,2026-09-26,6,4,знаменатель,false,семинар,829л
Кратные интегралы и ряды,1,,Э6-31,Левина А. И.,2026-10-03,6,5,числитель,false,семинар,829л
Кратные интегралы и ряды,2,,Э4-32,Левина А. И.,2026-10-03,6,5,числитель,false,семинар,829л
Кратные интегралы и ряды,3,,Э6-31,Левина А. И.,2026-10-03,6,5,числитель,false,семинар,829л
Кратные интегралы и ряды,4,,Э4-31Б,Левина А. И.,2026-10-03,6,5,числитель,false,семинар,829л
Кратные интегралы и ряды,1,,Э6-31,Левина А. И.,2026-10-10,6,6,знаменатель,false,семинар,829л
Кратные интегралы и ряды,2,,Э4-32,Левина А. И.,2026-10-10,6,6,знаменатель,false,семинар,829л
Кратные интегралы и ряды,4,,Э4-31Б,Левина А. И.,2026-10-10,6,6,знаменатель,false,семинар,829л
Кратные интегралы и ряды,4,,Э4-32,Левина А. И.,2026-10-10,6,6,знаменатель,false,семинар,829л
Кратные интегралы и ряды,1,,Э6-31,Левина А. И.,2026-10-17,6,7,числитель,false,семинар,829л
Кратные интегралы и ряды,2,,Э4-32,Левина А. И.,2026-10-17,6,7,числитель,false,семинар,829л
Кратные интегралы и ряды,3,,Э6-31,Левина А. И.,2026-10-17,6,7,числитель,false,семинар,829л
Кратные интегралы и ряды,4,,Э4-31Б,Левина А. И.,2026-10-17,6,7,числитель,false,семинар,829л
Кратные интегралы и ряды,1,,Э6-31,Левина А. И.,2026-10-24,6,8,знаменатель,false,семинар,829л
Кратные интегралы и ряды,2,,Э4-32,Левина А. И.,2026-10-24,6,8,знаменатель,false,семинар,829л
Кратные интегралы и ряды,4,,Э4-31Б,Левина А. И.,2026-10-24,6,8,знаменатель,false,семинар,829л
Кратные интегралы и ряды,4,,Э4-32,Левина А. И.,2026-10-24,6,8,знаменатель,false,семинар,829л
Кратные интегралы и ряды,1,,Э6-31,Левина А. И.,2026-10-31,6,9,числитель,false,семинар,829л
Кратные интегралы и ряды,2,,Э4-32,Левина А. И.,2026-10-31,6,9,числитель,false,семинар,829л
Кратные интегралы и ряды,3,,Э6-31,Левина А. И.,2026-10-31,6,9,числитель,false,семинар,829л
Кратные интегралы и ряды,4,,Э4-31Б,Левина А. И.,2026-10-31,6,9,числитель,false,семинар,829л
Кратные интегралы и ряды,1,,Э6-31,Левина А. И.,2026-11-07,6,10,знаменатель,false,семинар,829л
Кратные интегралы и ряды,2,,Э4-32,Левина А. И.,2026-11-07,6,10,знаменатель,false,семинар,829л
Кратные интегралы и ряды,4,,Э4-31Б,Левина А. И.,2026-11-07,6,10,знаменатель,false,семинар,829л
Кратные интегралы и ряды,4,,Э4-32,Левина А. И.,2026-11-07,6,10,знаменатель,false,семинар,829л
Кратные интегралы и ряды,1,,Э6-31,Левина А. И.,2026-11-14,6,11,числитель,false,семинар,829л
Кратные интегралы и ряды,2,,Э4-32,Левина А. И.,2026-11-14,6,11,числитель,false,семинар,829л
Кратные интегралы и ряды,3,,Э6-31,Левина А. И.,2026-11-14,6,11,числитель,false,семинар,829л
Кратные интегралы и ряды,4,,Э4-31Б,Левина А. И.,2026-11-14,6,11,числитель,false,семинар,829л
Кратные интегралы и ряды,1,,Э6-31,Левина А. И.,2026-11-21,6,12,знаменатель,false,семинар,829л
Кратные интегралы и ряды,2,,Э4-32,Левина А. И.,2026-11-21,6,12,знаменатель,false,семинар,829л
Кратные интегралы и ряды,4,,Э4-31Б,Левина А. И.,2026-11-21,6,12,знаменатель,false,семинар,829л
Кратные интегралы и ряды,4,,Э4-32,Левина А. И.,2026-11-21,6,12,знаменатель,false,семинар,829л
Кратные интегралы и ряды,1,,Э6-31,Левина А. И.,2026-11-28,6,13,числитель,false,семинар,829л
Кратные интегралы и ряды,2,,Э4-32,Левина А. И.,2026-11-28,6,13,числитель,false,семинар,829л
Кратные интегралы и ряды,3,,Э6-31,Левина А. И.,2026-11-28,6,13,числитель,false,семинар,829л
Кратные интегралы и ряды,4,,Э4-31Б,Левина А. И.,2026-11-28,6,13,числитель,false,семинар,829л
Кратные интегралы и ряды,1,,Э6-31,Левина А. И.,2026-12-05,6,14,знаменатель,false,семинар,829л
Кратные интегралы и ряды,2,,Э4-32,Левина А. И.,2026-12-05,6,14,знаменатель,false,семинар,829л
Кратные интегралы и ряды,4,,Э4-31Б,Левина А. И.,2026-12-05,6,14,знаменатель,false,семинар,829л
Кратные интегралы и ряды,4,,Э4-32,Левина А. И.,2026-12-05,6,14,знаменатель,false,семинар,829л
Кратные интегралы и ряды,1,,Э6-31,Левина А. И.,2026-12-12,6,15,числитель,false,семинар,829л
Кратные интегралы и ряды,2,,Э4-32,Левина А. И.,2026-12-12,6,15,числитель,false,семинар,829л
Кратные интегралы и ряды,3,,Э6-31,Левина А. И.,2026-12-12,6,15,числитель,false,семинар,829л
Кратные интегралы и ряды,4,,Э4-31Б,Левина А. И.,2026-12-12,6,15,числитель,false,семинар,829л
Кратные интегралы и ряды,1,,Э6-31,Левина А. И.,2026-12-19,6,16,знаменатель,false,семинар,829л
Кратные интегралы и ряды,2,,Э4-32,Левина А. И.,2026-12-19,6,16,знаменатель,false,семинар,829л
Кратные интегралы и ряды,4,,Э4-31Б,Левина А. И.,2026-12-19,6,16,знаменатель,false,семинар,829л
Кратные интегралы и ряды,4,,Э4-32,Левина А. И.,2026-12-19,6,16,знаменатель,false,семинар,829л
Кратные интегралы и ряды,1,,Э6-31,Левина А. И.,2026-12-26,6,17,числитель,false,семинар,829л
Кратные интегралы и ряды,2,,Э4-32,Левина А. И.,2026-12-26,6,17,числитель,false,семинар,829л
Кратные интегралы и ряды,3,,Э6-31,Левина А. И.,2026-12-26,6,17,числитель,false,семинар,829л
Кратные интегралы и ряды,4,,Э4-31Б,Левина А. И.,2026-12-26,6,17,числитель,false,семинар,829л
Дифференциальные уравнения,2,,ФН11-34Б; ФН11И-34Б,Лобков Д. С.,2026-09-05,6,1,числитель,false,семинар,617л
Дифференциальные уравнения,3,,ФН11-31Б,Лобков Д. С.,2026-09-05,6,1,числитель,false,семинар,834л
Дифференциальные уравнения,2,,ФН11-34Б; ФН11И-34Б,Лобков Д. С.,2026-09-12,6,2,знаменатель,false,семинар,617л
Дифференциальные уравнения,3,,ФН11-31Б,Лобков Д. С.,2026-09-12,6,2,знаменатель,false,семинар,834л
Дифференциальные уравнения,2,,ФН11-34Б; ФН11И-34Б,Лобков Д. С.,2026-09-19,6,3,числитель,false,семинар,617л
Дифференциальные уравнения,3,,ФН11-31Б,Лобков Д. С.,2026-09-19,6,3,числитель,false,семинар,834л
Дифференциальные уравнения,2,,ФН11-34Б; ФН11И-34Б,Лобков Д. С.,2026-09-26,6,4,знаменатель,false,семинар,617л
Дифференциальные уравнения,3,,ФН11-31Б,Лобков Д. С.,2026-09-26,6,4,знаменатель,false,семинар,834л
Дифференциальные уравнения,2,,ФН11-34Б; ФН11И-34Б,Лобков Д. С.,2026-10-03,6,5,числитель,false,семинар,617л
Дифференциальные уравнения,3,,ФН11-31Б,Лобков Д. С.,2026-10-03,6,5,числитель,false,семинар,834л
Дифференциальные уравнения,2,,ФН11-34Б; ФН11И-34Б,Лобков Д. С.,2026-10-10,6,6,знаменатель,false,семинар,617л
Дифференциальные уравнения,3,,ФН11-31Б,Лобков Д. С.,2026-10-10,6,6,знаменатель,false,семинар,834л
Дифференциальные уравнения,2,,ФН11-34Б; ФН11И-34Б,Лобков Д. С.,2026-10-17,6,7,числитель,false,семинар,617л
Дифференциальные уравнения,3,,ФН11-31Б,Лобков Д. С.,2026-10-17,6,7,числитель,false,семинар,834л
Дифференциальные уравнения,2,,ФН11-34Б; ФН11И-34Б,Лобков Д. С.,2026-10-24,6,8,знаменатель,false,семинар,617л
Дифференциальные уравнения,3,,ФН11-31Б,Лобков Д. С.,2026-10-24,6,8,знаменатель,false,семинар,834л
Дифференциальные уравнения,2,,ФН11-34Б; ФН11И-34Б,Лобков Д. С.,2026-10-31,6,9,числитель,false,семинар,617л
Дифференциальные уравнения,3,,ФН11-31Б,Лобков Д. С.,2026-10-31,6,9,числитель,false,семинар,834л
Дифференциальные уравнения,2,,ФН11-34Б; ФН11И-34Б,Лобков Д. С.,2026-11-07,6,10,знаменатель,false,семинар,617л
Дифференциальные уравнения,3,,ФН11-31Б,Лобков Д. С.,2026-11-07,6,10,знаменатель,false,семинар,834л
Дифференциальные уравнения,2,,ФН11-34Б; ФН11И-34Б,Лобков Д. С.,2026-11-14,6,11,числитель,false,семинар,617л
Дифференциальные уравнения,3,,ФН11-31Б,Лобков Д. С.,2026-11-14,6,11,числитель,false,семинар,834л
Дифференциальные уравнения,2,,ФН11-34Б; ФН11И-34Б,Лобков Д. С.,2026-11-21,6,12,знаменатель,false,семинар,617л
Дифференциальные уравнения,3,,ФН11-31Б,Лобков Д. С.,2026-11-21,6,12,знаменатель,false,семинар,834л
Дифференциальные уравнения,2,,ФН11-34Б; ФН11И-34Б,Лобков Д. С.,2026-11-28,6,13,числитель,false,семинар,617л
Дифференциальные уравнения,3,,ФН11-31Б,Лобков Д. С.,2026-11-28,6,13,числитель,false,семинар,834л
Дифференциальные уравнения,2,,ФН11-34Б; ФН11И-34Б,Лобков Д. С.,2026-12-05,6,14,знаменатель,false,семинар,617л
Дифференциальные уравнения,3,,ФН11-31Б,Лобков Д. С.,2026-12-05,6,14,знаменатель,false,семинар,834л
Дифференциальные уравнения,2,,ФН11-34Б; ФН11И-34Б,Лобков Д. С.,2026-12-12,6,15,числитель,false,семинар,617л
Дифференциальные уравнения,3,,ФН11-31Б,Лобков Д. С.,2026-12-12,6,15,числитель,false,семинар,834л
Дифференциальные уравнения,2,,ФН11-34Б; ФН11И-34Б,Лобков Д. С.,2026-12-19,6,16,знаменатель,false,семинар,617л
Дифференциальные уравнения,3,,ФН11-31Б,Лобков Д. С.,2026-12-19,6,16,знаменатель,false,семинар,834л
Дифференциальные уравнения,2,,ФН11-34Б; ФН11И-34Б,Лобков Д. С.,2026-12-26,6,17,числитель,false,семинар,617л
Дифференциальные уравнения,3,,ФН11-31Б,Лобков Д. С.,2026-12-26,6,17,числитель,false,семинар,834л
Математический анализ,6,,Э4-13/6,Максименко Д. М.,2026-09-02,3,1,числитель,false,семинар,922л
Математический анализ,1,,Э8-11/6,Максименко Д. М.,2026-09-05,6,1,числитель,false,семинар,623л
Математический анализ,3,,Э4-13/6,Максименко Д. М.,2026-09-05,6,1,числитель,false,семинар,822л
Математический анализ,4,,Э8-11/6,Максименко Д. М.,2026-09-05,6,1,числитель,false,семинар,830л
Математический анализ,1,,Э8-11/6,Максименко Д. М.,2026-09-12,6,2,знаменатель,false,семинар,623л
Математический анализ,3,,Э4-13/6,Максименко Д. М.,2026-09-12,6,2,знаменатель,false,семинар,822л
Математический анализ,6,,Э4-13/6,Максименко Д. М.,2026-09-16,3,3,числитель,false,семинар,922л
Математический анализ,1,,Э8-11/6,Максименко Д. М.,2026-09-19,6,3,числитель,false,семинар,623л
Математический анализ,3,,Э4-13/6,Максименко Д. М.,2026-09-19,6,3,числитель,false,семинар,822л
Математический анализ,4,,Э8-11/6,Максименко Д. М.,2026-09-19,6,3,числитель,false,семинар,830л
Математический анализ,1,,Э8-11/6,Максименко Д. М.,2026-09-26,6,4,знаменатель,false,семинар,623л
Математический анализ,3,,Э4-13/6,Максименко Д. М.,2026-09-26,6,4,знаменатель,false,семинар,822л
Математический анализ,6,,Э4-13/6,Максименко Д. М.,2026-09-30,3,5,числитель,false,семинар,922л
Математический анализ,1,,Э8-11/6,Максименко Д. М.,2026-10-03,6,5,числитель,false,семинар,623л
Математический анализ,3,,Э4-13/6,Максименко Д. М.,2026-10-03,6,5,числитель,false,семинар,822л
Математический анализ,4,,Э8-11/6,Максименко Д. М.,2026-10-03,6,5,числитель,false,семинар,830л
Математический анализ,1,,Э8-11/6,Максименко Д. М.,2026-10-10,6,6,знаменатель,false,семинар,623л
Математический анализ,3,,Э4-13/6,Максименко Д. М.,2026-10-10,6,6,знаменатель,false,семинар,822л
Математический анализ,6,,Э4-13/6,Максименко Д. М.,2026-10-14,3,7,числитель,false,семинар,922л
Математический анализ,1,,Э8-11/6,Максименко Д. М.,2026-10-17,6,7,числитель,false,семинар,623л
Математический анализ,3,,Э4-13/6,Максименко Д. М.,2026-10-17,6,7,числитель,false,семинар,822л
Математический анализ,4,,Э8-11/6,Максименко Д. М.,2026-10-17,6,7,числитель,false,семинар,830л
Математический анализ,1,,Э8-11/6,Максименко Д. М.,2026-10-24,6,8,знаменатель,false,семинар,623л
Математический анализ,3,,Э4-13/6,Максименко Д. М.,2026-10-24,6,8,знаменатель,false,семинар,822л
Математический анализ,6,,Э4-13/6,Максименко Д. М.,2026-10-28,3,9,числитель,false,семинар,922л
Математический анализ,1,,Э8-11/6,Максименко Д. М.,2026-10-31,6,9,числитель,false,семинар,623л
Математический анализ,3,,Э4-13/6,Максименко Д. М.,2026-10-31,6,9,числитель,false,семинар,822л
Математический анализ,4,,Э8-11/6,Максименко Д. М.,2026-10-31,6,9,числитель,false,семинар,830л
Математический анализ,1,,Э8-11/6,Максименко Д. М.,2026-11-07,6,10,знаменатель,false,семинар,623л
Математический анализ,3,,Э4-13/6,Максименко Д. М.,2026-11-07,6,10,знаменатель,false,семинар,822л
Математический анализ,6,,Э4-13/6,Максименко Д. М.,2026-11-11,3,11,числитель,false,семинар,922л
Математический анализ,1,,Э8-11/6,Максименко Д. М.,2026-11-14,6,11,числитель,false,семинар,623л
Математический анализ,3,,Э4-13/6,Максименко Д. М.,2026-11-14,6,11,числитель,false,семинар,822л
Математический анализ,4,,Э8-11/6,Максименко Д. М.,2026-11-14,6,11,числитель,false,семинар,830л
Математический анализ,1,,Э8-11/6,Максименко Д. М.,2026-11-21,6,12,знаменатель,false,семинар,623л
Математический анализ,3,,Э4-13/6,Максименко Д. М.,2026-11-21,6,12,знаменатель,false,семинар,822л
Математический анализ,6,,Э4-13/6,Максименко Д. М.,2026-11-25,3,13,числитель,false,семинар,922л
Математический анализ,1,,Э8-11/6,Максименко Д. М.,2026-11-28,6,13,числитель,false,семинар,623л
Математический анализ,3,,Э4-13/6,Максименко Д. М.,2026-11-28,6,13,числитель,false,семинар,822л
Математический анализ,4,,Э8-11/6,Максименко Д. М.,2026-11-28,6,13,числитель,false,семинар,830л
Математический анализ,1,,Э8-11/6,Максименко Д. М.,2026-12-05,6,14,знаменатель,false,семинар,623л
Математический анализ,3,,Э4-13/6,Максименко Д. М.,2026-12-05,6,14,знаменатель,false,семинар,822л
Математический анализ,6,,Э4-13/6,Максименко Д. М.,2026-12-09,3,15,числитель,false,семинар,922л
Математический анализ,1,,Э8-11/6,Максименко Д. М.,2026-12-12,6,15,числитель,false,семинар,623л
Математический анализ,3,,Э4-13/6,Максименко Д. М.,2026-12-12,6,15,числитель,false,семинар,822л
Математический анализ,4,,Э8-11/6,Максименко Д. М.,2026-12-12,6,15,числитель,false,семинар,830л
Математический анализ,1,,Э8-11/6,Максименко Д. М.,2026-12-19,6,16,знаменатель,false,семинар,623л
Математический анализ,3,,Э4-13/6,Максименко Д. М.,2026-12-19,6,16,знаменатель,false,семинар,822л
Математический анализ,6,,Э4-13/6,Максименко Д. М.,2026-12-23,3,17,числитель,false,семинар,922л
Математический анализ,1,,Э8-11/6,Максименко Д. М.,2026-12-26,6,17,числитель,false,семинар,623л
Математический анализ,3,,Э4-13/6,Максименко Д. М.,2026-12-26,6,17,числитель,false,семинар,822л
Математический анализ,4,,Э8-11/6,Максименко Д. М.,2026-12-26,6,17,числитель,false,семинар,830л
Математический анализ,1,,Э2-12/6,Медведева Ю. А.,2026-09-01,2,1,числитель,false,семинар,935л
Кратные интегралы и ряды,2,,Э3-32,Медведева Ю. А.,2026-09-01,2,1,числитель,false,семинар,829л
Математический анализ,3,,Э9-12Б,Медведева Ю. А.,2026-09-01,2,1,числитель,false,семинар,822л
Кратные интегралы и ряды,2,,Э3-33,Медведева Ю. А.,2026-09-03,4,1,числитель,false,семинар,829л
Математический анализ,3,,ФН7-11/6,Медведева Ю. А.,2026-09-03,4,1,числитель,false,семинар,713л
Кратные интегралы и ряды,2,,Э3-32,Медведева Ю. А.,2026-09-04,5,1,числитель,false,семинар,829л
Кратные интегралы и ряды,3,,Э3-33,Медведева Ю. А.,2026-09-04,5,1,числитель,false,семинар,829л
Математический анализ,1,,Э2-12/6,Медведева Ю. А.,2026-09-08,2,2,знаменатель,false,семинар,935л
Кратные интегралы и ряды,2,,Э3-32,Медведева Ю. А.,2026-09-08,2,2,знаменатель,false,семинар,829л
Математический анализ,3,,Э9-12Б,Медведева Ю. А.,2026-09-08,2,2,знаменатель,false,семинар,822л
Кратные интегралы и ряды,2,,Э3-33,Медведева Ю. А.,2026-09-10,4,2,знаменатель,false,семинар,829л
Математический анализ,3,,ФН7-11/6,Медведева Ю. А.,2026-09-10,4,2,знаменатель,false,семинар,713л
Математический анализ,1,,ФН7-11/6,Медведева Ю. А.,2026-09-11,5,2,знаменатель,false,семинар,924л
Математический анализ,2,,Э9-12Б,Медведева Ю. А.,2026-09-11,5,2,знаменатель,false,семинар,731л
Математический анализ,4,,Э2-12/6,Медведева Ю. А.,2026-09-11,5,2,знаменатель,false,семинар,731л
Математический анализ,1,,Э2-12/6,Медведева Ю. А.,2026-09-15,2,3,числитель,false,семинар,935л
Кратные интегралы и ряды,2,,Э3-32,Медведева Ю. А.,2026-09-15,2,3,числитель,false,семинар,829л
Математический анализ,3,,Э9-12Б,Медведева Ю. А.,2026-09-15,2,3,числитель,false,семинар,822л
Кратные интегралы и ряды,2,,Э3-33,Медведева Ю. А.,2026-09-17,4,3,числитель,false,семинар,829л
Математический анализ,3,,ФН7-11/6,Медведева Ю. А.,2026-09-17,4,3,числитель,false,семинар,713л
Кратные интегралы и ряды,2,,Э3-32,Медведева Ю. А.,2026-09-18,5,3,числитель,false,семинар,829л
Кратные интегралы и ряды,3,,Э3-33,Медведева Ю. А.,2026-09-18,5,3,числитель,false,семинар,829л
Математический анализ,1,,Э2-12/6,Медведева Ю. А.,2026-09-22,2,4,знаменатель,false,семинар,935л
Кратные интегралы и ряды,2,,Э3-32,Медведева Ю. А.,2026-09-22,2,4,знаменатель,false,семинар,829л
Математический анализ,3,,Э9-12Б,Медведева Ю. А.,2026-09-22,2,4,знаменатель,false,семинар,822л
Кратные интегралы и ряды,2,,Э3-33,Медведева Ю. А.,2026-09-24,4,4,знаменатель,false,семинар,829л
Математический анализ,3,,ФН7-11/6,Медведева Ю. А.,2026-09-24,4,4,знаменатель,false,семинар,713л
Математический анализ,1,,ФН7-11/6,Медведева Ю. А.,2026-09-25,5,4,знаменатель,false,семинар,924л
Математический анализ,2,,Э9-12Б,Медведева Ю. А.,2026-09-25,5,4,знаменатель,false,семинар,731л
Математический анализ,4,,Э2-12/6,Медведева Ю. А.,2026-09-25,5,4,знаменатель,false,семинар,731л
Математический анализ,1,,Э2-12/6,Медведева Ю. А.,2026-09-29,2,5,числитель,false,семинар,935л
Кратные интегралы и ряды,2,,Э3-32,Медведева Ю. А.,2026-09-29,2,5,числитель,false,семинар,829л
Математический анализ,3,,Э9-12Б,Медведева Ю. А.,2026-09-29,2,5,числитель,false,семинар,822л
Кратные интегралы и ряды,2,,Э3-33,Медведева Ю. А.,2026-10-01,4,5,числитель,false,семинар,829л
Математический анализ,3,,ФН7-11/6,Медведева Ю. А.,2026-10-01,4,5,числитель,false,семинар,713л
Кратные интегралы и ряды,2,,Э3-32,Медведева Ю. А.,2026-10-02,5,5,числитель,false,семинар,829л
Кратные интегралы и ряды,3,,Э3-33,Медведева Ю. А.,2026-10-02,5,5,числитель,false,семинар,829л
Математический анализ,1,,Э2-12/6,Медведева Ю. А.,2026-10-06,2,6,знаменатель,false,семинар,935л
Кратные интегралы и ряды,2,,Э3-32,Медведева Ю. А.,2026-10-06,2,6,знаменатель,false,семинар,829л
Математический анализ,3,,Э9-12Б,Медведева Ю. А.,2026-10-06,2,6,знаменатель,false,семинар,822л
Кратные интегралы и ряды,2,,Э3-33,Медведева Ю. А.,2026-10-08,4,6,знаменатель,false,семинар,829л
Математический анализ,3,,ФН7-11/6,Медведева Ю. А.,2026-10-08,4,6,знаменатель,false,семинар,713л
Математический анализ,1,,ФН7-11/6,Медведева Ю. А.,2026-10-09,5,6,знаменатель,false,семинар,924л
Математический анализ,2,,Э9-12Б,Медведева Ю. А.,2026-10-09,5,6,знаменатель,false,семинар,731л
Математический анализ,4,,Э2-12/6,Медведева Ю. А.,2026-10-09,5,6,знаменатель,false,семинар,731л
Математический анализ,1,,Э2-12/6,Медведева Ю. А.,2026-10-13,2,7,числитель,false,семинар,935л
Кратные интегралы и ряды,2,,Э3-32,Медведева Ю. А.,2026-10-13,2,7,числитель,false,семинар,829л
Математический анализ,3,,Э9-12Б,Медведева Ю. А.,2026-10-13,2,7,числитель,false,семинар,822л
Кратные интегралы и ряды,2,,Э3-33,Медведева Ю. А.,2026-10-15,4,7,числитель,false,семинар,829л
Математический анализ,3,,ФН7-11/6,Медведева Ю. А.,2026-10-15,4,7,числитель,false,семинар,713л
Кратные интегралы и ряды,2,,Э3-32,Медведева Ю. А.,2026-10-16,5,7,числитель,false,семинар,829л
Кратные интегралы и ряды,3,,Э3-33,Медведева Ю. А.,2026-10-16,5,7,числитель,false,семинар,829л
Математический анализ,1,,Э2-12/6,Медведева Ю. А.,2026-10-20,2,8,знаменатель,false,семинар,935л
Кратные интегралы и ряды,2,,Э3-32,Медведева Ю. А.,2026-10-20,2,8,знаменатель,false,семинар,829л
Математический анализ,3,,Э9-12Б,Медведева Ю. А.,2026-10-20,2,8,знаменатель,false,семинар,822л
Кратные интегралы и ряды,2,,Э3-33,Медведева Ю. А.,2026-10-22,4,8,знаменатель,false,семинар,829л
Математический анализ,3,,ФН7-11/6,Медведева Ю. А.,2026-10-22,4,8,знаменатель,false,семинар,713л
Математический анализ,1,,ФН7-11/6,Медведева Ю. А.,2026-10-23,5,8,знаменатель,false,семинар,924л
Математический анализ,2,,Э9-12Б,Медведева Ю. А.,2026-10-23,5,8,знаменатель,false,семинар,731л
Математический анализ,4,,Э2-12/6,Медведева Ю. А.,2026-10-23,5,8,знаменатель,false,семинар,731л
Математический анализ,1,,Э2-12/6,Медведева Ю. А.,2026-10-27,2,9,числитель,false,семинар,935л
Кратные интегралы и ряды,2,,Э3-32,Медведева Ю. А.,2026-10-27,2,9,числитель,false,семинар,829л
Математический анализ,3,,Э9-12Б,Медведева Ю. А.,2026-10-27,2,9,числитель,false,семинар,822л
Кратные интегралы и ряды,2,,Э3-33,Медведева Ю. А.,2026-10-29,4,9,числитель,false,семинар,829л
Математический анализ,3,,ФН7-11/6,Медведева Ю. А.,2026-10-29,4,9,числитель,false,семинар,713л
Кратные интегралы и ряды,2,,Э3-32,Медведева Ю. А.,2026-10-30,5,9,числитель,false,семинар,829л
Кратные интегралы и ряды,3,,Э3-33,Медведева Ю. А.,2026-10-30,5,9,числитель,false,семинар,829л
Математический анализ,1,,Э2-12/6,Медведева Ю. А.,2026-11-03,2,10,знаменатель,false,семинар,935л
Кратные интегралы и ряды,2,,Э3-32,Медведева Ю. А.,2026-11-03,2,10,знаменатель,false,семинар,829л
Математический анализ,3,,Э9-12Б,Медведева Ю. А.,2026-11-03,2,10,знаменатель,false,семинар,822л
Кратные интегралы и ряды,2,,Э3-33,Медведева Ю. А.,2026-11-05,4,10,знаменатель,false,семинар,829л
Математический анализ,3,,ФН7-11/6,Медведева Ю. А.,2026-11-05,4,10,знаменатель,false,семинар,713л
Математический анализ,1,,ФН7-11/6,Медведева Ю. А.,2026-11-06,5,10,знаменатель,false,семинар,924л
Математический анализ,2,,Э9-12Б,Медведева Ю. А.,2026-11-06,5,10,знаменатель,false,семинар,731л
Математический анализ,4,,Э2-12/6,Медведева Ю. А.,2026-11-06,5,10,знаменатель,false,семинар,731л
Математический анализ,1,,Э2-12/6,Медведева Ю. А.,2026-11-10,2,11,числитель,false,семинар,935л
Кратные интегралы и ряды,2,,Э3-32,Медведева Ю. А.,2026-11-10,2,11,числитель,false,семинар,829л
Математический анализ,3,,Э9-12Б,Медведева Ю. А.,2026-11-10,2,11,числитель,false,семинар,822л
Кратные интегралы и ряды,2,,Э3-33,Медведева Ю. А.,2026-11-12,4,11,числитель,false,семинар,829л
Математический анализ,3,,ФН7-11/6,Медведева Ю. А.,2026-11-12,4,11,числитель,false,семинар,713л
Кратные интегралы и ряды,2,,Э3-32,Медведева Ю. А.,2026-11-13,5,11,числитель,false,семинар,829л
Кратные интегралы и ряды,3,,Э3-33,Медведева Ю. А.,2026-11-13,5,11,числитель,false,семинар,829л
Математический анализ,1,,Э2-12/6,Медведева Ю. А.,2026-11-17,2,12,знаменатель,false,семинар,935л
Кратные интегралы и ряды,2,,Э3-32,Медведева Ю. А.,2026-11-17,2,12,знаменатель,false,семинар,829л
Математический анализ,3,,Э9-12Б,Медведева Ю. А.,2026-11-17,2,12,знаменатель,false,семинар,822л
Кратные интегралы и ряды,2,,Э3-33,Медведева Ю. А.,2026-11-19,4,12,знаменатель,false,семинар,829л
Математический анализ,3,,ФН7-11/6,Медведева Ю. А.,2026-11-19,4,12,знаменатель,false,семинар,713л
Математический анализ,1,,ФН7-11/6,Медведева Ю. А.,2026-11-20,5,12,знаменатель,false,семинар,924л
Математический анализ,2,,Э9-12Б,Медведева Ю. А.,2026-11-20,5,12,знаменатель,false,семинар,731л
Математический анализ,4,,Э2-12/6,Медведева Ю. А.,2026-11-20,5,12,знаменатель,false,семинар,731л
Математический анализ,1,,Э2-12/6,Медведева Ю. А.,2026-11-24,2,13,числитель,false,семинар,935л
Кратные интегралы и ряды,2,,Э3-32,Медведева Ю. А.,2026-11-24,2,13,числитель,false,семинар,829л
Математический анализ,3,,Э9-12Б,Медведева Ю. А.,2026-11-24,2,13,числитель,false,семинар,822л
Кратные интегралы и ряды,2,,Э3-33,Медведева Ю. А.,2026-11-26,4,13,числитель,false,семинар,829л
Математический анализ,3,,ФН7-11/6,Медведева Ю. А.,2026-11-26,4,13,числитель,false,семинар,713л
Кратные интегралы и ряды,2,,Э3-32,Медведева Ю. А.,2026-11-27,5,13,числитель,false,семинар,829л
Кратные интегралы и ряды,3,,Э3-33,Медведева Ю. А.,2026-11-27,5,13,числитель,false,семинар,829л
Математический анализ,1,,Э2-12/6,Медведева Ю. А.,2026-12-01,2,14,знаменатель,false,семинар,935л
Кратные интегралы и ряды,2,,Э3-32,Медведева Ю. А.,2026-12-01,2,14,знаменатель,false,семинар,829л
Математический анализ,3,,Э9-12Б,Медведева Ю. А.,2026-12-01,2,14,знаменатель,false,семинар,822л
Кратные интегралы и ряды,2,,Э3-33,Медведева Ю. А.,2026-12-03,4,14,знаменатель,false,семинар,829л
Математический анализ,3,,ФН7-11/6,Медведева Ю. А.,2026-12-03,4,14,знаменатель,false,семинар,713л
Математический анализ,1,,ФН7-11/6,Медведева Ю. А.,2026-12-04,5,14,знаменатель,false,семинар,924л
Математический анализ,2,,Э9-12Б,Медведева Ю. А.,2026-12-04,5,14,знаменатель,false,семинар,731л
Математический анализ,4,,Э2-12/6,Медведева Ю. А.,2026-12-04,5,14,знаменатель,false,семинар,731л
Математический анализ,1,,Э2-12/6,Медведева Ю. А.,2026-12-08,2,15,числитель,false,семинар,935л
Кратные интегралы и ряды,2,,Э3-32,Медведева Ю. А.,2026-12-08,2,15,числитель,false,семинар,829л
Математический анализ,3,,Э9-12Б,Медведева Ю. А.,2026-12-08,2,15,числитель,false,семинар,822л
Кратные интегралы и ряды,2,,Э3-33,Медведева Ю. А.,2026-12-10,4,15,числитель,false,семинар,829л
Математический анализ,3,,ФН7-11/6,Медведева Ю. А.,2026-12-10,4,15,числитель,false,семинар,713л
Кратные интегралы и ряды,2,,Э3-32,Медведева Ю. А.,2026-12-11,5,15,числитель,false,семинар,829л
Кратные интегралы и ряды,3,,Э3-33,Медведева Ю. А.,2026-12-11,5,15,числитель,false,семинар,829л
Математический анализ,1,,Э2-12/6,Медведева Ю. А.,2026-12-15,2,16,знаменатель,false,семинар,935л
Кратные интегралы и ряды,2,,Э3-32,Медведева Ю. А.,2026-12-15,2,16,знаменатель,false,семинар,829л
Математический анализ,3,,Э9-12Б,Медведева Ю. А.,2026-12-15,2,16,знаменатель,false,семинар,822л
Кратные интегралы и ряды,2,,Э3-33,Медведева Ю. А.,2026-12-17,4,16,знаменатель,false,семинар,829л
Математический анализ,3,,ФН7-11/6,Медведева Ю. А.,2026-12-17,4,16,знаменатель,false,семинар,713л
Математический анализ,1,,ФН7-11/6,Медведева Ю. А.,2026-12-18,5,16,знаменатель,false,семинар,924л
Математический анализ,2,,Э9-12Б,Медведева Ю. А.,2026-12-18,5,16,знаменатель,false,семинар,731л
Математический анализ,4,,Э2-12/6,Медведева Ю. А.,2026-12-18,5,16,знаменатель,false,семинар,731л
Математический анализ,1,,Э2-12/6,Медведева Ю. А.,2026-12-22,2,17,числитель,false,семинар,935л
Кратные интегралы и ряды,2,,Э3-32,Медведева Ю. А.,2026-12-22,2,17,числитель,false,семинар,829л
Математический анализ,3,,Э9-12Б,Медведева Ю. А.,2026-12-22,2,17,числитель,false,семинар,822л
Кратные интегралы и ряды,2,,Э3-33,Медведева Ю. А.,2026-12-24,4,17,числитель,false,семинар,829л
Математический анализ,3,,ФН7-11/6,Медведева Ю. А.,2026-12-24,4,17,числитель,false,семинар,713л
Кратные интегралы и ряды,2,,Э3-32,Медведева Ю. А.,2026-12-25,5,17,числитель,false,семинар,829л
Кратные интегралы и ряды,3,,Э3-33,Медведева Ю. А.,2026-12-25,5,17,числитель,false,семинар,829л
Математический анализ,1,,Э2-12/6,Медведева Ю. А.,2026-12-29,2,18,знаменатель,false,семинар,935л
Кратные интегралы и ряды,2,,Э3-32,Медведева Ю. А.,2026-12-29,2,18,знаменатель,false,семинар,829л
Математический анализ,3,,Э9-12Б,Медведева Ю. А.,2026-12-29,2,18,знаменатель,false,семинар,822л
Кратные интегралы и ряды,2,,Э3-33,Медведева Ю. А.,2026-12-31,4,18,знаменатель,false,семинар,829л
Математический анализ,3,,ФН7-11/6,Медведева Ю. А.,2026-12-31,4,18,знаменатель,false,семинар,713л
Аналитическая геометрия,3,,Э6-11/6,Милехина Е. Н.,2026-08-31,1,1,числитель,false,семинар,924л
Аналитическая геометрия,4,,"ФН11-12/4,11/4",Милехина Е. Н.,2026-09-01,2,1,числитель,false,лекция,228л
Аналитическая геометрия,5,,ФН11-11/4,Милехина Е. Н.,2026-09-01,2,1,числитель,false,семинар,924л
Аналитическая геометрия,6,,ФН11-11/4,Милехина Е. Н.,2026-09-01,2,1,числитель,false,семинар,935л
Аналитическая геометрия,3,,Э4-14/6,Милехина Е. Н.,2026-09-03,4,1,числитель,false,семинар,924л
Аналитическая геометрия,4,,Э4-11/6,Милехина Е. Н.,2026-09-03,4,1,числитель,false,семинар,924л
Аналитическая геометрия,5,,"Э4-11/6,14/6,12/6,13/6; Э6-11/6",Милехина Е. Н.,2026-09-03,4,1,числитель,false,лекция,222л
Аналитическая геометрия,3,,Э6-11/6,Милехина Е. Н.,2026-09-07,1,2,знаменатель,false,семинар,924л
Аналитическая геометрия,4,,"ФН11-12/4,11/4",Милехина Е. Н.,2026-09-08,2,2,знаменатель,false,лекция,228л
Аналитическая геометрия,5,,ФН11-11/4,Милехина Е. Н.,2026-09-08,2,2,знаменатель,false,семинар,924л
Аналитическая геометрия,3,,Э4-14/6,Милехина Е. Н.,2026-09-10,4,2,знаменатель,false,семинар,924л
Аналитическая геометрия,4,,Э4-11/6,Милехина Е. Н.,2026-09-10,4,2,знаменатель,false,семинар,924л
Аналитическая геометрия,5,,"Э4-11/6,14/6,12/6,13/6; Э6-11/6",Милехина Е. Н.,2026-09-10,4,2,знаменатель,false,лекция,222л
Аналитическая геометрия,3,,Э6-11/6,Милехина Е. Н.,2026-09-14,1,3,числитель,false,семинар,924л
Аналитическая геометрия,4,,"ФН11-12/4,11/4",Милехина Е. Н.,2026-09-15,2,3,числитель,false,лекция,228л
Аналитическая геометрия,5,,ФН11-11/4,Милехина Е. Н.,2026-09-15,2,3,числитель,false,семинар,924л
Аналитическая геометрия,6,,ФН11-11/4,Милехина Е. Н.,2026-09-15,2,3,числитель,false,семинар,935л
Аналитическая геометрия,3,,Э4-14/6,Милехина Е. Н.,2026-09-17,4,3,числитель,false,семинар,924л
Аналитическая геометрия,4,,Э4-11/6,Милехина Е. Н.,2026-09-17,4,3,числитель,false,семинар,924л
Аналитическая геометрия,5,,"Э4-11/6,14/6,12/6,13/6; Э6-11/6",Милехина Е. Н.,2026-09-17,4,3,числитель,false,лекция,222л
Аналитическая геометрия,3,,Э6-11/6,Милехина Е. Н.,2026-09-21,1,4,знаменатель,false,семинар,924л
Аналитическая геометрия,4,,"ФН11-12/4,11/4",Милехина Е. Н.,2026-09-22,2,4,знаменатель,false,лекция,228л
Аналитическая геометрия,5,,ФН11-11/4,Милехина Е. Н.,2026-09-22,2,4,знаменатель,false,семинар,924л
Аналитическая геометрия,3,,Э4-14/6,Милехина Е. Н.,2026-09-24,4,4,знаменатель,false,семинар,924л
Аналитическая геометрия,4,,Э4-11/6,Милехина Е. Н.,2026-09-24,4,4,знаменатель,false,семинар,924л
Аналитическая геометрия,5,,"Э4-11/6,14/6,12/6,13/6; Э6-11/6",Милехина Е. Н.,2026-09-24,4,4,знаменатель,false,лекция,222л
Аналитическая геометрия,3,,Э6-11/6,Милехина Е. Н.,2026-09-28,1,5,числитель,false,семинар,924л
Аналитическая геометрия,4,,"ФН11-12/4,11/4",Милехина Е. Н.,2026-09-29,2,5,числитель,false,лекция,228л
Аналитическая геометрия,5,,ФН11-11/4,Милехина Е. Н.,2026-09-29,2,5,числитель,false,семинар,924л
Аналитическая геометрия,6,,ФН11-11/4,Милехина Е. Н.,2026-09-29,2,5,числитель,false,семинар,935л
Аналитическая геометрия,3,,Э4-14/6,Милехина Е. Н.,2026-10-01,4,5,числитель,false,семинар,924л
Аналитическая геометрия,4,,Э4-11/6,Милехина Е. Н.,2026-10-01,4,5,числитель,false,семинар,924л
Аналитическая геометрия,5,,"Э4-11/6,14/6,12/6,13/6; Э6-11/6",Милехина Е. Н.,2026-10-01,4,5,числитель,false,лекция,222л
Аналитическая геометрия,3,,Э6-11/6,Милехина Е. Н.,2026-10-05,1,6,знаменатель,false,семинар,924л
Аналитическая геометрия,4,,"ФН11-12/4,11/4",Милехина Е. Н.,2026-10-06,2,6,знаменатель,false,лекция,228л
Аналитическая геометрия,5,,ФН11-11/4,Милехина Е. Н.,2026-10-06,2,6,знаменатель,false,семинар,924л
Аналитическая геометрия,3,,Э4-14/6,Милехина Е. Н.,2026-10-08,4,6,знаменатель,false,семинар,924л
Аналитическая геометрия,4,,Э4-11/6,Милехина Е. Н.,2026-10-08,4,6,знаменатель,false,семинар,924л
Аналитическая геометрия,5,,"Э4-11/6,14/6,12/6,13/6; Э6-11/6",Милехина Е. Н.,2026-10-08,4,6,знаменатель,false,лекция,222л
Аналитическая геометрия,3,,Э6-11/6,Милехина Е. Н.,2026-10-12,1,7,числитель,false,семинар,924л
Аналитическая геометрия,4,,"ФН11-12/4,11/4",Милехина Е. Н.,2026-10-13,2,7,числитель,false,лекция,228л
Аналитическая геометрия,5,,ФН11-11/4,Милехина Е. Н.,2026-10-13,2,7,числитель,false,семинар,924л
Аналитическая геометрия,6,,ФН11-11/4,Милехина Е. Н.,2026-10-13,2,7,числитель,false,семинар,935л
Аналитическая геометрия,3,,Э4-14/6,Милехина Е. Н.,2026-10-15,4,7,числитель,false,семинар,924л
Аналитическая геометрия,4,,Э4-11/6,Милехина Е. Н.,2026-10-15,4,7,числитель,false,семинар,924л
Аналитическая геометрия,5,,"Э4-11/6,14/6,12/6,13/6; Э6-11/6",Милехина Е. Н.,2026-10-15,4,7,числитель,false,лекция,222л
Аналитическая геометрия,3,,Э6-11/6,Милехина Е. Н.,2026-10-19,1,8,знаменатель,false,семинар,924л
Аналитическая геометрия,4,,"ФН11-12/4,11/4",Милехина Е. Н.,2026-10-20,2,8,знаменатель,false,лекция,228л
Аналитическая геометрия,5,,ФН11-11/4,Милехина Е. Н.,2026-10-20,2,8,знаменатель,false,семинар,924л
Аналитическая геометрия,3,,Э4-14/6,Милехина Е. Н.,2026-10-22,4,8,знаменатель,false,семинар,924л
Аналитическая геометрия,4,,Э4-11/6,Милехина Е. Н.,2026-10-22,4,8,знаменатель,false,семинар,924л
Аналитическая геометрия,5,,"Э4-11/6,14/6,12/6,13/6; Э6-11/6",Милехина Е. Н.,2026-10-22,4,8,знаменатель,false,лекция,222л
Аналитическая геометрия,3,,Э6-11/6,Милехина Е. Н.,2026-10-26,1,9,числитель,false,семинар,924л
Аналитическая геометрия,4,,"ФН11-12/4,11/4",Милехина Е. Н.,2026-10-27,2,9,числитель,false,лекция,228л
Аналитическая геометрия,5,,ФН11-11/4,Милехина Е. Н.,2026-10-27,2,9,числитель,false,семинар,924л
Аналитическая геометрия,6,,ФН11-11/4,Милехина Е. Н.,2026-10-27,2,9,числитель,false,семинар,935л
Аналитическая геометрия,3,,Э4-14/6,Милехина Е. Н.,2026-10-29,4,9,числитель,false,семинар,924л
Аналитическая геометрия,4,,Э4-11/6,Милехина Е. Н.,2026-10-29,4,9,числитель,false,семинар,924л
Аналитическая геометрия,5,,"Э4-11/6,14/6,12/6,13/6; Э6-11/6",Милехина Е. Н.,2026-10-29,4,9,числитель,false,лекция,222л
Аналитическая геометрия,3,,Э6-11/6,Милехина Е. Н.,2026-11-02,1,10,знаменатель,false,семинар,924л
Аналитическая геометрия,4,,"ФН11-12/4,11/4",Милехина Е. Н.,2026-11-03,2,10,знаменатель,false,лекция,228л
Аналитическая геометрия,5,,ФН11-11/4,Милехина Е. Н.,2026-11-03,2,10,знаменатель,false,семинар,924л
Аналитическая геометрия,3,,Э4-14/6,Милехина Е. Н.,2026-11-05,4,10,знаменатель,false,семинар,924л
Аналитическая геометрия,4,,Э4-11/6,Милехина Е. Н.,2026-11-05,4,10,знаменатель,false,семинар,924л
Аналитическая геометрия,5,,"Э4-11/6,14/6,12/6,13/6; Э6-11/6",Милехина Е. Н.,2026-11-05,4,10,знаменатель,false,лекция,222л
Аналитическая геометрия,3,,Э6-11/6,Милехина Е. Н.,2026-11-09,1,11,числитель,false,семинар,924л
Аналитическая геометрия,4,,"ФН11-12/4,11/4",Милехина Е. Н.,2026-11-10,2,11,числитель,false,лекция,228л
Аналитическая геометрия,5,,ФН11-11/4,Милехина Е. Н.,2026-11-10,2,11,числитель,false,семинар,924л
Аналитическая геометрия,6,,ФН11-11/4,Милехина Е. Н.,2026-11-10,2,11,числитель,false,семинар,935л
Аналитическая геометрия,3,,Э4-14/6,Милехина Е. Н.,2026-11-12,4,11,числитель,false,семинар,924л
Аналитическая геометрия,4,,Э4-11/6,Милехина Е. Н.,2026-11-12,4,11,числитель,false,семинар,924л
Аналитическая геометрия,5,,"Э4-11/6,14/6,12/6,13/6; Э6-11/6",Милехина Е. Н.,2026-11-12,4,11,числитель,false,лекция,222л
Аналитическая геометрия,3,,Э6-11/6,Милехина Е. Н.,2026-11-16,1,12,знаменатель,false,семинар,924л
Аналитическая геометрия,4,,"ФН11-12/4,11/4",Милехина Е. Н.,2026-11-17,2,12,знаменатель,false,лекция,228л
Аналитическая геометрия,5,,ФН11-11/4,Милехина Е. Н.,2026-11-17,2,12,знаменатель,false,семинар,924л
Аналитическая геометрия,3,,Э4-14/6,Милехина Е. Н.,2026-11-19,4,12,знаменатель,false,семинар,924л
Аналитическая геометрия,4,,Э4-11/6,Милехина Е. Н.,2026-11-19,4,12,знаменатель,false,семинар,924л
Аналитическая геометрия,5,,"Э4-11/6,14/6,12/6,13/6; Э6-11/6",Милехина Е. Н.,2026-11-19,4,12,знаменатель,false,лекция,222л
Аналитическая геометрия,3,,Э6-11/6,Милехина Е. Н.,2026-11-23,1,13,числитель,false,семинар,924л
Аналитическая геометрия,4,,"ФН11-12/4,11/4",Милехина Е. Н.,2026-11-24,2,13,числитель,false,лекция,228л
Аналитическая геометрия,5,,ФН11-11/4,Милехина Е. Н.,2026-11-24,2,13,числитель,false,семинар,924л
Аналитическая геометрия,6,,ФН11-11/4,Милехина Е. Н.,2026-11-24,2,13,числитель,false,семинар,935л
Аналитическая геометрия,3,,Э4-14/6,Милехина Е. Н.,2026-11-26,4,13,числитель,false,семинар,924л
Аналитическая геометрия,4,,Э4-11/6,Милехина Е. Н.,2026-11-26,4,13,числитель,false,семинар,924л
Аналитическая геометрия,5,,"Э4-11/6,14/6,12/6,13/6; Э6-11/6",Милехина Е. Н.,2026-11-26,4,13,числитель,false,лекция,222л
Аналитическая геометрия,3,,Э6-11/6,Милехина Е. Н.,2026-11-30,1,14,знаменатель,false,семинар,924л
Аналитическая геометрия,4,,"ФН11-12/4,11/4",Милехина Е. Н.,2026-12-01,2,14,знаменатель,false,лекция,228л
Аналитическая геометрия,5,,ФН11-11/4,Милехина Е. Н.,2026-12-01,2,14,знаменатель,false,семинар,924л
Аналитическая геометрия,3,,Э4-14/6,Милехина Е. Н.,2026-12-03,4,14,знаменатель,false,семинар,924л
Аналитическая геометрия,4,,Э4-11/6,Милехина Е. Н.,2026-12-03,4,14,знаменатель,false,семинар,924л
Аналитическая геометрия,5,,"Э4-11/6,14/6,12/6,13/6; Э6-11/6",Милехина Е. Н.,2026-12-03,4,14,знаменатель,false,лекция,222л
Аналитическая геометрия,3,,Э6-11/6,Милехина Е. Н.,2026-12-07,1,15,числитель,false,семинар,924л
Аналитическая геометрия,4,,"ФН11-12/4,11/4",Милехина Е. Н.,2026-12-08,2,15,числитель,false,лекция,228л
Аналитическая геометрия,5,,ФН11-11/4,Милехина Е. Н.,2026-12-08,2,15,числитель,false,семинар,924л
Аналитическая геометрия,6,,ФН11-11/4,Милехина Е. Н.,2026-12-08,2,15,числитель,false,семинар,935л
Аналитическая геометрия,3,,Э4-14/6,Милехина Е. Н.,2026-12-10,4,15,числитель,false,семинар,924л
Аналитическая геометрия,4,,Э4-11/6,Милехина Е. Н.,2026-12-10,4,15,числитель,false,семинар,924л
Аналитическая геометрия,5,,"Э4-11/6,14/6,12/6,13/6; Э6-11/6",Милехина Е. Н.,2026-12-10,4,15,числитель,false,лекция,222л
Аналитическая геометрия,3,,Э6-11/6,Милехина Е. Н.,2026-12-14,1,16,знаменатель,false,семинар,924л
Аналитическая геометрия,4,,"ФН11-12/4,11/4",Милехина Е. Н.,2026-12-15,2,16,знаменатель,false,лекция,228л
Аналитическая геометрия,5,,ФН11-11/4,Милехина Е. Н.,2026-12-15,2,16,знаменатель,false,семинар,924л
Аналитическая геометрия,3,,Э4-14/6,Милехина Е. Н.,2026-12-17,4,16,знаменатель,false,семинар,924л
Аналитическая геометрия,4,,Э4-11/6,Милехина Е. Н.,2026-12-17,4,16,знаменатель,false,семинар,924л
Аналитическая геометрия,5,,"Э4-11/6,14/6,12/6,13/6; Э6-11/6",Милехина Е. Н.,2026-12-17,4,16,знаменатель,false,лекция,222л
Аналитическая геометрия,3,,Э6-11/6,Милехина Е. Н.,2026-12-21,1,17,числитель,false,семинар,924л
Аналитическая геометрия,4,,"ФН11-12/4,11/4",Милехина Е. Н.,2026-12-22,2,17,числитель,false,лекция,228л
Аналитическая геометрия,5,,ФН11-11/4,Милехина Е. Н.,2026-12-22,2,17,числитель,false,семинар,924л
Аналитическая геометрия,6,,ФН11-11/4,Милехина Е. Н.,2026-12-22,2,17,числитель,false,семинар,935л
Аналитическая геометрия,3,,Э4-14/6,Милехина Е. Н.,2026-12-24,4,17,числитель,false,семинар,924л
Аналитическая геометрия,4,,Э4-11/6,Милехина Е. Н.,2026-12-24,4,17,числитель,false,семинар,924л
Аналитическая геометрия,5,,"Э4-11/6,14/6,12/6,13/6; Э6-11/6",Милехина Е. Н.,2026-12-24,4,17,числитель,false,лекция,222л
Аналитическая геометрия,3,,Э6-11/6,Милехина Е. Н.,2026-12-28,1,18,знаменатель,false,семинар,924л
Аналитическая геометрия,4,,"ФН11-12/4,11/4",Милехина Е. Н.,2026-12-29,2,18,знаменатель,false,лекция,228л
Аналитическая геометрия,5,,ФН11-11/4,Милехина Е. Н.,2026-12-29,2,18,знаменатель,false,семинар,924л
Аналитическая геометрия,3,,Э4-14/6,Милехина Е. Н.,2026-12-31,4,18,знаменатель,false,семинар,924л
Аналитическая геометрия,4,,Э4-11/6,Милехина Е. Н.,2026-12-31,4,18,знаменатель,false,семинар,924л
Аналитическая геометрия,5,,"Э4-11/6,14/6,12/6,13/6; Э6-11/6",Милехина Е. Н.,2026-12-31,4,18,знаменатель,false,лекция,222л
Оптимальное управление,6,,ФН11-74Б,Мозжорина Т. Ю.,2026-08-31,1,1,числитель,false,семинар,921л
"Кратные интегралы, теория поля, ряды",2,,АК2-31,Мозжорина Т. Ю.,2026-09-02,3,1,числитель,false,семинар,ПП
"Кратные интегралы, теория поля, ряды",3,,АК1-31,Мозжорина Т. Ю.,2026-09-02,3,1,числитель,false,семинар,ПП
"Кратные интегралы, теория поля, ряды",4,,АК1-32,Мозжорина Т. Ю.,2026-09-02,3,1,числитель,false,семинар,ПП
"Кратные интегралы, теория поля, ряды",3,,"АК1-31,32; АК2-31",Мозжорина Т. Ю.,2026-09-04,5,1,числитель,false,лекция,ПП
Аналитическая геометрия,4,,АК1-13/6,Мозжорина Т. Ю.,2026-09-04,5,1,числитель,false,семинар,ПП
Оптимальное управление,1,,ФН11-72Б,Мозжорина Т. Ю.,2026-09-05,6,1,числитель,false,семинар,924л
Оптимальное управление,2,,"ФН11-71Б,72Б,74Б",Мозжорина Т. Ю.,2026-09-05,6,1,числитель,false,лекция,935л
Оптимальное управление,3,,ФН11-71Б,Мозжорина Т. Ю.,2026-09-05,6,1,числитель,false,семинар,923л
Оптимальное управление,6,,ФН11-74Б,Мозжорина Т. Ю.,2026-09-07,1,2,знаменатель,false,семинар,921л
"Кратные интегралы, теория поля, ряды",2,,АК2-31,Мозжорина Т. Ю.,2026-09-09,3,2,знаменатель,false,семинар,ПП
"Кратные интегралы, теория поля, ряды",3,,АК1-31,Мозжорина Т. Ю.,2026-09-09,3,2,знаменатель,false,семинар,ПП
"Кратные интегралы, теория поля, ряды",4,,АК1-32,Мозжорина Т. Ю.,2026-09-09,3,2,знаменатель,false,семинар,ПП
"Кратные интегралы, теория поля, ряды",3,,"АК1-31,32; АК2-31",Мозжорина Т. Ю.,2026-09-11,5,2,знаменатель,false,лекция,ПП
Аналитическая геометрия,4,,АК1-13/6,Мозжорина Т. Ю.,2026-09-11,5,2,знаменатель,false,семинар,ПП
Оптимальное управление,1,,ФН11-72Б,Мозжорина Т. Ю.,2026-09-12,6,2,знаменатель,false,семинар,924л
Оптимальное управление,2,,"ФН11-71Б,72Б,74Б",Мозжорина Т. Ю.,2026-09-12,6,2,знаменатель,false,лекция,935л
Оптимальное управление,3,,ФН11-71Б,Мозжорина Т. Ю.,2026-09-12,6,2,знаменатель,false,семинар,923л
Оптимальное управление,6,,ФН11-74Б,Мозжорина Т. Ю.,2026-09-14,1,3,числитель,false,семинар,921л
"Кратные интегралы, теория поля, ряды",2,,АК2-31,Мозжорина Т. Ю.,2026-09-16,3,3,числитель,false,семинар,ПП
"Кратные интегралы, теория поля, ряды",3,,АК1-31,Мозжорина Т. Ю.,2026-09-16,3,3,числитель,false,семинар,ПП
"Кратные интегралы, теория поля, ряды",4,,АК1-32,Мозжорина Т. Ю.,2026-09-16,3,3,числитель,false,семинар,ПП
"Кратные интегралы, теория поля, ряды",3,,"АК1-31,32; АК2-31",Мозжорина Т. Ю.,2026-09-18,5,3,числитель,false,лекция,ПП
Аналитическая геометрия,4,,АК1-13/6,Мозжорина Т. Ю.,2026-09-18,5,3,числитель,false,семинар,ПП
Оптимальное управление,1,,ФН11-72Б,Мозжорина Т. Ю.,2026-09-19,6,3,числитель,false,семинар,924л
Оптимальное управление,2,,"ФН11-71Б,72Б,74Б",Мозжорина Т. Ю.,2026-09-19,6,3,числитель,false,лекция,935л
Оптимальное управление,3,,ФН11-71Б,Мозжорина Т. Ю.,2026-09-19,6,3,числитель,false,семинар,923л
Оптимальное управление,6,,ФН11-74Б,Мозжорина Т. Ю.,2026-09-21,1,4,знаменатель,false,семинар,921л
"Кратные интегралы, теория поля, ряды",2,,АК2-31,Мозжорина Т. Ю.,2026-09-23,3,4,знаменатель,false,семинар,ПП
"Кратные интегралы, теория поля, ряды",3,,АК1-31,Мозжорина Т. Ю.,2026-09-23,3,4,знаменатель,false,семинар,ПП
"Кратные интегралы, теория поля, ряды",4,,АК1-32,Мозжорина Т. Ю.,2026-09-23,3,4,знаменатель,false,семинар,ПП
"Кратные интегралы, теория поля, ряды",3,,"АК1-31,32; АК2-31",Мозжорина Т. Ю.,2026-09-25,5,4,знаменатель,false,лекция,ПП
Аналитическая геометрия,4,,АК1-13/6,Мозжорина Т. Ю.,2026-09-25,5,4,знаменатель,false,семинар,ПП
Оптимальное управление,1,,ФН11-72Б,Мозжорина Т. Ю.,2026-09-26,6,4,знаменатель,false,семинар,924л
Оптимальное управление,2,,"ФН11-71Б,72Б,74Б",Мозжорина Т. Ю.,2026-09-26,6,4,знаменатель,false,лекция,935л
Оптимальное управление,3,,ФН11-71Б,Мозжорина Т. Ю.,2026-09-26,6,4,знаменатель,false,семинар,923л
Оптимальное управление,6,,ФН11-74Б,Мозжорина Т. Ю.,2026-09-28,1,5,числитель,false,семинар,921л
"Кратные интегралы, теория поля, ряды",2,,АК2-31,Мозжорина Т. Ю.,2026-09-30,3,5,числитель,false,семинар,ПП
"Кратные интегралы, теория поля, ряды",3,,АК1-31,Мозжорина Т. Ю.,2026-09-30,3,5,числитель,false,семинар,ПП
"Кратные интегралы, теория поля, ряды",4,,АК1-32,Мозжорина Т. Ю.,2026-09-30,3,5,числитель,false,семинар,ПП
"Кратные интегралы, теория поля, ряды",3,,"АК1-31,32; АК2-31",Мозжорина Т. Ю.,2026-10-02,5,5,числитель,false,лекция,ПП
Аналитическая геометрия,4,,АК1-13/6,Мозжорина Т. Ю.,2026-10-02,5,5,числитель,false,семинар,ПП
Оптимальное управление,1,,ФН11-72Б,Мозжорина Т. Ю.,2026-10-03,6,5,числитель,false,семинар,924л
Оптимальное управление,2,,"ФН11-71Б,72Б,74Б",Мозжорина Т. Ю.,2026-10-03,6,5,числитель,false,лекция,935л
Оптимальное управление,3,,ФН11-71Б,Мозжорина Т. Ю.,2026-10-03,6,5,числитель,false,семинар,923л
Оптимальное управление,6,,ФН11-74Б,Мозжорина Т. Ю.,2026-10-05,1,6,знаменатель,false,семинар,921л
"Кратные интегралы, теория поля, ряды",2,,АК2-31,Мозжорина Т. Ю.,2026-10-07,3,6,знаменатель,false,семинар,ПП
"Кратные интегралы, теория поля, ряды",3,,АК1-31,Мозжорина Т. Ю.,2026-10-07,3,6,знаменатель,false,семинар,ПП
"Кратные интегралы, теория поля, ряды",4,,АК1-32,Мозжорина Т. Ю.,2026-10-07,3,6,знаменатель,false,семинар,ПП
"Кратные интегралы, теория поля, ряды",3,,"АК1-31,32; АК2-31",Мозжорина Т. Ю.,2026-10-09,5,6,знаменатель,false,лекция,ПП
Аналитическая геометрия,4,,АК1-13/6,Мозжорина Т. Ю.,2026-10-09,5,6,знаменатель,false,семинар,ПП
Оптимальное управление,1,,ФН11-72Б,Мозжорина Т. Ю.,2026-10-10,6,6,знаменатель,false,семинар,924л
Оптимальное управление,2,,"ФН11-71Б,72Б,74Б",Мозжорина Т. Ю.,2026-10-10,6,6,знаменатель,false,лекция,935л
Оптимальное управление,3,,ФН11-71Б,Мозжорина Т. Ю.,2026-10-10,6,6,знаменатель,false,семинар,923л
Оптимальное управление,6,,ФН11-74Б,Мозжорина Т. Ю.,2026-10-12,1,7,числитель,false,семинар,921л
"Кратные интегралы, теория поля, ряды",2,,АК2-31,Мозжорина Т. Ю.,2026-10-14,3,7,числитель,false,семинар,ПП
"Кратные интегралы, теория поля, ряды",3,,АК1-31,Мозжорина Т. Ю.,2026-10-14,3,7,числитель,false,семинар,ПП
"Кратные интегралы, теория поля, ряды",4,,АК1-32,Мозжорина Т. Ю.,2026-10-14,3,7,числитель,false,семинар,ПП
"Кратные интегралы, теория поля, ряды",3,,"АК1-31,32; АК2-31",Мозжорина Т. Ю.,2026-10-16,5,7,числитель,false,лекция,ПП
Аналитическая геометрия,4,,АК1-13/6,Мозжорина Т. Ю.,2026-10-16,5,7,числитель,false,семинар,ПП
Оптимальное управление,1,,ФН11-72Б,Мозжорина Т. Ю.,2026-10-17,6,7,числитель,false,семинар,924л
Оптимальное управление,2,,"ФН11-71Б,72Б,74Б",Мозжорина Т. Ю.,2026-10-17,6,7,числитель,false,лекция,935л
Оптимальное управление,3,,ФН11-71Б,Мозжорина Т. Ю.,2026-10-17,6,7,числитель,false,семинар,923л
Оптимальное управление,6,,ФН11-74Б,Мозжорина Т. Ю.,2026-10-19,1,8,знаменатель,false,семинар,921л
"Кратные интегралы, теория поля, ряды",2,,АК2-31,Мозжорина Т. Ю.,2026-10-21,3,8,знаменатель,false,семинар,ПП
"Кратные интегралы, теория поля, ряды",3,,АК1-31,Мозжорина Т. Ю.,2026-10-21,3,8,знаменатель,false,семинар,ПП
"Кратные интегралы, теория поля, ряды",4,,АК1-32,Мозжорина Т. Ю.,2026-10-21,3,8,знаменатель,false,семинар,ПП
"Кратные интегралы, теория поля, ряды",3,,"АК1-31,32; АК2-31",Мозжорина Т. Ю.,2026-10-23,5,8,знаменатель,false,лекция,ПП
Аналитическая геометрия,4,,АК1-13/6,Мозжорина Т. Ю.,2026-10-23,5,8,знаменатель,false,семинар,ПП
Оптимальное управление,1,,ФН11-72Б,Мозжорина Т. Ю.,2026-10-24,6,8,знаменатель,false,семинар,924л
Оптимальное управление,2,,"ФН11-71Б,72Б,74Б",Мозжорина Т. Ю.,2026-10-24,6,8,знаменатель,false,лекция,935л
Оптимальное управление,3,,ФН11-71Б,Мозжорина Т. Ю.,2026-10-24,6,8,знаменатель,false,семинар,923л
Оптимальное управление,6,,ФН11-74Б,Мозжорина Т. Ю.,2026-10-26,1,9,числитель,false,семинар,921л
"Кратные интегралы, теория поля, ряды",2,,АК2-31,Мозжорина Т. Ю.,2026-10-28,3,9,числитель,false,семинар,ПП
"Кратные интегралы, теория поля, ряды",3,,АК1-31,Мозжорина Т. Ю.,2026-10-28,3,9,числитель,false,семинар,ПП
"Кратные интегралы, теория поля, ряды",4,,АК1-32,Мозжорина Т. Ю.,2026-10-28,3,9,числитель,false,семинар,ПП
"Кратные интегралы, теория поля, ряды",3,,"АК1-31,32; АК2-31",Мозжорина Т. Ю.,2026-10-30,5,9,числитель,false,лекция,ПП
Аналитическая геометрия,4,,АК1-13/6,Мозжорина Т. Ю.,2026-10-30,5,9,числитель,false,семинар,ПП
Оптимальное управление,1,,ФН11-72Б,Мозжорина Т. Ю.,2026-10-31,6,9,числитель,false,семинар,924л
Оптимальное управление,2,,"ФН11-71Б,72Б,74Б",Мозжорина Т. Ю.,2026-10-31,6,9,числитель,false,лекция,935л
Оптимальное управление,3,,ФН11-71Б,Мозжорина Т. Ю.,2026-10-31,6,9,числитель,false,семинар,923л
Оптимальное управление,6,,ФН11-74Б,Мозжорина Т. Ю.,2026-11-02,1,10,знаменатель,false,семинар,921л
"Кратные интегралы, теория поля, ряды",2,,АК2-31,Мозжорина Т. Ю.,2026-11-04,3,10,знаменатель,false,семинар,ПП
"Кратные интегралы, теория поля, ряды",3,,АК1-31,Мозжорина Т. Ю.,2026-11-04,3,10,знаменатель,false,семинар,ПП
"Кратные интегралы, теория поля, ряды",4,,АК1-32,Мозжорина Т. Ю.,2026-11-04,3,10,знаменатель,false,семинар,ПП
"Кратные интегралы, теория поля, ряды",3,,"АК1-31,32; АК2-31",Мозжорина Т. Ю.,2026-11-06,5,10,знаменатель,false,лекция,ПП
Аналитическая геометрия,4,,АК1-13/6,Мозжорина Т. Ю.,2026-11-06,5,10,знаменатель,false,семинар,ПП
Оптимальное управление,1,,ФН11-72Б,Мозжорина Т. Ю.,2026-11-07,6,10,знаменатель,false,семинар,924л
Оптимальное управление,2,,"ФН11-71Б,72Б,74Б",Мозжорина Т. Ю.,2026-11-07,6,10,знаменатель,false,лекция,935л
Оптимальное управление,3,,ФН11-71Б,Мозжорина Т. Ю.,2026-11-07,6,10,знаменатель,false,семинар,923л
Оптимальное управление,6,,ФН11-74Б,Мозжорина Т. Ю.,2026-11-09,1,11,числитель,false,семинар,921л
"Кратные интегралы, теория поля, ряды",2,,АК2-31,Мозжорина Т. Ю.,2026-11-11,3,11,числитель,false,семинар,ПП
"Кратные интегралы, теория поля, ряды",3,,АК1-31,Мозжорина Т. Ю.,2026-11-11,3,11,числитель,false,семинар,ПП
"Кратные интегралы, теория поля, ряды",4,,АК1-32,Мозжорина Т. Ю.,2026-11-11,3,11,числитель,false,семинар,ПП
"Кратные интегралы, теория поля, ряды",3,,"АК1-31,32; АК2-31",Мозжорина Т. Ю.,2026-11-13,5,11,числитель,false,лекция,ПП
Аналитическая геометрия,4,,АК1-13/6,Мозжорина Т. Ю.,2026-11-13,5,11,числитель,false,семинар,ПП
Оптимальное управление,1,,ФН11-72Б,Мозжорина Т. Ю.,2026-11-14,6,11,числитель,false,семинар,924л
Оптимальное управление,2,,"ФН11-71Б,72Б,74Б",Мозжорина Т. Ю.,2026-11-14,6,11,числитель,false,лекция,935л
Оптимальное управление,3,,ФН11-71Б,Мозжорина Т. Ю.,2026-11-14,6,11,числитель,false,семинар,923л
Оптимальное управление,6,,ФН11-74Б,Мозжорина Т. Ю.,2026-11-16,1,12,знаменатель,false,семинар,921л
"Кратные интегралы, теория поля, ряды",2,,АК2-31,Мозжорина Т. Ю.,2026-11-18,3,12,знаменатель,false,семинар,ПП
"Кратные интегралы, теория поля, ряды",3,,АК1-31,Мозжорина Т. Ю.,2026-11-18,3,12,знаменатель,false,семинар,ПП
"Кратные интегралы, теория поля, ряды",4,,АК1-32,Мозжорина Т. Ю.,2026-11-18,3,12,знаменатель,false,семинар,ПП
"Кратные интегралы, теория поля, ряды",3,,"АК1-31,32; АК2-31",Мозжорина Т. Ю.,2026-11-20,5,12,знаменатель,false,лекция,ПП
Аналитическая геометрия,4,,АК1-13/6,Мозжорина Т. Ю.,2026-11-20,5,12,знаменатель,false,семинар,ПП
Оптимальное управление,1,,ФН11-72Б,Мозжорина Т. Ю.,2026-11-21,6,12,знаменатель,false,семинар,924л
Оптимальное управление,2,,"ФН11-71Б,72Б,74Б",Мозжорина Т. Ю.,2026-11-21,6,12,знаменатель,false,лекция,935л
Оптимальное управление,3,,ФН11-71Б,Мозжорина Т. Ю.,2026-11-21,6,12,знаменатель,false,семинар,923л
Оптимальное управление,6,,ФН11-74Б,Мозжорина Т. Ю.,2026-11-23,1,13,числитель,false,семинар,921л
"Кратные интегралы, теория поля, ряды",2,,АК2-31,Мозжорина Т. Ю.,2026-11-25,3,13,числитель,false,семинар,ПП
"Кратные интегралы, теория поля, ряды",3,,АК1-31,Мозжорина Т. Ю.,2026-11-25,3,13,числитель,false,семинар,ПП
"Кратные интегралы, теория поля, ряды",4,,АК1-32,Мозжорина Т. Ю.,2026-11-25,3,13,числитель,false,семинар,ПП
"Кратные интегралы, теория поля, ряды",3,,"АК1-31,32; АК2-31",Мозжорина Т. Ю.,2026-11-27,5,13,числитель,false,лекция,ПП
Аналитическая геометрия,4,,АК1-13/6,Мозжорина Т. Ю.,2026-11-27,5,13,числитель,false,семинар,ПП
Оптимальное управление,1,,ФН11-72Б,Мозжорина Т. Ю.,2026-11-28,6,13,числитель,false,семинар,924л
Оптимальное управление,2,,"ФН11-71Б,72Б,74Б",Мозжорина Т. Ю.,2026-11-28,6,13,числитель,false,лекция,935л
Оптимальное управление,3,,ФН11-71Б,Мозжорина Т. Ю.,2026-11-28,6,13,числитель,false,семинар,923л
Оптимальное управление,6,,ФН11-74Б,Мозжорина Т. Ю.,2026-11-30,1,14,знаменатель,false,семинар,921л
"Кратные интегралы, теория поля, ряды",2,,АК2-31,Мозжорина Т. Ю.,2026-12-02,3,14,знаменатель,false,семинар,ПП
"Кратные интегралы, теория поля, ряды",3,,АК1-31,Мозжорина Т. Ю.,2026-12-02,3,14,знаменатель,false,семинар,ПП
"Кратные интегралы, теория поля, ряды",4,,АК1-32,Мозжорина Т. Ю.,2026-12-02,3,14,знаменатель,false,семинар,ПП
"Кратные интегралы, теория поля, ряды",3,,"АК1-31,32; АК2-31",Мозжорина Т. Ю.,2026-12-04,5,14,знаменатель,false,лекция,ПП
Аналитическая геометрия,4,,АК1-13/6,Мозжорина Т. Ю.,2026-12-04,5,14,знаменатель,false,семинар,ПП
Оптимальное управление,1,,ФН11-72Б,Мозжорина Т. Ю.,2026-12-05,6,14,знаменатель,false,семинар,924л
Оптимальное управление,2,,"ФН11-71Б,72Б,74Б",Мозжорина Т. Ю.,2026-12-05,6,14,знаменатель,false,лекция,935л
Оптимальное управление,3,,ФН11-71Б,Мозжорина Т. Ю.,2026-12-05,6,14,знаменатель,false,семинар,923л
Оптимальное управление,6,,ФН11-74Б,Мозжорина Т. Ю.,2026-12-07,1,15,числитель,false,семинар,921л
"Кратные интегралы, теория поля, ряды",2,,АК2-31,Мозжорина Т. Ю.,2026-12-09,3,15,числитель,false,семинар,ПП
"Кратные интегралы, теория поля, ряды",3,,АК1-31,Мозжорина Т. Ю.,2026-12-09,3,15,числитель,false,семинар,ПП
"Кратные интегралы, теория поля, ряды",4,,АК1-32,Мозжорина Т. Ю.,2026-12-09,3,15,числитель,false,семинар,ПП
"Кратные интегралы, теория поля, ряды",3,,"АК1-31,32; АК2-31",Мозжорина Т. Ю.,2026-12-11,5,15,числитель,false,лекция,ПП
Аналитическая геометрия,4,,АК1-13/6,Мозжорина Т. Ю.,2026-12-11,5,15,числитель,false,семинар,ПП
Оптимальное управление,1,,ФН11-72Б,Мозжорина Т. Ю.,2026-12-12,6,15,числитель,false,семинар,924л
Оптимальное управление,2,,"ФН11-71Б,72Б,74Б",Мозжорина Т. Ю.,2026-12-12,6,15,числитель,false,лекция,935л
Оптимальное управление,3,,ФН11-71Б,Мозжорина Т. Ю.,2026-12-12,6,15,числитель,false,семинар,923л
Оптимальное управление,6,,ФН11-74Б,Мозжорина Т. Ю.,2026-12-14,1,16,знаменатель,false,семинар,921л
"Кратные интегралы, теория поля, ряды",2,,АК2-31,Мозжорина Т. Ю.,2026-12-16,3,16,знаменатель,false,семинар,ПП
"Кратные интегралы, теория поля, ряды",3,,АК1-31,Мозжорина Т. Ю.,2026-12-16,3,16,знаменатель,false,семинар,ПП
"Кратные интегралы, теория поля, ряды",4,,АК1-32,Мозжорина Т. Ю.,2026-12-16,3,16,знаменатель,false,семинар,ПП
"Кратные интегралы, теория поля, ряды",3,,"АК1-31,32; АК2-31",Мозжорина Т. Ю.,2026-12-18,5,16,знаменатель,false,лекция,ПП
Аналитическая геометрия,4,,АК1-13/6,Мозжорина Т. Ю.,2026-12-18,5,16,знаменатель,false,семинар,ПП
Оптимальное управление,1,,ФН11-72Б,Мозжорина Т. Ю.,2026-12-19,6,16,знаменатель,false,семинар,924л
Оптимальное управление,2,,"ФН11-71Б,72Б,74Б",Мозжорина Т. Ю.,2026-12-19,6,16,знаменатель,false,лекция,935л
Оптимальное управление,3,,ФН11-71Б,Мозжорина Т. Ю.,2026-12-19,6,16,знаменатель,false,семинар,923л
Оптимальное управление,6,,ФН11-74Б,Мозжорина Т. Ю.,2026-12-21,1,17,числитель,false,семинар,921л
"Кратные интегралы, теория поля, ряды",2,,АК2-31,Мозжорина Т. Ю.,2026-12-23,3,17,числитель,false,семинар,ПП
"Кратные интегралы, теория поля, ряды",3,,АК1-31,Мозжорина Т. Ю.,2026-12-23,3,17,числитель,false,семинар,ПП
"Кратные интегралы, теория поля, ряды",4,,АК1-32,Мозжорина Т. Ю.,2026-12-23,3,17,числитель,false,семинар,ПП
"Кратные интегралы, теория поля, ряды",3,,"АК1-31,32; АК2-31",Мозжорина Т. Ю.,2026-12-25,5,17,числитель,false,лекция,ПП
Аналитическая геометрия,4,,АК1-13/6,Мозжорина Т. Ю.,2026-12-25,5,17,числитель,false,семинар,ПП
Оптимальное управление,1,,ФН11-72Б,Мозжорина Т. Ю.,2026-12-26,6,17,числитель,false,семинар,924л
Оптимальное управление,2,,"ФН11-71Б,72Б,74Б",Мозжорина Т. Ю.,2026-12-26,6,17,числитель,false,лекция,935л
Оптимальное управление,3,,ФН11-71Б,Мозжорина Т. Ю.,2026-12-26,6,17,числитель,false,семинар,923л
Оптимальное управление,6,,ФН11-74Б,Мозжорина Т. Ю.,2026-12-28,1,18,знаменатель,false,семинар,921л
"Кратные интегралы, теория поля, ряды",2,,АК2-31,Мозжорина Т. Ю.,2026-12-30,3,18,знаменатель,false,семинар,ПП
"Кратные интегралы, теория поля, ряды",3,,АК1-31,Мозжорина Т. Ю.,2026-12-30,3,18,знаменатель,false,семинар,ПП
"Кратные интегралы, теория поля, ряды",4,,АК1-32,Мозжорина Т. Ю.,2026-12-30,3,18,знаменатель,false,семинар,ПП
Базы данных,1,,ФН11-34Б(+1),Никулкин С. А.,2026-08-31,1,1,числитель,false,семинар,113л
Базы данных,2,,ФН11-33Б,Никулкин С. А.,2026-08-31,1,1,числитель,false,семинар,113л
Базы данных,1,,ФН11-34Б(+1),Никулкин С. А.,2026-09-14,1,3,числитель,false,семинар,113л
Базы данных,2,,ФН11-33Б,Никулкин С. А.,2026-09-14,1,3,числитель,false,семинар,113л
Базы данных,1,,ФН11-34Б(+1),Никулкин С. А.,2026-09-28,1,5,числитель,false,семинар,113л
Базы данных,2,,ФН11-33Б,Никулкин С. А.,2026-09-28,1,5,числитель,false,семинар,113л
Базы данных,1,,ФН11-34Б(+1),Никулкин С. А.,2026-10-12,1,7,числитель,false,семинар,113л
Базы данных,2,,ФН11-33Б,Никулкин С. А.,2026-10-12,1,7,числитель,false,семинар,113л
Базы данных,1,,ФН11-34Б(+1),Никулкин С. А.,2026-10-26,1,9,числитель,false,семинар,113л
Базы данных,2,,ФН11-33Б,Никулкин С. А.,2026-10-26,1,9,числитель,false,семинар,113л
Базы данных,1,,ФН11-34Б(+1),Никулкин С. А.,2026-11-09,1,11,числитель,false,семинар,113л
Базы данных,2,,ФН11-33Б,Никулкин С. А.,2026-11-09,1,11,числитель,false,семинар,113л
Базы данных,1,,ФН11-34Б(+1),Никулкин С. А.,2026-11-23,1,13,числитель,false,семинар,113л
Базы данных,2,,ФН11-33Б,Никулкин С. А.,2026-11-23,1,13,числитель,false,семинар,113л
Базы данных,1,,ФН11-34Б(+1),Никулкин С. А.,2026-12-07,1,15,числитель,false,семинар,113л
Базы данных,2,,ФН11-33Б,Никулкин С. А.,2026-12-07,1,15,числитель,false,семинар,113л
Базы данных,1,,ФН11-34Б(+1),Никулкин С. А.,2026-12-21,1,17,числитель,false,семинар,113л
Базы данных,2,,ФН11-33Б,Никулкин С. А.,2026-12-21,1,17,числитель,false,семинар,113л
Кратные интегралы и ряды,1,,Э10-32Б,Облаков А. И.,2026-09-05,6,1,числитель,false,семинар,736л
Теория вероятностей и математическая статистика,2,,Э2-31,Облаков А. И.,2026-09-05,6,1,числитель,false,лекция,736л
Кратные интегралы и ряды,4,,Э9-31Б,Облаков А. И.,2026-09-05,6,1,числитель,false,семинар,919л
Кратные интегралы и ряды,1,,Э10-32Б,Облаков А. И.,2026-09-12,6,2,знаменатель,false,семинар,736л
Теория вероятностей и математическая статистика,3,,Э2-31,Облаков А. И.,2026-09-12,6,2,знаменатель,false,семинар,736л
Кратные интегралы и ряды,4,,Э9-31Б,Облаков А. И.,2026-09-12,6,2,знаменатель,false,семинар,919л
Кратные интегралы и ряды,1,,Э10-32Б,Облаков А. И.,2026-09-19,6,3,числитель,false,семинар,736л
Теория вероятностей и математическая статистика,2,,Э2-31,Облаков А. И.,2026-09-19,6,3,числитель,false,лекция,736л
Кратные интегралы и ряды,4,,Э9-31Б,Облаков А. И.,2026-09-19,6,3,числитель,false,семинар,919л
Кратные интегралы и ряды,1,,Э10-32Б,Облаков А. И.,2026-09-26,6,4,знаменатель,false,семинар,736л
Теория вероятностей и математическая статистика,3,,Э2-31,Облаков А. И.,2026-09-26,6,4,знаменатель,false,семинар,736л
Кратные интегралы и ряды,4,,Э9-31Б,Облаков А. И.,2026-09-26,6,4,знаменатель,false,семинар,919л
Кратные интегралы и ряды,1,,Э10-32Б,Облаков А. И.,2026-10-03,6,5,числитель,false,семинар,736л
Теория вероятностей и математическая статистика,2,,Э2-31,Облаков А. И.,2026-10-03,6,5,числитель,false,лекция,736л
Кратные интегралы и ряды,4,,Э9-31Б,Облаков А. И.,2026-10-03,6,5,числитель,false,семинар,919л
Кратные интегралы и ряды,1,,Э10-32Б,Облаков А. И.,2026-10-10,6,6,знаменатель,false,семинар,736л
Теория вероятностей и математическая статистика,3,,Э2-31,Облаков А. И.,2026-10-10,6,6,знаменатель,false,семинар,736л
Кратные интегралы и ряды,4,,Э9-31Б,Облаков А. И.,2026-10-10,6,6,знаменатель,false,семинар,919л
Кратные интегралы и ряды,1,,Э10-32Б,Облаков А. И.,2026-10-17,6,7,числитель,false,семинар,736л
Теория вероятностей и математическая статистика,2,,Э2-31,Облаков А. И.,2026-10-17,6,7,числитель,false,лекция,736л
Кратные интегралы и ряды,4,,Э9-31Б,Облаков А. И.,2026-10-17,6,7,числитель,false,семинар,919л
Кратные интегралы и ряды,1,,Э10-32Б,Облаков А. И.,2026-10-24,6,8,знаменатель,false,семинар,736л
Теория вероятностей и математическая статистика,3,,Э2-31,Облаков А. И.,2026-10-24,6,8,знаменатель,false,семинар,736л
Кратные интегралы и ряды,4,,Э9-31Б,Облаков А. И.,2026-10-24,6,8,знаменатель,false,семинар,919л
Кратные интегралы и ряды,1,,Э10-32Б,Облаков А. И.,2026-10-31,6,9,числитель,false,семинар,736л
Теория вероятностей и математическая статистика,2,,Э2-31,Облаков А. И.,2026-10-31,6,9,числитель,false,лекция,736л
Кратные интегралы и ряды,4,,Э9-31Б,Облаков А. И.,2026-10-31,6,9,числитель,false,семинар,919л
Кратные интегралы и ряды,1,,Э10-32Б,Облаков А. И.,2026-11-07,6,10,знаменатель,false,семинар,736л
Теория вероятностей и математическая статистика,3,,Э2-31,Облаков А. И.,2026-11-07,6,10,знаменатель,false,семинар,736л
Кратные интегралы и ряды,4,,Э9-31Б,Облаков А. И.,2026-11-07,6,10,знаменатель,false,семинар,919л
Кратные интегралы и ряды,1,,Э10-32Б,Облаков А. И.,2026-11-14,6,11,числитель,false,семинар,736л
Теория вероятностей и математическая статистика,2,,Э2-31,Облаков А. И.,2026-11-14,6,11,числитель,false,лекция,736л
Кратные интегралы и ряды,4,,Э9-31Б,Облаков А. И.,2026-11-14,6,11,числитель,false,семинар,919л
Кратные интегралы и ряды,1,,Э10-32Б,Облаков А. И.,2026-11-21,6,12,знаменатель,false,семинар,736л
Теория вероятностей и математическая статистика,3,,Э2-31,Облаков А. И.,2026-11-21,6,12,знаменатель,false,семинар,736л
Кратные интегралы и ряды,4,,Э9-31Б,Облаков А. И.,2026-11-21,6,12,знаменатель,false,семинар,919л
Кратные интегралы и ряды,1,,Э10-32Б,Облаков А. И.,2026-11-28,6,13,числитель,false,семинар,736л
Теория вероятностей и математическая статистика,2,,Э2-31,Облаков А. И.,2026-11-28,6,13,числитель,false,лекция,736л
Кратные интегралы и ряды,4,,Э9-31Б,Облаков А. И.,2026-11-28,6,13,числитель,false,семинар,919л
Кратные интегралы и ряды,1,,Э10-32Б,Облаков А. И.,2026-12-05,6,14,знаменатель,false,семинар,736л
Теория вероятностей и математическая статистика,3,,Э2-31,Облаков А. И.,2026-12-05,6,14,знаменатель,false,семинар,736л
Кратные интегралы и ряды,4,,Э9-31Б,Облаков А. И.,2026-12-05,6,14,знаменатель,false,семинар,919л
Кратные интегралы и ряды,1,,Э10-32Б,Облаков А. И.,2026-12-12,6,15,числитель,false,семинар,736л
Теория вероятностей и математическая статистика,2,,Э2-31,Облаков А. И.,2026-12-12,6,15,числитель,false,лекция,736л
Кратные интегралы и ряды,4,,Э9-31Б,Облаков А. И.,2026-12-12,6,15,числитель,false,семинар,919л
Кратные интегралы и ряды,1,,Э10-32Б,Облаков А. И.,2026-12-19,6,16,знаменатель,false,семинар,736л
Теория вероятностей и математическая статистика,3,,Э2-31,Облаков А. И.,2026-12-19,6,16,знаменатель,false,семинар,736л
Кратные интегралы и ряды,4,,Э9-31Б,Облаков А. И.,2026-12-19,6,16,знаменатель,false,семинар,919л
Кратные интегралы и ряды,1,,Э10-32Б,Облаков А. И.,2026-12-26,6,17,числитель,false,семинар,736л
Теория вероятностей и математическая статистика,2,,Э2-31,Облаков А. И.,2026-12-26,6,17,числитель,false,лекция,736л
Кратные интегралы и ряды,4,,Э9-31Б,Облаков А. И.,2026-12-26,6,17,числитель,false,семинар,919л
Стохастический анализ и стохастические дифференциальные уравнения,2,,ФН11-72Б,Облакова Т. В.,2026-09-03,4,1,числитель,false,семинар,922л
Стохастический анализ и стохастические дифференциальные уравнения,3,,ФН11-71Б,Облакова Т. В.,2026-09-03,4,1,числитель,false,семинар,935л
Стохастический анализ и стохастические дифференциальные уравнения,4,,ФН11-71Б(+4),Облакова Т. В.,2026-09-03,4,1,числитель,false,лекция,935л
Теория вероятностей и математическая статистика,1,,ФН11-54Б,Облакова Т. В.,2026-09-04,5,1,числитель,false,семинар,924л
Теория вероятностей и комплексный анализ,3,,Э2-31Б,Облакова Т. В.,2026-09-04,5,1,числитель,false,семинар,731л
Теория вероятностей и математическая статистика,3,,ФН11-51Б,Облакова Т. В.,2026-09-05,6,1,числитель,false,семинар,623л
Теория вероятностей и математическая статистика,4,,ФН11-51Б(+4),Облакова Т. В.,2026-09-05,6,1,числитель,false,лекция,744л
Стохастический анализ и стохастические дифференциальные уравнения,2,,ФН11-72Б,Облакова Т. В.,2026-09-10,4,2,знаменатель,false,семинар,922л
Стохастический анализ и стохастические дифференциальные уравнения,3,,ФН11-71Б,Облакова Т. В.,2026-09-10,4,2,знаменатель,false,семинар,935л
Стохастический анализ и стохастические дифференциальные уравнения,4,,ФН11-71Б(+4),Облакова Т. В.,2026-09-10,4,2,знаменатель,false,лекция,935л
Теория вероятностей и комплексный анализ,3,,Э2-31Б(+4),Облакова Т. В.,2026-09-11,5,2,знаменатель,false,лекция,218л
Теория вероятностей и математическая статистика,4,,ФН11-54Б,Облакова Т. В.,2026-09-11,5,2,знаменатель,false,семинар,922л
Теория вероятностей и математическая статистика,3,,ФН11-51Б,Облакова Т. В.,2026-09-12,6,2,знаменатель,false,семинар,623л
Теория вероятностей и математическая статистика,4,,ФН11-51Б(+4),Облакова Т. В.,2026-09-12,6,2,знаменатель,false,лекция,744л
Стохастический анализ и стохастические дифференциальные уравнения,2,,ФН11-72Б,Облакова Т. В.,2026-09-17,4,3,числитель,false,семинар,922л
Стохастический анализ и стохастические дифференциальные уравнения,3,,ФН11-71Б,Облакова Т. В.,2026-09-17,4,3,числитель,false,семинар,935л
Стохастический анализ и стохастические дифференциальные уравнения,4,,ФН11-71Б(+4),Облакова Т. В.,2026-09-17,4,3,числитель,false,лекция,935л
Теория вероятностей и математическая статистика,1,,ФН11-54Б,Облакова Т. В.,2026-09-18,5,3,числитель,false,семинар,924л
Теория вероятностей и комплексный анализ,3,,Э2-31Б,Облакова Т. В.,2026-09-18,5,3,числитель,false,семинар,731л
Теория вероятностей и математическая статистика,3,,ФН11-51Б,Облакова Т. В.,2026-09-19,6,3,числитель,false,семинар,623л
Теория вероятностей и математическая статистика,4,,ФН11-51Б(+4),Облакова Т. В.,2026-09-19,6,3,числитель,false,лекция,744л
Стохастический анализ и стохастические дифференциальные уравнения,2,,ФН11-72Б,Облакова Т. В.,2026-09-24,4,4,знаменатель,false,семинар,922л
Стохастический анализ и стохастические дифференциальные уравнения,3,,ФН11-71Б,Облакова Т. В.,2026-09-24,4,4,знаменатель,false,семинар,935л
Стохастический анализ и стохастические дифференциальные уравнения,4,,ФН11-71Б(+4),Облакова Т. В.,2026-09-24,4,4,знаменатель,false,лекция,935л
Теория вероятностей и комплексный анализ,3,,Э2-31Б(+4),Облакова Т. В.,2026-09-25,5,4,знаменатель,false,лекция,218л
Теория вероятностей и математическая статистика,4,,ФН11-54Б,Облакова Т. В.,2026-09-25,5,4,знаменатель,false,семинар,922л
Теория вероятностей и математическая статистика,3,,ФН11-51Б,Облакова Т. В.,2026-09-26,6,4,знаменатель,false,семинар,623л
Теория вероятностей и математическая статистика,4,,ФН11-51Б(+4),Облакова Т. В.,2026-09-26,6,4,знаменатель,false,лекция,744л
Стохастический анализ и стохастические дифференциальные уравнения,2,,ФН11-72Б,Облакова Т. В.,2026-10-01,4,5,числитель,false,семинар,922л
Стохастический анализ и стохастические дифференциальные уравнения,3,,ФН11-71Б,Облакова Т. В.,2026-10-01,4,5,числитель,false,семинар,935л
Стохастический анализ и стохастические дифференциальные уравнения,4,,ФН11-71Б(+4),Облакова Т. В.,2026-10-01,4,5,числитель,false,лекция,935л
Теория вероятностей и математическая статистика,1,,ФН11-54Б,Облакова Т. В.,2026-10-02,5,5,числитель,false,семинар,924л
Теория вероятностей и комплексный анализ,3,,Э2-31Б,Облакова Т. В.,2026-10-02,5,5,числитель,false,семинар,731л
Теория вероятностей и математическая статистика,3,,ФН11-51Б,Облакова Т. В.,2026-10-03,6,5,числитель,false,семинар,623л
Теория вероятностей и математическая статистика,4,,ФН11-51Б(+4),Облакова Т. В.,2026-10-03,6,5,числитель,false,лекция,744л
Стохастический анализ и стохастические дифференциальные уравнения,2,,ФН11-72Б,Облакова Т. В.,2026-10-08,4,6,знаменатель,false,семинар,922л
Стохастический анализ и стохастические дифференциальные уравнения,3,,ФН11-71Б,Облакова Т. В.,2026-10-08,4,6,знаменатель,false,семинар,935л
Стохастический анализ и стохастические дифференциальные уравнения,4,,ФН11-71Б(+4),Облакова Т. В.,2026-10-08,4,6,знаменатель,false,лекция,935л
Теория вероятностей и комплексный анализ,3,,Э2-31Б(+4),Облакова Т. В.,2026-10-09,5,6,знаменатель,false,лекция,218л
Теория вероятностей и математическая статистика,4,,ФН11-54Б,Облакова Т. В.,2026-10-09,5,6,знаменатель,false,семинар,922л
Теория вероятностей и математическая статистика,3,,ФН11-51Б,Облакова Т. В.,2026-10-10,6,6,знаменатель,false,семинар,623л
Теория вероятностей и математическая статистика,4,,ФН11-51Б(+4),Облакова Т. В.,2026-10-10,6,6,знаменатель,false,лекция,744л
Стохастический анализ и стохастические дифференциальные уравнения,2,,ФН11-72Б,Облакова Т. В.,2026-10-15,4,7,числитель,false,семинар,922л
Стохастический анализ и стохастические дифференциальные уравнения,3,,ФН11-71Б,Облакова Т. В.,2026-10-15,4,7,числитель,false,семинар,935л
Стохастический анализ и стохастические дифференциальные уравнения,4,,ФН11-71Б(+4),Облакова Т. В.,2026-10-15,4,7,числитель,false,лекция,935л
Теория вероятностей и математическая статистика,1,,ФН11-54Б,Облакова Т. В.,2026-10-16,5,7,числитель,false,семинар,924л
Теория вероятностей и комплексный анализ,3,,Э2-31Б,Облакова Т. В.,2026-10-16,5,7,числитель,false,семинар,731л
Теория вероятностей и математическая статистика,3,,ФН11-51Б,Облакова Т. В.,2026-10-17,6,7,числитель,false,семинар,623л
Теория вероятностей и математическая статистика,4,,ФН11-51Б(+4),Облакова Т. В.,2026-10-17,6,7,числитель,false,лекция,744л
Стохастический анализ и стохастические дифференциальные уравнения,2,,ФН11-72Б,Облакова Т. В.,2026-10-22,4,8,знаменатель,false,семинар,922л
Стохастический анализ и стохастические дифференциальные уравнения,3,,ФН11-71Б,Облакова Т. В.,2026-10-22,4,8,знаменатель,false,семинар,935л
Стохастический анализ и стохастические дифференциальные уравнения,4,,ФН11-71Б(+4),Облакова Т. В.,2026-10-22,4,8,знаменатель,false,лекция,935л
Теория вероятностей и комплексный анализ,3,,Э2-31Б(+4),Облакова Т. В.,2026-10-23,5,8,знаменатель,false,лекция,218л
Теория вероятностей и математическая статистика,4,,ФН11-54Б,Облакова Т. В.,2026-10-23,5,8,знаменатель,false,семинар,922л
Теория вероятностей и математическая статистика,3,,ФН11-51Б,Облакова Т. В.,2026-10-24,6,8,знаменатель,false,семинар,623л
Теория вероятностей и математическая статистика,4,,ФН11-51Б(+4),Облакова Т. В.,2026-10-24,6,8,знаменатель,false,лекция,744л
Стохастический анализ и стохастические дифференциальные уравнения,2,,ФН11-72Б,Облакова Т. В.,2026-10-29,4,9,числитель,false,семинар,922л
Стохастический анализ и стохастические дифференциальные уравнения,3,,ФН11-71Б,Облакова Т. В.,2026-10-29,4,9,числитель,false,семинар,935л
Стохастический анализ и стохастические дифференциальные уравнения,4,,ФН11-71Б(+4),Облакова Т. В.,2026-10-29,4,9,числитель,false,лекция,935л
Теория вероятностей и математическая статистика,1,,ФН11-54Б,Облакова Т. В.,2026-10-30,5,9,числитель,false,семинар,924л
Теория вероятностей и комплексный анализ,3,,Э2-31Б,Облакова Т. В.,2026-10-30,5,9,числитель,false,семинар,731л
Теория вероятностей и математическая статистика,3,,ФН11-51Б,Облакова Т. В.,2026-10-31,6,9,числитель,false,семинар,623л
Теория вероятностей и математическая статистика,4,,ФН11-51Б(+4),Облакова Т. В.,2026-10-31,6,9,числитель,false,лекция,744л
Стохастический анализ и стохастические дифференциальные уравнения,2,,ФН11-72Б,Облакова Т. В.,2026-11-05,4,10,знаменатель,false,семинар,922л
Стохастический анализ и стохастические дифференциальные уравнения,3,,ФН11-71Б,Облакова Т. В.,2026-11-05,4,10,знаменатель,false,семинар,935л
Стохастический анализ и стохастические дифференциальные уравнения,4,,ФН11-71Б(+4),Облакова Т. В.,2026-11-05,4,10,знаменатель,false,лекция,935л
Теория вероятностей и комплексный анализ,3,,Э2-31Б(+4),Облакова Т. В.,2026-11-06,5,10,знаменатель,false,лекция,218л
Теория вероятностей и математическая статистика,4,,ФН11-54Б,Облакова Т. В.,2026-11-06,5,10,знаменатель,false,семинар,922л
Теория вероятностей и математическая статистика,3,,ФН11-51Б,Облакова Т. В.,2026-11-07,6,10,знаменатель,false,семинар,623л
Теория вероятностей и математическая статистика,4,,ФН11-51Б(+4),Облакова Т. В.,2026-11-07,6,10,знаменатель,false,лекция,744л
Стохастический анализ и стохастические дифференциальные уравнения,2,,ФН11-72Б,Облакова Т. В.,2026-11-12,4,11,числитель,false,семинар,922л
Стохастический анализ и стохастические дифференциальные уравнения,3,,ФН11-71Б,Облакова Т. В.,2026-11-12,4,11,числитель,false,семинар,935л
Стохастический анализ и стохастические дифференциальные уравнения,4,,ФН11-71Б(+4),Облакова Т. В.,2026-11-12,4,11,числитель,false,лекция,935л
Теория вероятностей и математическая статистика,1,,ФН11-54Б,Облакова Т. В.,2026-11-13,5,11,числитель,false,семинар,924л
Теория вероятностей и комплексный анализ,3,,Э2-31Б,Облакова Т. В.,2026-11-13,5,11,числитель,false,семинар,731л
Теория вероятностей и математическая статистика,3,,ФН11-51Б,Облакова Т. В.,2026-11-14,6,11,числитель,false,семинар,623л
Теория вероятностей и математическая статистика,4,,ФН11-51Б(+4),Облакова Т. В.,2026-11-14,6,11,числитель,false,лекция,744л
Стохастический анализ и стохастические дифференциальные уравнения,2,,ФН11-72Б,Облакова Т. В.,2026-11-19,4,12,знаменатель,false,семинар,922л
Стохастический анализ и стохастические дифференциальные уравнения,3,,ФН11-71Б,Облакова Т. В.,2026-11-19,4,12,знаменатель,false,семинар,935л
Стохастический анализ и стохастические дифференциальные уравнения,4,,ФН11-71Б(+4),Облакова Т. В.,2026-11-19,4,12,знаменатель,false,лекция,935л
Теория вероятностей и комплексный анализ,3,,Э2-31Б(+4),Облакова Т. В.,2026-11-20,5,12,знаменатель,false,лекция,218л
Теория вероятностей и математическая статистика,4,,ФН11-54Б,Облакова Т. В.,2026-11-20,5,12,знаменатель,false,семинар,922л
Теория вероятностей и математическая статистика,3,,ФН11-51Б,Облакова Т. В.,2026-11-21,6,12,знаменатель,false,семинар,623л
Теория вероятностей и математическая статистика,4,,ФН11-51Б(+4),Облакова Т. В.,2026-11-21,6,12,знаменатель,false,лекция,744л
Стохастический анализ и стохастические дифференциальные уравнения,2,,ФН11-72Б,Облакова Т. В.,2026-11-26,4,13,числитель,false,семинар,922л
Стохастический анализ и стохастические дифференциальные уравнения,3,,ФН11-71Б,Облакова Т. В.,2026-11-26,4,13,числитель,false,семинар,935л
Стохастический анализ и стохастические дифференциальные уравнения,4,,ФН11-71Б(+4),Облакова Т. В.,2026-11-26,4,13,числитель,false,лекция,935л
Теория вероятностей и математическая статистика,1,,ФН11-54Б,Облакова Т. В.,2026-11-27,5,13,числитель,false,семинар,924л
Теория вероятностей и комплексный анализ,3,,Э2-31Б,Облакова Т. В.,2026-11-27,5,13,числитель,false,семинар,731л
Теория вероятностей и математическая статистика,3,,ФН11-51Б,Облакова Т. В.,2026-11-28,6,13,числитель,false,семинар,623л
Теория вероятностей и математическая статистика,4,,ФН11-51Б(+4),Облакова Т. В.,2026-11-28,6,13,числитель,false,лекция,744л
Стохастический анализ и стохастические дифференциальные уравнения,2,,ФН11-72Б,Облакова Т. В.,2026-12-03,4,14,знаменатель,false,семинар,922л
Стохастический анализ и стохастические дифференциальные уравнения,3,,ФН11-71Б,Облакова Т. В.,2026-12-03,4,14,знаменатель,false,семинар,935л
Стохастический анализ и стохастические дифференциальные уравнения,4,,ФН11-71Б(+4),Облакова Т. В.,2026-12-03,4,14,знаменатель,false,лекция,935л
Теория вероятностей и комплексный анализ,3,,Э2-31Б(+4),Облакова Т. В.,2026-12-04,5,14,знаменатель,false,лекция,218л
Теория вероятностей и математическая статистика,4,,ФН11-54Б,Облакова Т. В.,2026-12-04,5,14,знаменатель,false,семинар,922л
Теория вероятностей и математическая статистика,3,,ФН11-51Б,Облакова Т. В.,2026-12-05,6,14,знаменатель,false,семинар,623л
Теория вероятностей и математическая статистика,4,,ФН11-51Б(+4),Облакова Т. В.,2026-12-05,6,14,знаменатель,false,лекция,744л
Стохастический анализ и стохастические дифференциальные уравнения,2,,ФН11-72Б,Облакова Т. В.,2026-12-10,4,15,числитель,false,семинар,922л
Стохастический анализ и стохастические дифференциальные уравнения,3,,ФН11-71Б,Облакова Т. В.,2026-12-10,4,15,числитель,false,семинар,935л
Стохастический анализ и стохастические дифференциальные уравнения,4,,ФН11-71Б(+4),Облакова Т. В.,2026-12-10,4,15,числитель,false,лекция,935л
Теория вероятностей и математическая статистика,1,,ФН11-54Б,Облакова Т. В.,2026-12-11,5,15,числитель,false,семинар,924л
Теория вероятностей и комплексный анализ,3,,Э2-31Б,Облакова Т. В.,2026-12-11,5,15,числитель,false,семинар,731л
Теория вероятностей и математическая статистика,3,,ФН11-51Б,Облакова Т. В.,2026-12-12,6,15,числитель,false,семинар,623л
Теория вероятностей и математическая статистика,4,,ФН11-51Б(+4),Облакова Т. В.,2026-12-12,6,15,числитель,false,лекция,744л
Стохастический анализ и стохастические дифференциальные уравнения,2,,ФН11-72Б,Облакова Т. В.,2026-12-17,4,16,знаменатель,false,семинар,922л
Стохастический анализ и стохастические дифференциальные уравнения,3,,ФН11-71Б,Облакова Т. В.,2026-12-17,4,16,знаменатель,false,семинар,935л
Стохастический анализ и стохастические дифференциальные уравнения,4,,ФН11-71Б(+4),Облакова Т. В.,2026-12-17,4,16,знаменатель,false,лекция,935л
Теория вероятностей и комплексный анализ,3,,Э2-31Б(+4),Облакова Т. В.,2026-12-18,5,16,знаменатель,false,лекция,218л
Теория вероятностей и математическая статистика,4,,ФН11-54Б,Облакова Т. В.,2026-12-18,5,16,знаменатель,false,семинар,922л
Теория вероятностей и математическая статистика,3,,ФН11-51Б,Облакова Т. В.,2026-12-19,6,16,знаменатель,false,семинар,623л
Теория вероятностей и математическая статистика,4,,ФН11-51Б(+4),Облакова Т. В.,2026-12-19,6,16,знаменатель,false,лекция,744л
Стохастический анализ и стохастические дифференциальные уравнения,2,,ФН11-72Б,Облакова Т. В.,2026-12-24,4,17,числитель,false,семинар,922л
Стохастический анализ и стохастические дифференциальные уравнения,3,,ФН11-71Б,Облакова Т. В.,2026-12-24,4,17,числитель,false,семинар,935л
Стохастический анализ и стохастические дифференциальные уравнения,4,,ФН11-71Б(+4),Облакова Т. В.,2026-12-24,4,17,числитель,false,лекция,935л
Теория вероятностей и математическая статистика,1,,ФН11-54Б,Облакова Т. В.,2026-12-25,5,17,числитель,false,семинар,924л
Теория вероятностей и комплексный анализ,3,,Э2-31Б,Облакова Т. В.,2026-12-25,5,17,числитель,false,семинар,731л
Теория вероятностей и математическая статистика,3,,ФН11-51Б,Облакова Т. В.,2026-12-26,6,17,числитель,false,семинар,623л
Теория вероятностей и математическая статистика,4,,ФН11-51Б(+4),Облакова Т. В.,2026-12-26,6,17,числитель,false,лекция,744л
Стохастический анализ и стохастические дифференциальные уравнения,2,,ФН11-72Б,Облакова Т. В.,2026-12-31,4,18,знаменатель,false,семинар,922л
Стохастический анализ и стохастические дифференциальные уравнения,3,,ФН11-71Б,Облакова Т. В.,2026-12-31,4,18,знаменатель,false,семинар,935л
Стохастический анализ и стохастические дифференциальные уравнения,4,,ФН11-71Б(+4),Облакова Т. В.,2026-12-31,4,18,знаменатель,false,лекция,935л
Функциональный анализ и интегральные уравнения,1,,ФН11-32Б,Осипов Е. В.,2026-09-05,6,1,числитель,false,семинар,922л
Уравнения математической физики,2,,ФН3-51Б,Осипов Е. В.,2026-09-05,6,1,числитель,false,семинар,922л
Уравнения математической физики,3,,ФН3-52Б,Осипов Е. В.,2026-09-05,6,1,числитель,false,семинар,922л
Функциональный анализ и интегральные уравнения,4,,ФН11-31Б(+4),Осипов Е. В.,2026-09-05,6,1,числитель,false,лекция,212л
Функциональный анализ и интегральные уравнения,5,,ФН11-31Б,Осипов Е. В.,2026-09-05,6,1,числитель,false,семинар,922л
Функциональный анализ и интегральные уравнения,1,,ФН11-32Б,Осипов Е. В.,2026-09-12,6,2,знаменатель,false,семинар,922л
Уравнения математической физики,2,,ФН3-51Б,Осипов Е. В.,2026-09-12,6,2,знаменатель,false,семинар,922л
Уравнения математической физики,3,,ФН3-52Б,Осипов Е. В.,2026-09-12,6,2,знаменатель,false,семинар,922л
Функциональный анализ и интегральные уравнения,4,,ФН11-31Б(+4),Осипов Е. В.,2026-09-12,6,2,знаменатель,false,лекция,212л
Функциональный анализ и интегральные уравнения,5,,ФН11-31Б,Осипов Е. В.,2026-09-12,6,2,знаменатель,false,семинар,922л
Функциональный анализ и интегральные уравнения,1,,ФН11-32Б,Осипов Е. В.,2026-09-19,6,3,числитель,false,семинар,922л
Уравнения математической физики,2,,ФН3-51Б,Осипов Е. В.,2026-09-19,6,3,числитель,false,семинар,922л
Уравнения математической физики,3,,ФН3-52Б,Осипов Е. В.,2026-09-19,6,3,числитель,false,семинар,922л
Функциональный анализ и интегральные уравнения,4,,ФН11-31Б(+4),Осипов Е. В.,2026-09-19,6,3,числитель,false,лекция,212л
Функциональный анализ и интегральные уравнения,5,,ФН11-31Б,Осипов Е. В.,2026-09-19,6,3,числитель,false,семинар,922л
Функциональный анализ и интегральные уравнения,1,,ФН11-32Б,Осипов Е. В.,2026-09-26,6,4,знаменатель,false,семинар,922л
Уравнения математической физики,2,,ФН3-51Б,Осипов Е. В.,2026-09-26,6,4,знаменатель,false,семинар,922л
Уравнения математической физики,3,,ФН3-52Б,Осипов Е. В.,2026-09-26,6,4,знаменатель,false,семинар,922л
Функциональный анализ и интегральные уравнения,4,,ФН11-31Б(+4),Осипов Е. В.,2026-09-26,6,4,знаменатель,false,лекция,212л
Функциональный анализ и интегральные уравнения,5,,ФН11-31Б,Осипов Е. В.,2026-09-26,6,4,знаменатель,false,семинар,922л
Функциональный анализ и интегральные уравнения,1,,ФН11-32Б,Осипов Е. В.,2026-10-03,6,5,числитель,false,семинар,922л
Уравнения математической физики,2,,ФН3-51Б,Осипов Е. В.,2026-10-03,6,5,числитель,false,семинар,922л
Уравнения математической физики,3,,ФН3-52Б,Осипов Е. В.,2026-10-03,6,5,числитель,false,семинар,922л
Функциональный анализ и интегральные уравнения,4,,ФН11-31Б(+4),Осипов Е. В.,2026-10-03,6,5,числитель,false,лекция,212л
Функциональный анализ и интегральные уравнения,5,,ФН11-31Б,Осипов Е. В.,2026-10-03,6,5,числитель,false,семинар,922л
Функциональный анализ и интегральные уравнения,1,,ФН11-32Б,Осипов Е. В.,2026-10-10,6,6,знаменатель,false,семинар,922л
Уравнения математической физики,2,,ФН3-51Б,Осипов Е. В.,2026-10-10,6,6,знаменатель,false,семинар,922л
Уравнения математической физики,3,,ФН3-52Б,Осипов Е. В.,2026-10-10,6,6,знаменатель,false,семинар,922л
Функциональный анализ и интегральные уравнения,4,,ФН11-31Б(+4),Осипов Е. В.,2026-10-10,6,6,знаменатель,false,лекция,212л
Функциональный анализ и интегральные уравнения,5,,ФН11-31Б,Осипов Е. В.,2026-10-10,6,6,знаменатель,false,семинар,922л
Функциональный анализ и интегральные уравнения,1,,ФН11-32Б,Осипов Е. В.,2026-10-17,6,7,числитель,false,семинар,922л
Уравнения математической физики,2,,ФН3-51Б,Осипов Е. В.,2026-10-17,6,7,числитель,false,семинар,922л
Уравнения математической физики,3,,ФН3-52Б,Осипов Е. В.,2026-10-17,6,7,числитель,false,семинар,922л
Функциональный анализ и интегральные уравнения,4,,ФН11-31Б(+4),Осипов Е. В.,2026-10-17,6,7,числитель,false,лекция,212л
Функциональный анализ и интегральные уравнения,5,,ФН11-31Б,Осипов Е. В.,2026-10-17,6,7,числитель,false,семинар,922л
Функциональный анализ и интегральные уравнения,1,,ФН11-32Б,Осипов Е. В.,2026-10-24,6,8,знаменатель,false,семинар,922л
Уравнения математической физики,2,,ФН3-51Б,Осипов Е. В.,2026-10-24,6,8,знаменатель,false,семинар,922л
Уравнения математической физики,3,,ФН3-52Б,Осипов Е. В.,2026-10-24,6,8,знаменатель,false,семинар,922л
Функциональный анализ и интегральные уравнения,4,,ФН11-31Б(+4),Осипов Е. В.,2026-10-24,6,8,знаменатель,false,лекция,212л
Функциональный анализ и интегральные уравнения,5,,ФН11-31Б,Осипов Е. В.,2026-10-24,6,8,знаменатель,false,семинар,922л
Функциональный анализ и интегральные уравнения,1,,ФН11-32Б,Осипов Е. В.,2026-10-31,6,9,числитель,false,семинар,922л
Уравнения математической физики,2,,ФН3-51Б,Осипов Е. В.,2026-10-31,6,9,числитель,false,семинар,922л
Уравнения математической физики,3,,ФН3-52Б,Осипов Е. В.,2026-10-31,6,9,числитель,false,семинар,922л
Функциональный анализ и интегральные уравнения,4,,ФН11-31Б(+4),Осипов Е. В.,2026-10-31,6,9,числитель,false,лекция,212л
Функциональный анализ и интегральные уравнения,5,,ФН11-31Б,Осипов Е. В.,2026-10-31,6,9,числитель,false,семинар,922л
Функциональный анализ и интегральные уравнения,1,,ФН11-32Б,Осипов Е. В.,2026-11-07,6,10,знаменатель,false,семинар,922л
Уравнения математической физики,2,,ФН3-51Б,Осипов Е. В.,2026-11-07,6,10,знаменатель,false,семинар,922л
Уравнения математической физики,3,,ФН3-52Б,Осипов Е. В.,2026-11-07,6,10,знаменатель,false,семинар,922л
Функциональный анализ и интегральные уравнения,4,,ФН11-31Б(+4),Осипов Е. В.,2026-11-07,6,10,знаменатель,false,лекция,212л
Функциональный анализ и интегральные уравнения,5,,ФН11-31Б,Осипов Е. В.,2026-11-07,6,10,знаменатель,false,семинар,922л
Функциональный анализ и интегральные уравнения,1,,ФН11-32Б,Осипов Е. В.,2026-11-14,6,11,числитель,false,семинар,922л
Уравнения математической физики,2,,ФН3-51Б,Осипов Е. В.,2026-11-14,6,11,числитель,false,семинар,922л
Уравнения математической физики,3,,ФН3-52Б,Осипов Е. В.,2026-11-14,6,11,числитель,false,семинар,922л
Функциональный анализ и интегральные уравнения,4,,ФН11-31Б(+4),Осипов Е. В.,2026-11-14,6,11,числитель,false,лекция,212л
Функциональный анализ и интегральные уравнения,5,,ФН11-31Б,Осипов Е. В.,2026-11-14,6,11,числитель,false,семинар,922л
Функциональный анализ и интегральные уравнения,1,,ФН11-32Б,Осипов Е. В.,2026-11-21,6,12,знаменатель,false,семинар,922л
Уравнения математической физики,2,,ФН3-51Б,Осипов Е. В.,2026-11-21,6,12,знаменатель,false,семинар,922л
Уравнения математической физики,3,,ФН3-52Б,Осипов Е. В.,2026-11-21,6,12,знаменатель,false,семинар,922л
Функциональный анализ и интегральные уравнения,4,,ФН11-31Б(+4),Осипов Е. В.,2026-11-21,6,12,знаменатель,false,лекция,212л
Функциональный анализ и интегральные уравнения,5,,ФН11-31Б,Осипов Е. В.,2026-11-21,6,12,знаменатель,false,семинар,922л
Функциональный анализ и интегральные уравнения,1,,ФН11-32Б,Осипов Е. В.,2026-11-28,6,13,числитель,false,семинар,922л
Уравнения математической физики,2,,ФН3-51Б,Осипов Е. В.,2026-11-28,6,13,числитель,false,семинар,922л
Уравнения математической физики,3,,ФН3-52Б,Осипов Е. В.,2026-11-28,6,13,числитель,false,семинар,922л
Функциональный анализ и интегральные уравнения,4,,ФН11-31Б(+4),Осипов Е. В.,2026-11-28,6,13,числитель,false,лекция,212л
Функциональный анализ и интегральные уравнения,5,,ФН11-31Б,Осипов Е. В.,2026-11-28,6,13,числитель,false,семинар,922л
Функциональный анализ и интегральные уравнения,1,,ФН11-32Б,Осипов Е. В.,2026-12-05,6,14,знаменатель,false,семинар,922л
Уравнения математической физики,2,,ФН3-51Б,Осипов Е. В.,2026-12-05,6,14,знаменатель,false,семинар,922л
Уравнения математической физики,3,,ФН3-52Б,Осипов Е. В.,2026-12-05,6,14,знаменатель,false,семинар,922л
Функциональный анализ и интегральные уравнения,4,,ФН11-31Б(+4),Осипов Е. В.,2026-12-05,6,14,знаменатель,false,лекция,212л
Функциональный анализ и интегральные уравнения,5,,ФН11-31Б,Осипов Е. В.,2026-12-05,6,14,знаменатель,false,семинар,922л
Функциональный анализ и интегральные уравнения,1,,ФН11-32Б,Осипов Е. В.,2026-12-12,6,15,числитель,false,семинар,922л
Уравнения математической физики,2,,ФН3-51Б,Осипов Е. В.,2026-12-12,6,15,числитель,false,семинар,922л
Уравнения математической физики,3,,ФН3-52Б,Осипов Е. В.,2026-12-12,6,15,числитель,false,семинар,922л
Функциональный анализ и интегральные уравнения,4,,ФН11-31Б(+4),Осипов Е. В.,2026-12-12,6,15,числитель,false,лекция,212л
Функциональный анализ и интегральные уравнения,5,,ФН11-31Б,Осипов Е. В.,2026-12-12,6,15,числитель,false,семинар,922л
Функциональный анализ и интегральные уравнения,1,,ФН11-32Б,Осипов Е. В.,2026-12-19,6,16,знаменатель,false,семинар,922л
Уравнения математической физики,2,,ФН3-51Б,Осипов Е. В.,2026-12-19,6,16,знаменатель,false,семинар,922л
Уравнения математической физики,3,,ФН3-52Б,Осипов Е. В.,2026-12-19,6,16,знаменатель,false,семинар,922л
Функциональный анализ и интегральные уравнения,4,,ФН11-31Б(+4),Осипов Е. В.,2026-12-19,6,16,знаменатель,false,лекция,212л
Функциональный анализ и интегральные уравнения,5,,ФН11-31Б,Осипов Е. В.,2026-12-19,6,16,знаменатель,false,семинар,922л
Функциональный анализ и интегральные уравнения,1,,ФН11-32Б,Осипов Е. В.,2026-12-26,6,17,числитель,false,семинар,922л
Уравнения математической физики,2,,ФН3-51Б,Осипов Е. В.,2026-12-26,6,17,числитель,false,семинар,922л
Уравнения математической физики,3,,ФН3-52Б,Осипов Е. В.,2026-12-26,6,17,числитель,false,семинар,922л
Функциональный анализ и интегральные уравнения,4,,ФН11-31Б(+4),Осипов Е. В.,2026-12-26,6,17,числитель,false,лекция,212л
Функциональный анализ и интегральные уравнения,5,,ФН11-31Б,Осипов Е. В.,2026-12-26,6,17,числитель,false,семинар,922л
Теория вероятностей и математическая статистика,1,,Э1-51(+4),Пархоменко В. П.,2026-08-31,1,1,числитель,false,лекция,525э
Теория вероятностей и математическая статистика,2,,Э4-51(+3),Пархоменко В. П.,2026-08-31,1,1,числитель,false,лекция,525э
Теория вероятностей и математическая статистика,1,,Э1-52(+1),Пархоменко В. П.,2026-09-07,1,2,знаменатель,false,семинар,345э
Теория вероятностей и математическая статистика,3,,Э4-51,Пархоменко В. П.,2026-09-07,1,2,знаменатель,false,семинар,311э
Теория вероятностей и математическая статистика,4,,Э4-52,Пархоменко В. П.,2026-09-07,1,2,знаменатель,false,семинар,347э
Теория вероятностей и математическая статистика,5,,Э1-51,Пархоменко В. П.,2026-09-07,1,2,знаменатель,false,семинар,347э
Теория вероятностей и математическая статистика,1,,Э1-51(+4),Пархоменко В. П.,2026-09-14,1,3,числитель,false,лекция,525э
Теория вероятностей и математическая статистика,2,,Э4-51(+3),Пархоменко В. П.,2026-09-14,1,3,числитель,false,лекция,525э
Теория вероятностей и математическая статистика,1,,Э1-52(+1),Пархоменко В. П.,2026-09-21,1,4,знаменатель,false,семинар,345э
Теория вероятностей и математическая статистика,3,,Э4-51,Пархоменко В. П.,2026-09-21,1,4,знаменатель,false,семинар,311э
Теория вероятностей и математическая статистика,4,,Э4-52,Пархоменко В. П.,2026-09-21,1,4,знаменатель,false,семинар,347э
Теория вероятностей и математическая статистика,5,,Э1-51,Пархоменко В. П.,2026-09-21,1,4,знаменатель,false,семинар,347э
Теория вероятностей и математическая статистика,1,,Э1-51(+4),Пархоменко В. П.,2026-09-28,1,5,числитель,false,лекция,525э
Теория вероятностей и математическая статистика,2,,Э4-51(+3),Пархоменко В. П.,2026-09-28,1,5,числитель,false,лекция,525э
Теория вероятностей и математическая статистика,1,,Э1-52(+1),Пархоменко В. П.,2026-10-05,1,6,знаменатель,false,семинар,345э
Теория вероятностей и математическая статистика,3,,Э4-51,Пархоменко В. П.,2026-10-05,1,6,знаменатель,false,семинар,311э
Теория вероятностей и математическая статистика,4,,Э4-52,Пархоменко В. П.,2026-10-05,1,6,знаменатель,false,семинар,347э
Теория вероятностей и математическая статистика,5,,Э1-51,Пархоменко В. П.,2026-10-05,1,6,знаменатель,false,семинар,347э
Теория вероятностей и математическая статистика,1,,Э1-51(+4),Пархоменко В. П.,2026-10-12,1,7,числитель,false,лекция,525э
Теория вероятностей и математическая статистика,2,,Э4-51(+3),Пархоменко В. П.,2026-10-12,1,7,числитель,false,лекция,525э
Теория вероятностей и математическая статистика,1,,Э1-52(+1),Пархоменко В. П.,2026-10-19,1,8,знаменатель,false,семинар,345э
Теория вероятностей и математическая статистика,3,,Э4-51,Пархоменко В. П.,2026-10-19,1,8,знаменатель,false,семинар,311э
Теория вероятностей и математическая статистика,4,,Э4-52,Пархоменко В. П.,2026-10-19,1,8,знаменатель,false,семинар,347э
Теория вероятностей и математическая статистика,5,,Э1-51,Пархоменко В. П.,2026-10-19,1,8,знаменатель,false,семинар,347э
Теория вероятностей и математическая статистика,1,,Э1-51(+4),Пархоменко В. П.,2026-10-26,1,9,числитель,false,лекция,525э
Теория вероятностей и математическая статистика,2,,Э4-51(+3),Пархоменко В. П.,2026-10-26,1,9,числитель,false,лекция,525э
Теория вероятностей и математическая статистика,1,,Э1-52(+1),Пархоменко В. П.,2026-11-02,1,10,знаменатель,false,семинар,345э
Теория вероятностей и математическая статистика,3,,Э4-51,Пархоменко В. П.,2026-11-02,1,10,знаменатель,false,семинар,311э
Теория вероятностей и математическая статистика,4,,Э4-52,Пархоменко В. П.,2026-11-02,1,10,знаменатель,false,семинар,347э
Теория вероятностей и математическая статистика,5,,Э1-51,Пархоменко В. П.,2026-11-02,1,10,знаменатель,false,семинар,347э
Теория вероятностей и математическая статистика,1,,Э1-51(+4),Пархоменко В. П.,2026-11-09,1,11,числитель,false,лекция,525э
Теория вероятностей и математическая статистика,2,,Э4-51(+3),Пархоменко В. П.,2026-11-09,1,11,числитель,false,лекция,525э
Теория вероятностей и математическая статистика,1,,Э1-52(+1),Пархоменко В. П.,2026-11-16,1,12,знаменатель,false,семинар,345э
Теория вероятностей и математическая статистика,3,,Э4-51,Пархоменко В. П.,2026-11-16,1,12,знаменатель,false,семинар,311э
Теория вероятностей и математическая статистика,4,,Э4-52,Пархоменко В. П.,2026-11-16,1,12,знаменатель,false,семинар,347э
Теория вероятностей и математическая статистика,5,,Э1-51,Пархоменко В. П.,2026-11-16,1,12,знаменатель,false,семинар,347э
Теория вероятностей и математическая статистика,1,,Э1-51(+4),Пархоменко В. П.,2026-11-23,1,13,числитель,false,лекция,525э
Теория вероятностей и математическая статистика,2,,Э4-51(+3),Пархоменко В. П.,2026-11-23,1,13,числитель,false,лекция,525э
Теория вероятностей и математическая статистика,1,,Э1-52(+1),Пархоменко В. П.,2026-11-30,1,14,знаменатель,false,семинар,345э
Теория вероятностей и математическая статистика,3,,Э4-51,Пархоменко В. П.,2026-11-30,1,14,знаменатель,false,семинар,311э
Теория вероятностей и математическая статистика,4,,Э4-52,Пархоменко В. П.,2026-11-30,1,14,знаменатель,false,семинар,347э
Теория вероятностей и математическая статистика,5,,Э1-51,Пархоменко В. П.,2026-11-30,1,14,знаменатель,false,семинар,347э
Теория вероятностей и математическая статистика,1,,Э1-51(+4),Пархоменко В. П.,2026-12-07,1,15,числитель,false,лекция,525э
Теория вероятностей и математическая статистика,2,,Э4-51(+3),Пархоменко В. П.,2026-12-07,1,15,числитель,false,лекция,525э
Теория вероятностей и математическая статистика,1,,Э1-52(+1),Пархоменко В. П.,2026-12-14,1,16,знаменатель,false,семинар,345э
Теория вероятностей и математическая статистика,3,,Э4-51,Пархоменко В. П.,2026-12-14,1,16,знаменатель,false,семинар,311э
Теория вероятностей и математическая статистика,4,,Э4-52,Пархоменко В. П.,2026-12-14,1,16,знаменатель,false,семинар,347э
Теория вероятностей и математическая статистика,5,,Э1-51,Пархоменко В. П.,2026-12-14,1,16,знаменатель,false,семинар,347э
Теория вероятностей и математическая статистика,1,,Э1-51(+4),Пархоменко В. П.,2026-12-21,1,17,числитель,false,лекция,525э
Теория вероятностей и математическая статистика,2,,Э4-51(+3),Пархоменко В. П.,2026-12-21,1,17,числитель,false,лекция,525э
Теория вероятностей и математическая статистика,1,,Э1-52(+1),Пархоменко В. П.,2026-12-28,1,18,знаменатель,false,семинар,345э
Теория вероятностей и математическая статистика,3,,Э4-51,Пархоменко В. П.,2026-12-28,1,18,знаменатель,false,семинар,311э
Теория вероятностей и математическая статистика,4,,Э4-52,Пархоменко В. П.,2026-12-28,1,18,знаменатель,false,семинар,347э
Теория вероятностей и математическая статистика,5,,Э1-51,Пархоменко В. П.,2026-12-28,1,18,знаменатель,false,семинар,347э
Уравнения математической физики,1,,ФН11-51Б(+4),Покровский И. Л.,2026-09-01,2,1,числитель,false,лекция,212л
Уравнения математической физики,3,,Э3-51,Покровский И. Л.,2026-09-03,4,1,числитель,false,семинар,411э
Уравнения математической физики,5,,Э8-51,Покровский И. Л.,2026-09-03,4,1,числитель,false,семинар,731л
Уравнения математической физики,2,,ФН11-51Б(+4),Покровский И. Л.,2026-09-04,5,1,числитель,false,лекция,212л
Уравнения математической физики,3,,ФН11-51Б,Покровский И. Л.,2026-09-04,5,1,числитель,false,семинар,736л
Уравнения математической физики,4,,ФН11-53Б(+1),Покровский И. Л.,2026-09-04,5,1,числитель,false,семинар,818л
Уравнения математической физики,4,,Э3-51(+3),Покровский И. Л.,2026-09-07,1,2,знаменатель,false,лекция,525э
Уравнения математической физики,2,,ФН11-51Б(+4),Покровский И. Л.,2026-09-11,5,2,знаменатель,false,лекция,212л
Уравнения математической физики,3,,ФН11-51Б,Покровский И. Л.,2026-09-11,5,2,знаменатель,false,семинар,736л
Уравнения математической физики,4,,ФН11-53Б(+1),Покровский И. Л.,2026-09-11,5,2,знаменатель,false,семинар,818л
Уравнения математической физики,1,,ФН11-51Б(+4),Покровский И. Л.,2026-09-15,2,3,числитель,false,лекция,212л
Уравнения математической физики,3,,Э3-51,Покровский И. Л.,2026-09-17,4,3,числитель,false,семинар,411э
Уравнения математической физики,5,,Э8-51,Покровский И. Л.,2026-09-17,4,3,числитель,false,семинар,731л
Уравнения математической физики,2,,ФН11-51Б(+4),Покровский И. Л.,2026-09-18,5,3,числитель,false,лекция,212л
Уравнения математической физики,3,,ФН11-51Б,Покровский И. Л.,2026-09-18,5,3,числитель,false,семинар,736л
Уравнения математической физики,4,,ФН11-53Б(+1),Покровский И. Л.,2026-09-18,5,3,числитель,false,семинар,818л
Уравнения математической физики,4,,Э3-51(+3),Покровский И. Л.,2026-09-21,1,4,знаменатель,false,лекция,525э
Уравнения математической физики,2,,ФН11-51Б(+4),Покровский И. Л.,2026-09-25,5,4,знаменатель,false,лекция,212л
Уравнения математической физики,3,,ФН11-51Б,Покровский И. Л.,2026-09-25,5,4,знаменатель,false,семинар,736л
Уравнения математической физики,4,,ФН11-53Б(+1),Покровский И. Л.,2026-09-25,5,4,знаменатель,false,семинар,818л
Уравнения математической физики,1,,ФН11-51Б(+4),Покровский И. Л.,2026-09-29,2,5,числитель,false,лекция,212л
Уравнения математической физики,3,,Э3-51,Покровский И. Л.,2026-10-01,4,5,числитель,false,семинар,411э
Уравнения математической физики,5,,Э8-51,Покровский И. Л.,2026-10-01,4,5,числитель,false,семинар,731л
Уравнения математической физики,2,,ФН11-51Б(+4),Покровский И. Л.,2026-10-02,5,5,числитель,false,лекция,212л
Уравнения математической физики,3,,ФН11-51Б,Покровский И. Л.,2026-10-02,5,5,числитель,false,семинар,736л
Уравнения математической физики,4,,ФН11-53Б(+1),Покровский И. Л.,2026-10-02,5,5,числитель,false,семинар,818л
Уравнения математической физики,4,,Э3-51(+3),Покровский И. Л.,2026-10-05,1,6,знаменатель,false,лекция,525э
Уравнения математической физики,2,,ФН11-51Б(+4),Покровский И. Л.,2026-10-09,5,6,знаменатель,false,лекция,212л
Уравнения математической физики,3,,ФН11-51Б,Покровский И. Л.,2026-10-09,5,6,знаменатель,false,семинар,736л
Уравнения математической физики,4,,ФН11-53Б(+1),Покровский И. Л.,2026-10-09,5,6,знаменатель,false,семинар,818л
Уравнения математической физики,1,,ФН11-51Б(+4),Покровский И. Л.,2026-10-13,2,7,числитель,false,лекция,212л
Уравнения математической физики,3,,Э3-51,Покровский И. Л.,2026-10-15,4,7,числитель,false,семинар,411э
Уравнения математической физики,5,,Э8-51,Покровский И. Л.,2026-10-15,4,7,числитель,false,семинар,731л
Уравнения математической физики,2,,ФН11-51Б(+4),Покровский И. Л.,2026-10-16,5,7,числитель,false,лекция,212л
Уравнения математической физики,3,,ФН11-51Б,Покровский И. Л.,2026-10-16,5,7,числитель,false,семинар,736л
Уравнения математической физики,4,,ФН11-53Б(+1),Покровский И. Л.,2026-10-16,5,7,числитель,false,семинар,818л
Уравнения математической физики,4,,Э3-51(+3),Покровский И. Л.,2026-10-19,1,8,знаменатель,false,лекция,525э
Уравнения математической физики,2,,ФН11-51Б(+4),Покровский И. Л.,2026-10-23,5,8,знаменатель,false,лекция,212л
Уравнения математической физики,3,,ФН11-51Б,Покровский И. Л.,2026-10-23,5,8,знаменатель,false,семинар,736л
Уравнения математической физики,4,,ФН11-53Б(+1),Покровский И. Л.,2026-10-23,5,8,знаменатель,false,семинар,818л
Уравнения математической физики,1,,ФН11-51Б(+4),Покровский И. Л.,2026-10-27,2,9,числитель,false,лекция,212л
Уравнения математической физики,3,,Э3-51,Покровский И. Л.,2026-10-29,4,9,числитель,false,семинар,411э
Уравнения математической физики,5,,Э8-51,Покровский И. Л.,2026-10-29,4,9,числитель,false,семинар,731л
Уравнения математической физики,2,,ФН11-51Б(+4),Покровский И. Л.,2026-10-30,5,9,числитель,false,лекция,212л
Уравнения математической физики,3,,ФН11-51Б,Покровский И. Л.,2026-10-30,5,9,числитель,false,семинар,736л
Уравнения математической физики,4,,ФН11-53Б(+1),Покровский И. Л.,2026-10-30,5,9,числитель,false,семинар,818л
Уравнения математической физики,4,,Э3-51(+3),Покровский И. Л.,2026-11-02,1,10,знаменатель,false,лекция,525э
Уравнения математической физики,2,,ФН11-51Б(+4),Покровский И. Л.,2026-11-06,5,10,знаменатель,false,лекция,212л
Уравнения математической физики,3,,ФН11-51Б,Покровский И. Л.,2026-11-06,5,10,знаменатель,false,семинар,736л
Уравнения математической физики,4,,ФН11-53Б(+1),Покровский И. Л.,2026-11-06,5,10,знаменатель,false,семинар,818л
Уравнения математической физики,1,,ФН11-51Б(+4),Покровский И. Л.,2026-11-10,2,11,числитель,false,лекция,212л
Уравнения математической физики,3,,Э3-51,Покровский И. Л.,2026-11-12,4,11,числитель,false,семинар,411э
Уравнения математической физики,5,,Э8-51,Покровский И. Л.,2026-11-12,4,11,числитель,false,семинар,731л
Уравнения математической физики,2,,ФН11-51Б(+4),Покровский И. Л.,2026-11-13,5,11,числитель,false,лекция,212л
Уравнения математической физики,3,,ФН11-51Б,Покровский И. Л.,2026-11-13,5,11,числитель,false,семинар,736л
Уравнения математической физики,4,,ФН11-53Б(+1),Покровский И. Л.,2026-11-13,5,11,числитель,false,семинар,818л
Уравнения математической физики,4,,Э3-51(+3),Покровский И. Л.,2026-11-16,1,12,знаменатель,false,лекция,525э
Уравнения математической физики,2,,ФН11-51Б(+4),Покровский И. Л.,2026-11-20,5,12,знаменатель,false,лекция,212л
Уравнения математической физики,3,,ФН11-51Б,Покровский И. Л.,2026-11-20,5,12,знаменатель,false,семинар,736л
Уравнения математической физики,4,,ФН11-53Б(+1),Покровский И. Л.,2026-11-20,5,12,знаменатель,false,семинар,818л
Уравнения математической физики,1,,ФН11-51Б(+4),Покровский И. Л.,2026-11-24,2,13,числитель,false,лекция,212л
Уравнения математической физики,3,,Э3-51,Покровский И. Л.,2026-11-26,4,13,числитель,false,семинар,411э
Уравнения математической физики,5,,Э8-51,Покровский И. Л.,2026-11-26,4,13,числитель,false,семинар,731л
Уравнения математической физики,2,,ФН11-51Б(+4),Покровский И. Л.,2026-11-27,5,13,числитель,false,лекция,212л
Уравнения математической физики,3,,ФН11-51Б,Покровский И. Л.,2026-11-27,5,13,числитель,false,семинар,736л
Уравнения математической физики,4,,ФН11-53Б(+1),Покровский И. Л.,2026-11-27,5,13,числитель,false,семинар,818л
Уравнения математической физики,4,,Э3-51(+3),Покровский И. Л.,2026-11-30,1,14,знаменатель,false,лекция,525э
Уравнения математической физики,2,,ФН11-51Б(+4),Покровский И. Л.,2026-12-04,5,14,знаменатель,false,лекция,212л
Уравнения математической физики,3,,ФН11-51Б,Покровский И. Л.,2026-12-04,5,14,знаменатель,false,семинар,736л
Уравнения математической физики,4,,ФН11-53Б(+1),Покровский И. Л.,2026-12-04,5,14,знаменатель,false,семинар,818л
Уравнения математической физики,1,,ФН11-51Б(+4),Покровский И. Л.,2026-12-08,2,15,числитель,false,лекция,212л
Уравнения математической физики,3,,Э3-51,Покровский И. Л.,2026-12-10,4,15,числитель,false,семинар,411э
Уравнения математической физики,5,,Э8-51,Покровский И. Л.,2026-12-10,4,15,числитель,false,семинар,731л
Уравнения математической физики,2,,ФН11-51Б(+4),Покровский И. Л.,2026-12-11,5,15,числитель,false,лекция,212л
Уравнения математической физики,3,,ФН11-51Б,Покровский И. Л.,2026-12-11,5,15,числитель,false,семинар,736л
Уравнения математической физики,4,,ФН11-53Б(+1),Покровский И. Л.,2026-12-11,5,15,числитель,false,семинар,818л
Уравнения математической физики,4,,Э3-51(+3),Покровский И. Л.,2026-12-14,1,16,знаменатель,false,лекция,525э
Уравнения математической физики,2,,ФН11-51Б(+4),Покровский И. Л.,2026-12-18,5,16,знаменатель,false,лекция,212л
Уравнения математической физики,3,,ФН11-51Б,Покровский И. Л.,2026-12-18,5,16,знаменатель,false,семинар,736л
Уравнения математической физики,4,,ФН11-53Б(+1),Покровский И. Л.,2026-12-18,5,16,знаменатель,false,семинар,818л
Уравнения математической физики,1,,ФН11-51Б(+4),Покровский И. Л.,2026-12-22,2,17,числитель,false,лекция,212л
Уравнения математической физики,3,,Э3-51,Покровский И. Л.,2026-12-24,4,17,числитель,false,семинар,411э
Уравнения математической физики,5,,Э8-51,Покровский И. Л.,2026-12-24,4,17,числитель,false,семинар,731л
Уравнения математической физики,2,,ФН11-51Б(+4),Покровский И. Л.,2026-12-25,5,17,числитель,false,лекция,212л
Уравнения математической физики,3,,ФН11-51Б,Покровский И. Л.,2026-12-25,5,17,числитель,false,семинар,736л
Уравнения математической физики,4,,ФН11-53Б(+1),Покровский И. Л.,2026-12-25,5,17,числитель,false,семинар,818л
Уравнения математической физики,4,,Э3-51(+3),Покровский И. Л.,2026-12-28,1,18,знаменатель,false,лекция,525э
Математический анализ,2,,"Э3-11/6,12/6,13/6; Э7-11/6,12/6; Э8-13/6",Полехина Г. Е.,2026-08-31,1,1,числитель,false,лекция,222л
Математический анализ,3,,Э5-14/6,Полехина Г. Е.,2026-08-31,1,1,числитель,false,семинар,255л
Математический анализ,4,,"Э5-11/6,12/6,14/6,13/6",Полехина Г. Е.,2026-08-31,1,1,числитель,false,лекция,218л
Математический анализ,5,,Э5-14/6,Полехина Г. Е.,2026-08-31,1,1,числитель,false,семинар,935л
Математический анализ,1,,Э4-12/6,Полехина Г. Е.,2026-09-01,2,1,числитель,false,семинар,386
Математический анализ,3,,Э9-11Б,Полехина Г. Е.,2026-09-01,2,1,числитель,false,семинар,145л
Математический анализ,4,,"Э9-11Б,12Б",Полехина Г. Е.,2026-09-01,2,1,числитель,false,лекция,255л
Математический анализ,2,,Э4-14/6,Полехина Г. Е.,2026-09-04,5,1,числитель,false,семинар,623л
Математический анализ,3,,Э4-12/6,Полехина Г. Е.,2026-09-04,5,1,числитель,false,семинар,822л
Математический анализ,2,,"Э3-11/6,12/6,13/6; Э7-11/6,12/6; Э8-13/6",Полехина Г. Е.,2026-09-07,1,2,знаменатель,false,лекция,222л
Математический анализ,4,,"Э5-11/6,12/6,14/6,13/6",Полехина Г. Е.,2026-09-07,1,2,знаменатель,false,лекция,218л
Математический анализ,5,,Э5-14/6,Полехина Г. Е.,2026-09-07,1,2,знаменатель,false,семинар,935л
Математический анализ,6,,Э4-14/6,Полехина Г. Е.,2026-09-07,1,2,знаменатель,false,семинар,935л
Математический анализ,1,,Э4-12/6,Полехина Г. Е.,2026-09-08,2,2,знаменатель,false,семинар,386
Математический анализ,3,,Э9-11Б,Полехина Г. Е.,2026-09-08,2,2,знаменатель,false,семинар,145л
Математический анализ,4,,"Э9-11Б,12Б",Полехина Г. Е.,2026-09-08,2,2,знаменатель,false,лекция,255л
Математический анализ,6,,Э9-11Б,Полехина Г. Е.,2026-09-10,4,2,знаменатель,false,семинар,829л
Математический анализ,2,,Э4-14/6,Полехина Г. Е.,2026-09-11,5,2,знаменатель,false,семинар,623л
Математический анализ,3,,Э4-12/6,Полехина Г. Е.,2026-09-11,5,2,знаменатель,false,семинар,822л
Математический анализ,2,,"Э3-11/6,12/6,13/6; Э7-11/6,12/6; Э8-13/6",Полехина Г. Е.,2026-09-14,1,3,числитель,false,лекция,222л
Математический анализ,3,,Э5-14/6,Полехина Г. Е.,2026-09-14,1,3,числитель,false,семинар,255л
Математический анализ,4,,"Э5-11/6,12/6,14/6,13/6",Полехина Г. Е.,2026-09-14,1,3,числитель,false,лекция,218л
Математический анализ,5,,Э5-14/6,Полехина Г. Е.,2026-09-14,1,3,числитель,false,семинар,935л
Математический анализ,1,,Э4-12/6,Полехина Г. Е.,2026-09-15,2,3,числитель,false,семинар,386
Математический анализ,3,,Э9-11Б,Полехина Г. Е.,2026-09-15,2,3,числитель,false,семинар,145л
Математический анализ,4,,"Э9-11Б,12Б",Полехина Г. Е.,2026-09-15,2,3,числитель,false,лекция,255л
Математический анализ,2,,Э4-14/6,Полехина Г. Е.,2026-09-18,5,3,числитель,false,семинар,623л
Математический анализ,3,,Э4-12/6,Полехина Г. Е.,2026-09-18,5,3,числитель,false,семинар,822л
Математический анализ,2,,"Э3-11/6,12/6,13/6; Э7-11/6,12/6; Э8-13/6",Полехина Г. Е.,2026-09-21,1,4,знаменатель,false,лекция,222л
Математический анализ,4,,"Э5-11/6,12/6,14/6,13/6",Полехина Г. Е.,2026-09-21,1,4,знаменатель,false,лекция,218л
Математический анализ,5,,Э5-14/6,Полехина Г. Е.,2026-09-21,1,4,знаменатель,false,семинар,935л
Математический анализ,6,,Э4-14/6,Полехина Г. Е.,2026-09-21,1,4,знаменатель,false,семинар,935л
Математический анализ,1,,Э4-12/6,Полехина Г. Е.,2026-09-22,2,4,знаменатель,false,семинар,386
Математический анализ,3,,Э9-11Б,Полехина Г. Е.,2026-09-22,2,4,знаменатель,false,семинар,145л
Математический анализ,4,,"Э9-11Б,12Б",Полехина Г. Е.,2026-09-22,2,4,знаменатель,false,лекция,255л
Математический анализ,6,,Э9-11Б,Полехина Г. Е.,2026-09-24,4,4,знаменатель,false,семинар,829л
Математический анализ,2,,Э4-14/6,Полехина Г. Е.,2026-09-25,5,4,знаменатель,false,семинар,623л
Математический анализ,3,,Э4-12/6,Полехина Г. Е.,2026-09-25,5,4,знаменатель,false,семинар,822л
Математический анализ,2,,"Э3-11/6,12/6,13/6; Э7-11/6,12/6; Э8-13/6",Полехина Г. Е.,2026-09-28,1,5,числитель,false,лекция,222л
Математический анализ,3,,Э5-14/6,Полехина Г. Е.,2026-09-28,1,5,числитель,false,семинар,255л
Математический анализ,4,,"Э5-11/6,12/6,14/6,13/6",Полехина Г. Е.,2026-09-28,1,5,числитель,false,лекция,218л
Математический анализ,5,,Э5-14/6,Полехина Г. Е.,2026-09-28,1,5,числитель,false,семинар,935л
Математический анализ,1,,Э4-12/6,Полехина Г. Е.,2026-09-29,2,5,числитель,false,семинар,386
Математический анализ,3,,Э9-11Б,Полехина Г. Е.,2026-09-29,2,5,числитель,false,семинар,145л
Математический анализ,4,,"Э9-11Б,12Б",Полехина Г. Е.,2026-09-29,2,5,числитель,false,лекция,255л
Математический анализ,2,,Э4-14/6,Полехина Г. Е.,2026-10-02,5,5,числитель,false,семинар,623л
Математический анализ,3,,Э4-12/6,Полехина Г. Е.,2026-10-02,5,5,числитель,false,семинар,822л
Математический анализ,2,,"Э3-11/6,12/6,13/6; Э7-11/6,12/6; Э8-13/6",Полехина Г. Е.,2026-10-05,1,6,знаменатель,false,лекция,222л
Математический анализ,4,,"Э5-11/6,12/6,14/6,13/6",Полехина Г. Е.,2026-10-05,1,6,знаменатель,false,лекция,218л
Математический анализ,5,,Э5-14/6,Полехина Г. Е.,2026-10-05,1,6,знаменатель,false,семинар,935л
Математический анализ,6,,Э4-14/6,Полехина Г. Е.,2026-10-05,1,6,знаменатель,false,семинар,935л
Математический анализ,1,,Э4-12/6,Полехина Г. Е.,2026-10-06,2,6,знаменатель,false,семинар,386
Математический анализ,3,,Э9-11Б,Полехина Г. Е.,2026-10-06,2,6,знаменатель,false,семинар,145л
Математический анализ,4,,"Э9-11Б,12Б",Полехина Г. Е.,2026-10-06,2,6,знаменатель,false,лекция,255л
Математический анализ,6,,Э9-11Б,Полехина Г. Е.,2026-10-08,4,6,знаменатель,false,семинар,829л
Математический анализ,2,,Э4-14/6,Полехина Г. Е.,2026-10-09,5,6,знаменатель,false,семинар,623л
Математический анализ,3,,Э4-12/6,Полехина Г. Е.,2026-10-09,5,6,знаменатель,false,семинар,822л
Математический анализ,2,,"Э3-11/6,12/6,13/6; Э7-11/6,12/6; Э8-13/6",Полехина Г. Е.,2026-10-12,1,7,числитель,false,лекция,222л
Математический анализ,3,,Э5-14/6,Полехина Г. Е.,2026-10-12,1,7,числитель,false,семинар,255л
Математический анализ,4,,"Э5-11/6,12/6,14/6,13/6",Полехина Г. Е.,2026-10-12,1,7,числитель,false,лекция,218л
Математический анализ,5,,Э5-14/6,Полехина Г. Е.,2026-10-12,1,7,числитель,false,семинар,935л
Математический анализ,1,,Э4-12/6,Полехина Г. Е.,2026-10-13,2,7,числитель,false,семинар,386
Математический анализ,3,,Э9-11Б,Полехина Г. Е.,2026-10-13,2,7,числитель,false,семинар,145л
Математический анализ,4,,"Э9-11Б,12Б",Полехина Г. Е.,2026-10-13,2,7,числитель,false,лекция,255л
Математический анализ,2,,Э4-14/6,Полехина Г. Е.,2026-10-16,5,7,числитель,false,семинар,623л
Математический анализ,3,,Э4-12/6,Полехина Г. Е.,2026-10-16,5,7,числитель,false,семинар,822л
Математический анализ,2,,"Э3-11/6,12/6,13/6; Э7-11/6,12/6; Э8-13/6",Полехина Г. Е.,2026-10-19,1,8,знаменатель,false,лекция,222л
Математический анализ,4,,"Э5-11/6,12/6,14/6,13/6",Полехина Г. Е.,2026-10-19,1,8,знаменатель,false,лекция,218л
Математический анализ,5,,Э5-14/6,Полехина Г. Е.,2026-10-19,1,8,знаменатель,false,семинар,935л
Математический анализ,6,,Э4-14/6,Полехина Г. Е.,2026-10-19,1,8,знаменатель,false,семинар,935л
Математический анализ,1,,Э4-12/6,Полехина Г. Е.,2026-10-20,2,8,знаменатель,false,семинар,386
Математический анализ,3,,Э9-11Б,Полехина Г. Е.,2026-10-20,2,8,знаменатель,false,семинар,145л
Математический анализ,4,,"Э9-11Б,12Б",Полехина Г. Е.,2026-10-20,2,8,знаменатель,false,лекция,255л
Математический анализ,6,,Э9-11Б,Полехина Г. Е.,2026-10-22,4,8,знаменатель,false,семинар,829л
Математический анализ,2,,Э4-14/6,Полехина Г. Е.,2026-10-23,5,8,знаменатель,false,семинар,623л
Математический анализ,3,,Э4-12/6,Полехина Г. Е.,2026-10-23,5,8,знаменатель,false,семинар,822л
Математический анализ,2,,"Э3-11/6,12/6,13/6; Э7-11/6,12/6; Э8-13/6",Полехина Г. Е.,2026-10-26,1,9,числитель,false,лекция,222л
Математический анализ,3,,Э5-14/6,Полехина Г. Е.,2026-10-26,1,9,числитель,false,семинар,255л
Математический анализ,4,,"Э5-11/6,12/6,14/6,13/6",Полехина Г. Е.,2026-10-26,1,9,числитель,false,лекция,218л
Математический анализ,5,,Э5-14/6,Полехина Г. Е.,2026-10-26,1,9,числитель,false,семинар,935л
Математический анализ,1,,Э4-12/6,Полехина Г. Е.,2026-10-27,2,9,числитель,false,семинар,386
Математический анализ,3,,Э9-11Б,Полехина Г. Е.,2026-10-27,2,9,числитель,false,семинар,145л
Математический анализ,4,,"Э9-11Б,12Б",Полехина Г. Е.,2026-10-27,2,9,числитель,false,лекция,255л
Математический анализ,2,,Э4-14/6,Полехина Г. Е.,2026-10-30,5,9,числитель,false,семинар,623л
Математический анализ,3,,Э4-12/6,Полехина Г. Е.,2026-10-30,5,9,числитель,false,семинар,822л
Математический анализ,2,,"Э3-11/6,12/6,13/6; Э7-11/6,12/6; Э8-13/6",Полехина Г. Е.,2026-11-02,1,10,знаменатель,false,лекция,222л
Математический анализ,4,,"Э5-11/6,12/6,14/6,13/6",Полехина Г. Е.,2026-11-02,1,10,знаменатель,false,лекция,218л
Математический анализ,5,,Э5-14/6,Полехина Г. Е.,2026-11-02,1,10,знаменатель,false,семинар,935л
Математический анализ,6,,Э4-14/6,Полехина Г. Е.,2026-11-02,1,10,знаменатель,false,семинар,935л
Математический анализ,1,,Э4-12/6,Полехина Г. Е.,2026-11-03,2,10,знаменатель,false,семинар,386
Математический анализ,3,,Э9-11Б,Полехина Г. Е.,2026-11-03,2,10,знаменатель,false,семинар,145л
Математический анализ,4,,"Э9-11Б,12Б",Полехина Г. Е.,2026-11-03,2,10,знаменатель,false,лекция,255л
Математический анализ,6,,Э9-11Б,Полехина Г. Е.,2026-11-05,4,10,знаменатель,false,семинар,829л
Математический анализ,2,,Э4-14/6,Полехина Г. Е.,2026-11-06,5,10,знаменатель,false,семинар,623л
Математический анализ,3,,Э4-12/6,Полехина Г. Е.,2026-11-06,5,10,знаменатель,false,семинар,822л
Математический анализ,2,,"Э3-11/6,12/6,13/6; Э7-11/6,12/6; Э8-13/6",Полехина Г. Е.,2026-11-09,1,11,числитель,false,лекция,222л
Математический анализ,3,,Э5-14/6,Полехина Г. Е.,2026-11-09,1,11,числитель,false,семинар,255л
Математический анализ,4,,"Э5-11/6,12/6,14/6,13/6",Полехина Г. Е.,2026-11-09,1,11,числитель,false,лекция,218л
Математический анализ,5,,Э5-14/6,Полехина Г. Е.,2026-11-09,1,11,числитель,false,семинар,935л
Математический анализ,1,,Э4-12/6,Полехина Г. Е.,2026-11-10,2,11,числитель,false,семинар,386
Математический анализ,3,,Э9-11Б,Полехина Г. Е.,2026-11-10,2,11,числитель,false,семинар,145л
Математический анализ,4,,"Э9-11Б,12Б",Полехина Г. Е.,2026-11-10,2,11,числитель,false,лекция,255л
Математический анализ,2,,Э4-14/6,Полехина Г. Е.,2026-11-13,5,11,числитель,false,семинар,623л
Математический анализ,3,,Э4-12/6,Полехина Г. Е.,2026-11-13,5,11,числитель,false,семинар,822л
Математический анализ,2,,"Э3-11/6,12/6,13/6; Э7-11/6,12/6; Э8-13/6",Полехина Г. Е.,2026-11-16,1,12,знаменатель,false,лекция,222л
Математический анализ,4,,"Э5-11/6,12/6,14/6,13/6",Полехина Г. Е.,2026-11-16,1,12,знаменатель,false,лекция,218л
Математический анализ,5,,Э5-14/6,Полехина Г. Е.,2026-11-16,1,12,знаменатель,false,семинар,935л
Математический анализ,6,,Э4-14/6,Полехина Г. Е.,2026-11-16,1,12,знаменатель,false,семинар,935л
Математический анализ,1,,Э4-12/6,Полехина Г. Е.,2026-11-17,2,12,знаменатель,false,семинар,386
Математический анализ,3,,Э9-11Б,Полехина Г. Е.,2026-11-17,2,12,знаменатель,false,семинар,145л
Математический анализ,4,,"Э9-11Б,12Б",Полехина Г. Е.,2026-11-17,2,12,знаменатель,false,лекция,255л
Математический анализ,6,,Э9-11Б,Полехина Г. Е.,2026-11-19,4,12,знаменатель,false,семинар,829л
Математический анализ,2,,Э4-14/6,Полехина Г. Е.,2026-11-20,5,12,знаменатель,false,семинар,623л
Математический анализ,3,,Э4-12/6,Полехина Г. Е.,2026-11-20,5,12,знаменатель,false,семинар,822л
Математический анализ,2,,"Э3-11/6,12/6,13/6; Э7-11/6,12/6; Э8-13/6",Полехина Г. Е.,2026-11-23,1,13,числитель,false,лекция,222л
Математический анализ,3,,Э5-14/6,Полехина Г. Е.,2026-11-23,1,13,числитель,false,семинар,255л
Математический анализ,4,,"Э5-11/6,12/6,14/6,13/6",Полехина Г. Е.,2026-11-23,1,13,числитель,false,лекция,218л
Математический анализ,5,,Э5-14/6,Полехина Г. Е.,2026-11-23,1,13,числитель,false,семинар,935л
Математический анализ,1,,Э4-12/6,Полехина Г. Е.,2026-11-24,2,13,числитель,false,семинар,386
Математический анализ,3,,Э9-11Б,Полехина Г. Е.,2026-11-24,2,13,числитель,false,семинар,145л
Математический анализ,4,,"Э9-11Б,12Б",Полехина Г. Е.,2026-11-24,2,13,числитель,false,лекция,255л
Математический анализ,2,,Э4-14/6,Полехина Г. Е.,2026-11-27,5,13,числитель,false,семинар,623л
Математический анализ,3,,Э4-12/6,Полехина Г. Е.,2026-11-27,5,13,числитель,false,семинар,822л
Математический анализ,2,,"Э3-11/6,12/6,13/6; Э7-11/6,12/6; Э8-13/6",Полехина Г. Е.,2026-11-30,1,14,знаменатель,false,лекция,222л
Математический анализ,4,,"Э5-11/6,12/6,14/6,13/6",Полехина Г. Е.,2026-11-30,1,14,знаменатель,false,лекция,218л
Математический анализ,5,,Э5-14/6,Полехина Г. Е.,2026-11-30,1,14,знаменатель,false,семинар,935л
Математический анализ,6,,Э4-14/6,Полехина Г. Е.,2026-11-30,1,14,знаменатель,false,семинар,935л
Математический анализ,1,,Э4-12/6,Полехина Г. Е.,2026-12-01,2,14,знаменатель,false,семинар,386
Математический анализ,3,,Э9-11Б,Полехина Г. Е.,2026-12-01,2,14,знаменатель,false,семинар,145л
Математический анализ,4,,"Э9-11Б,12Б",Полехина Г. Е.,2026-12-01,2,14,знаменатель,false,лекция,255л
Математический анализ,6,,Э9-11Б,Полехина Г. Е.,2026-12-03,4,14,знаменатель,false,семинар,829л
Математический анализ,2,,Э4-14/6,Полехина Г. Е.,2026-12-04,5,14,знаменатель,false,семинар,623л
Математический анализ,3,,Э4-12/6,Полехина Г. Е.,2026-12-04,5,14,знаменатель,false,семинар,822л
Математический анализ,2,,"Э3-11/6,12/6,13/6; Э7-11/6,12/6; Э8-13/6",Полехина Г. Е.,2026-12-07,1,15,числитель,false,лекция,222л
Математический анализ,3,,Э5-14/6,Полехина Г. Е.,2026-12-07,1,15,числитель,false,семинар,255л
Математический анализ,4,,"Э5-11/6,12/6,14/6,13/6",Полехина Г. Е.,2026-12-07,1,15,числитель,false,лекция,218л
Математический анализ,5,,Э5-14/6,Полехина Г. Е.,2026-12-07,1,15,числитель,false,семинар,935л
Математический анализ,1,,Э4-12/6,Полехина Г. Е.,2026-12-08,2,15,числитель,false,семинар,386
Математический анализ,3,,Э9-11Б,Полехина Г. Е.,2026-12-08,2,15,числитель,false,семинар,145л
Математический анализ,4,,"Э9-11Б,12Б",Полехина Г. Е.,2026-12-08,2,15,числитель,false,лекция,255л
Математический анализ,2,,Э4-14/6,Полехина Г. Е.,2026-12-11,5,15,числитель,false,семинар,623л
Математический анализ,3,,Э4-12/6,Полехина Г. Е.,2026-12-11,5,15,числитель,false,семинар,822л
Математический анализ,2,,"Э3-11/6,12/6,13/6; Э7-11/6,12/6; Э8-13/6",Полехина Г. Е.,2026-12-14,1,16,знаменатель,false,лекция,222л
Математический анализ,4,,"Э5-11/6,12/6,14/6,13/6",Полехина Г. Е.,2026-12-14,1,16,знаменатель,false,лекция,218л
Математический анализ,5,,Э5-14/6,Полехина Г. Е.,2026-12-14,1,16,знаменатель,false,семинар,935л
Математический анализ,6,,Э4-14/6,Полехина Г. Е.,2026-12-14,1,16,знаменатель,false,семинар,935л
Математический анализ,1,,Э4-12/6,Полехина Г. Е.,2026-12-15,2,16,знаменатель,false,семинар,386
Математический анализ,3,,Э9-11Б,Полехина Г. Е.,2026-12-15,2,16,знаменатель,false,семинар,145л
Математический анализ,4,,"Э9-11Б,12Б",Полехина Г. Е.,2026-12-15,2,16,знаменатель,false,лекция,255л
Математический анализ,6,,Э9-11Б,Полехина Г. Е.,2026-12-17,4,16,знаменатель,false,семинар,829л
Математический анализ,2,,Э4-14/6,Полехина Г. Е.,2026-12-18,5,16,знаменатель,false,семинар,623л
Математический анализ,3,,Э4-12/6,Полехина Г. Е.,2026-12-18,5,16,знаменатель,false,семинар,822л
Математический анализ,2,,"Э3-11/6,12/6,13/6; Э7-11/6,12/6; Э8-13/6",Полехина Г. Е.,2026-12-21,1,17,числитель,false,лекция,222л
Математический анализ,3,,Э5-14/6,Полехина Г. Е.,2026-12-21,1,17,числитель,false,семинар,255л
Математический анализ,4,,"Э5-11/6,12/6,14/6,13/6",Полехина Г. Е.,2026-12-21,1,17,числитель,false,лекция,218л
Математический анализ,5,,Э5-14/6,Полехина Г. Е.,2026-12-21,1,17,числитель,false,семинар,935л
Математический анализ,1,,Э4-12/6,Полехина Г. Е.,2026-12-22,2,17,числитель,false,семинар,386
Математический анализ,3,,Э9-11Б,Полехина Г. Е.,2026-12-22,2,17,числитель,false,семинар,145л
Математический анализ,4,,"Э9-11Б,12Б",Полехина Г. Е.,2026-12-22,2,17,числитель,false,лекция,255л
Математический анализ,2,,Э4-14/6,Полехина Г. Е.,2026-12-25,5,17,числитель,false,семинар,623л
Математический анализ,3,,Э4-12/6,Полехина Г. Е.,2026-12-25,5,17,числитель,false,семинар,822л
Математический анализ,2,,"Э3-11/6,12/6,13/6; Э7-11/6,12/6; Э8-13/6",Полехина Г. Е.,2026-12-28,1,18,знаменатель,false,лекция,222л
Математический анализ,4,,"Э5-11/6,12/6,14/6,13/6",Полехина Г. Е.,2026-12-28,1,18,знаменатель,false,лекция,218л
Математический анализ,5,,Э5-14/6,Полехина Г. Е.,2026-12-28,1,18,знаменатель,false,семинар,935л
Математический анализ,6,,Э4-14/6,Полехина Г. Е.,2026-12-28,1,18,знаменатель,false,семинар,935л
Математический анализ,1,,Э4-12/6,Полехина Г. Е.,2026-12-29,2,18,знаменатель,false,семинар,386
Математический анализ,3,,Э9-11Б,Полехина Г. Е.,2026-12-29,2,18,знаменатель,false,семинар,145л
Математический анализ,4,,"Э9-11Б,12Б",Полехина Г. Е.,2026-12-29,2,18,знаменатель,false,лекция,255л
Математический анализ,6,,Э9-11Б,Полехина Г. Е.,2026-12-31,4,18,знаменатель,false,семинар,829л
Аналитическая геометрия,3,,ФН11-11/6,Прозоровский А. А.,2026-08-31,1,1,числитель,false,семинар,923л
Аналитическая геометрия,5,,"ФН11-11/6,12/6",Прозоровский А. А.,2026-08-31,1,1,числитель,false,лекция,228л
Аналитическая геометрия,6,,ФН11-11/6,Прозоровский А. А.,2026-08-31,1,1,числитель,false,семинар,922л
Уравнения математической физики,3,,ФН11-52Б,Прозоровский А. А.,2026-09-01,2,1,числитель,false,семинар,924л
Уравнения математической физики,4,,ФН11-54Б,Прозоровский А. А.,2026-09-01,2,1,числитель,false,семинар,924л
Аналитическая геометрия,1,,Э8-11/6(+5),Прозоровский А. А.,2026-09-03,4,1,числитель,false,лекция,218л
Дифференциальные уравнения,4,,ФН11-33Б,Прозоровский А. А.,2026-09-03,4,1,числитель,false,семинар,922л
Дифференциальные уравнения,5,,ФН11-31Б(+4),Прозоровский А. А.,2026-09-03,4,1,числитель,false,лекция,212л
Аналитическая геометрия,5,,"ФН11-11/6,12/6",Прозоровский А. А.,2026-09-07,1,2,знаменатель,false,лекция,228л
Уравнения математической физики,5,,ФН11-54Б,Прозоровский А. А.,2026-09-07,1,2,знаменатель,false,семинар,935л
Аналитическая геометрия,6,,ФН11-11/6,Прозоровский А. А.,2026-09-07,1,2,знаменатель,false,семинар,922л
Уравнения математической физики,3,,ФН11-52Б,Прозоровский А. А.,2026-09-08,2,2,знаменатель,false,семинар,924л
Аналитическая геометрия,1,,Э8-11/6(+5),Прозоровский А. А.,2026-09-10,4,2,знаменатель,false,лекция,218л
Дифференциальные уравнения,4,,ФН11-33Б,Прозоровский А. А.,2026-09-10,4,2,знаменатель,false,семинар,922л
Дифференциальные уравнения,5,,ФН11-31Б(+4),Прозоровский А. А.,2026-09-10,4,2,знаменатель,false,лекция,212л
Аналитическая геометрия,3,,ФН11-11/6,Прозоровский А. А.,2026-09-14,1,3,числитель,false,семинар,923л
Аналитическая геометрия,5,,"ФН11-11/6,12/6",Прозоровский А. А.,2026-09-14,1,3,числитель,false,лекция,228л
Аналитическая геометрия,6,,ФН11-11/6,Прозоровский А. А.,2026-09-14,1,3,числитель,false,семинар,922л
Уравнения математической физики,3,,ФН11-52Б,Прозоровский А. А.,2026-09-15,2,3,числитель,false,семинар,924л
Уравнения математической физики,4,,ФН11-54Б,Прозоровский А. А.,2026-09-15,2,3,числитель,false,семинар,924л
Аналитическая геометрия,1,,Э8-11/6(+5),Прозоровский А. А.,2026-09-17,4,3,числитель,false,лекция,218л
Дифференциальные уравнения,4,,ФН11-33Б,Прозоровский А. А.,2026-09-17,4,3,числитель,false,семинар,922л
Дифференциальные уравнения,5,,ФН11-31Б(+4),Прозоровский А. А.,2026-09-17,4,3,числитель,false,лекция,212л
Аналитическая геометрия,5,,"ФН11-11/6,12/6",Прозоровский А. А.,2026-09-21,1,4,знаменатель,false,лекция,228л
Уравнения математической физики,5,,ФН11-54Б,Прозоровский А. А.,2026-09-21,1,4,знаменатель,false,семинар,935л
Аналитическая геометрия,6,,ФН11-11/6,Прозоровский А. А.,2026-09-21,1,4,знаменатель,false,семинар,922л
Уравнения математической физики,3,,ФН11-52Б,Прозоровский А. А.,2026-09-22,2,4,знаменатель,false,семинар,924л
Аналитическая геометрия,1,,Э8-11/6(+5),Прозоровский А. А.,2026-09-24,4,4,знаменатель,false,лекция,218л
Дифференциальные уравнения,4,,ФН11-33Б,Прозоровский А. А.,2026-09-24,4,4,знаменатель,false,семинар,922л
Дифференциальные уравнения,5,,ФН11-31Б(+4),Прозоровский А. А.,2026-09-24,4,4,знаменатель,false,лекция,212л
Аналитическая геометрия,3,,ФН11-11/6,Прозоровский А. А.,2026-09-28,1,5,числитель,false,семинар,923л
Аналитическая геометрия,5,,"ФН11-11/6,12/6",Прозоровский А. А.,2026-09-28,1,5,числитель,false,лекция,228л
Аналитическая геометрия,6,,ФН11-11/6,Прозоровский А. А.,2026-09-28,1,5,числитель,false,семинар,922л
Уравнения математической физики,3,,ФН11-52Б,Прозоровский А. А.,2026-09-29,2,5,числитель,false,семинар,924л
Уравнения математической физики,4,,ФН11-54Б,Прозоровский А. А.,2026-09-29,2,5,числитель,false,семинар,924л
Аналитическая геометрия,1,,Э8-11/6(+5),Прозоровский А. А.,2026-10-01,4,5,числитель,false,лекция,218л
Дифференциальные уравнения,4,,ФН11-33Б,Прозоровский А. А.,2026-10-01,4,5,числитель,false,семинар,922л
Дифференциальные уравнения,5,,ФН11-31Б(+4),Прозоровский А. А.,2026-10-01,4,5,числитель,false,лекция,212л
Аналитическая геометрия,5,,"ФН11-11/6,12/6",Прозоровский А. А.,2026-10-05,1,6,знаменатель,false,лекция,228л
Уравнения математической физики,5,,ФН11-54Б,Прозоровский А. А.,2026-10-05,1,6,знаменатель,false,семинар,935л
Аналитическая геометрия,6,,ФН11-11/6,Прозоровский А. А.,2026-10-05,1,6,знаменатель,false,семинар,922л
Уравнения математической физики,3,,ФН11-52Б,Прозоровский А. А.,2026-10-06,2,6,знаменатель,false,семинар,924л
Аналитическая геометрия,1,,Э8-11/6(+5),Прозоровский А. А.,2026-10-08,4,6,знаменатель,false,лекция,218л
Дифференциальные уравнения,4,,ФН11-33Б,Прозоровский А. А.,2026-10-08,4,6,знаменатель,false,семинар,922л
Дифференциальные уравнения,5,,ФН11-31Б(+4),Прозоровский А. А.,2026-10-08,4,6,знаменатель,false,лекция,212л
Аналитическая геометрия,3,,ФН11-11/6,Прозоровский А. А.,2026-10-12,1,7,числитель,false,семинар,923л
Аналитическая геометрия,5,,"ФН11-11/6,12/6",Прозоровский А. А.,2026-10-12,1,7,числитель,false,лекция,228л
Аналитическая геометрия,6,,ФН11-11/6,Прозоровский А. А.,2026-10-12,1,7,числитель,false,семинар,922л
Уравнения математической физики,3,,ФН11-52Б,Прозоровский А. А.,2026-10-13,2,7,числитель,false,семинар,924л
Уравнения математической физики,4,,ФН11-54Б,Прозоровский А. А.,2026-10-13,2,7,числитель,false,семинар,924л
Аналитическая геометрия,1,,Э8-11/6(+5),Прозоровский А. А.,2026-10-15,4,7,числитель,false,лекция,218л
Дифференциальные уравнения,4,,ФН11-33Б,Прозоровский А. А.,2026-10-15,4,7,числитель,false,семинар,922л
Дифференциальные уравнения,5,,ФН11-31Б(+4),Прозоровский А. А.,2026-10-15,4,7,числитель,false,лекция,212л
Аналитическая геометрия,5,,"ФН11-11/6,12/6",Прозоровский А. А.,2026-10-19,1,8,знаменатель,false,лекция,228л
Уравнения математической физики,5,,ФН11-54Б,Прозоровский А. А.,2026-10-19,1,8,знаменатель,false,семинар,935л
Аналитическая геометрия,6,,ФН11-11/6,Прозоровский А. А.,2026-10-19,1,8,знаменатель,false,семинар,922л
Уравнения математической физики,3,,ФН11-52Б,Прозоровский А. А.,2026-10-20,2,8,знаменатель,false,семинар,924л
Аналитическая геометрия,1,,Э8-11/6(+5),Прозоровский А. А.,2026-10-22,4,8,знаменатель,false,лекция,218л
Дифференциальные уравнения,4,,ФН11-33Б,Прозоровский А. А.,2026-10-22,4,8,знаменатель,false,семинар,922л
Дифференциальные уравнения,5,,ФН11-31Б(+4),Прозоровский А. А.,2026-10-22,4,8,знаменатель,false,лекция,212л
Аналитическая геометрия,3,,ФН11-11/6,Прозоровский А. А.,2026-10-26,1,9,числитель,false,семинар,923л
Аналитическая геометрия,5,,"ФН11-11/6,12/6",Прозоровский А. А.,2026-10-26,1,9,числитель,false,лекция,228л
Аналитическая геометрия,6,,ФН11-11/6,Прозоровский А. А.,2026-10-26,1,9,числитель,false,семинар,922л
Уравнения математической физики,3,,ФН11-52Б,Прозоровский А. А.,2026-10-27,2,9,числитель,false,семинар,924л
Уравнения математической физики,4,,ФН11-54Б,Прозоровский А. А.,2026-10-27,2,9,числитель,false,семинар,924л
Аналитическая геометрия,1,,Э8-11/6(+5),Прозоровский А. А.,2026-10-29,4,9,числитель,false,лекция,218л
Дифференциальные уравнения,4,,ФН11-33Б,Прозоровский А. А.,2026-10-29,4,9,числитель,false,семинар,922л
Дифференциальные уравнения,5,,ФН11-31Б(+4),Прозоровский А. А.,2026-10-29,4,9,числитель,false,лекция,212л
Аналитическая геометрия,5,,"ФН11-11/6,12/6",Прозоровский А. А.,2026-11-02,1,10,знаменатель,false,лекция,228л
Уравнения математической физики,5,,ФН11-54Б,Прозоровский А. А.,2026-11-02,1,10,знаменатель,false,семинар,935л
Аналитическая геометрия,6,,ФН11-11/6,Прозоровский А. А.,2026-11-02,1,10,знаменатель,false,семинар,922л
Уравнения математической физики,3,,ФН11-52Б,Прозоровский А. А.,2026-11-03,2,10,знаменатель,false,семинар,924л
Аналитическая геометрия,1,,Э8-11/6(+5),Прозоровский А. А.,2026-11-05,4,10,знаменатель,false,лекция,218л
Дифференциальные уравнения,4,,ФН11-33Б,Прозоровский А. А.,2026-11-05,4,10,знаменатель,false,семинар,922л
Дифференциальные уравнения,5,,ФН11-31Б(+4),Прозоровский А. А.,2026-11-05,4,10,знаменатель,false,лекция,212л
Аналитическая геометрия,3,,ФН11-11/6,Прозоровский А. А.,2026-11-09,1,11,числитель,false,семинар,923л
Аналитическая геометрия,5,,"ФН11-11/6,12/6",Прозоровский А. А.,2026-11-09,1,11,числитель,false,лекция,228л
Аналитическая геометрия,6,,ФН11-11/6,Прозоровский А. А.,2026-11-09,1,11,числитель,false,семинар,922л
Уравнения математической физики,3,,ФН11-52Б,Прозоровский А. А.,2026-11-10,2,11,числитель,false,семинар,924л
Уравнения математической физики,4,,ФН11-54Б,Прозоровский А. А.,2026-11-10,2,11,числитель,false,семинар,924л
Аналитическая геометрия,1,,Э8-11/6(+5),Прозоровский А. А.,2026-11-12,4,11,числитель,false,лекция,218л
Дифференциальные уравнения,4,,ФН11-33Б,Прозоровский А. А.,2026-11-12,4,11,числитель,false,семинар,922л
Дифференциальные уравнения,5,,ФН11-31Б(+4),Прозоровский А. А.,2026-11-12,4,11,числитель,false,лекция,212л
Аналитическая геометрия,5,,"ФН11-11/6,12/6",Прозоровский А. А.,2026-11-16,1,12,знаменатель,false,лекция,228л
Уравнения математической физики,5,,ФН11-54Б,Прозоровский А. А.,2026-11-16,1,12,знаменатель,false,семинар,935л
Аналитическая геометрия,6,,ФН11-11/6,Прозоровский А. А.,2026-11-16,1,12,знаменатель,false,семинар,922л
Уравнения математической физики,3,,ФН11-52Б,Прозоровский А. А.,2026-11-17,2,12,знаменатель,false,семинар,924л
Аналитическая геометрия,1,,Э8-11/6(+5),Прозоровский А. А.,2026-11-19,4,12,знаменатель,false,лекция,218л
Дифференциальные уравнения,4,,ФН11-33Б,Прозоровский А. А.,2026-11-19,4,12,знаменатель,false,семинар,922л
Дифференциальные уравнения,5,,ФН11-31Б(+4),Прозоровский А. А.,2026-11-19,4,12,знаменатель,false,лекция,212л
Аналитическая геометрия,3,,ФН11-11/6,Прозоровский А. А.,2026-11-23,1,13,числитель,false,семинар,923л
Аналитическая геометрия,5,,"ФН11-11/6,12/6",Прозоровский А. А.,2026-11-23,1,13,числитель,false,лекция,228л
Аналитическая геометрия,6,,ФН11-11/6,Прозоровский А. А.,2026-11-23,1,13,числитель,false,семинар,922л
Уравнения математической физики,3,,ФН11-52Б,Прозоровский А. А.,2026-11-24,2,13,числитель,false,семинар,924л
Уравнения математической физики,4,,ФН11-54Б,Прозоровский А. А.,2026-11-24,2,13,числитель,false,семинар,924л
Аналитическая геометрия,1,,Э8-11/6(+5),Прозоровский А. А.,2026-11-26,4,13,числитель,false,лекция,218л
Дифференциальные уравнения,4,,ФН11-33Б,Прозоровский А. А.,2026-11-26,4,13,числитель,false,семинар,922л
Дифференциальные уравнения,5,,ФН11-31Б(+4),Прозоровский А. А.,2026-11-26,4,13,числитель,false,лекция,212л
Аналитическая геометрия,5,,"ФН11-11/6,12/6",Прозоровский А. А.,2026-11-30,1,14,знаменатель,false,лекция,228л
Уравнения математической физики,5,,ФН11-54Б,Прозоровский А. А.,2026-11-30,1,14,знаменатель,false,семинар,935л
Аналитическая геометрия,6,,ФН11-11/6,Прозоровский А. А.,2026-11-30,1,14,знаменатель,false,семинар,922л
Уравнения математической физики,3,,ФН11-52Б,Прозоровский А. А.,2026-12-01,2,14,знаменатель,false,семинар,924л
Аналитическая геометрия,1,,Э8-11/6(+5),Прозоровский А. А.,2026-12-03,4,14,знаменатель,false,лекция,218л
Дифференциальные уравнения,4,,ФН11-33Б,Прозоровский А. А.,2026-12-03,4,14,знаменатель,false,семинар,922л
Дифференциальные уравнения,5,,ФН11-31Б(+4),Прозоровский А. А.,2026-12-03,4,14,знаменатель,false,лекция,212л
Аналитическая геометрия,3,,ФН11-11/6,Прозоровский А. А.,2026-12-07,1,15,числитель,false,семинар,923л
Аналитическая геометрия,5,,"ФН11-11/6,12/6",Прозоровский А. А.,2026-12-07,1,15,числитель,false,лекция,228л
Аналитическая геометрия,6,,ФН11-11/6,Прозоровский А. А.,2026-12-07,1,15,числитель,false,семинар,922л
Уравнения математической физики,3,,ФН11-52Б,Прозоровский А. А.,2026-12-08,2,15,числитель,false,семинар,924л
Уравнения математической физики,4,,ФН11-54Б,Прозоровский А. А.,2026-12-08,2,15,числитель,false,семинар,924л
Аналитическая геометрия,1,,Э8-11/6(+5),Прозоровский А. А.,2026-12-10,4,15,числитель,false,лекция,218л
Дифференциальные уравнения,4,,ФН11-33Б,Прозоровский А. А.,2026-12-10,4,15,числитель,false,семинар,922л
Дифференциальные уравнения,5,,ФН11-31Б(+4),Прозоровский А. А.,2026-12-10,4,15,числитель,false,лекция,212л
Аналитическая геометрия,5,,"ФН11-11/6,12/6",Прозоровский А. А.,2026-12-14,1,16,знаменатель,false,лекция,228л
Уравнения математической физики,5,,ФН11-54Б,Прозоровский А. А.,2026-12-14,1,16,знаменатель,false,семинар,935л
Аналитическая геометрия,6,,ФН11-11/6,Прозоровский А. А.,2026-12-14,1,16,знаменатель,false,семинар,922л
Уравнения математической физики,3,,ФН11-52Б,Прозоровский А. А.,2026-12-15,2,16,знаменатель,false,семинар,924л
Аналитическая геометрия,1,,Э8-11/6(+5),Прозоровский А. А.,2026-12-17,4,16,знаменатель,false,лекция,218л
Дифференциальные уравнения,4,,ФН11-33Б,Прозоровский А. А.,2026-12-17,4,16,знаменатель,false,семинар,922л
Дифференциальные уравнения,5,,ФН11-31Б(+4),Прозоровский А. А.,2026-12-17,4,16,знаменатель,false,лекция,212л
Аналитическая геометрия,3,,ФН11-11/6,Прозоровский А. А.,2026-12-21,1,17,числитель,false,семинар,923л
Аналитическая геометрия,5,,"ФН11-11/6,12/6",Прозоровский А. А.,2026-12-21,1,17,числитель,false,лекция,228л
Аналитическая геометрия,6,,ФН11-11/6,Прозоровский А. А.,2026-12-21,1,17,числитель,false,семинар,922л
Уравнения математической физики,3,,ФН11-52Б,Прозоровский А. А.,2026-12-22,2,17,числитель,false,семинар,924л
Уравнения математической физики,4,,ФН11-54Б,Прозоровский А. А.,2026-12-22,2,17,числитель,false,семинар,924л
Аналитическая геометрия,1,,Э8-11/6(+5),Прозоровский А. А.,2026-12-24,4,17,числитель,false,лекция,218л
Дифференциальные уравнения,4,,ФН11-33Б,Прозоровский А. А.,2026-12-24,4,17,числитель,false,семинар,922л
Дифференциальные уравнения,5,,ФН11-31Б(+4),Прозоровский А. А.,2026-12-24,4,17,числитель,false,лекция,212л
Аналитическая геометрия,5,,"ФН11-11/6,12/6",Прозоровский А. А.,2026-12-28,1,18,знаменатель,false,лекция,228л
Уравнения математической физики,5,,ФН11-54Б,Прозоровский А. А.,2026-12-28,1,18,знаменатель,false,семинар,935л
Аналитическая геометрия,6,,ФН11-11/6,Прозоровский А. А.,2026-12-28,1,18,знаменатель,false,семинар,922л
Уравнения математической физики,3,,ФН11-52Б,Прозоровский А. А.,2026-12-29,2,18,знаменатель,false,семинар,924л
Аналитическая геометрия,1,,Э8-11/6(+5),Прозоровский А. А.,2026-12-31,4,18,знаменатель,false,лекция,218л
Дифференциальные уравнения,4,,ФН11-33Б,Прозоровский А. А.,2026-12-31,4,18,знаменатель,false,семинар,922л
Дифференциальные уравнения,5,,ФН11-31Б(+4),Прозоровский А. А.,2026-12-31,4,18,знаменатель,false,лекция,212л
Математический анализ,1,,Э8-12/6,Рымкулов Д. Р.,2026-09-04,5,1,числитель,false,семинар,384
Математический анализ,5,,Э8-12/6,Рымкулов Д. Р.,2026-09-05,6,1,числитель,false,семинар,924л
Математический анализ,5,,Э8-12/6,Рымкулов Д. Р.,2026-09-12,6,2,знаменатель,false,семинар,736л
Математический анализ,1,,Э8-12/6,Рымкулов Д. Р.,2026-09-18,5,3,числитель,false,семинар,384
Математический анализ,5,,Э8-12/6,Рымкулов Д. Р.,2026-09-19,6,3,числитель,false,семинар,924л
Математический анализ,5,,Э8-12/6,Рымкулов Д. Р.,2026-09-26,6,4,знаменатель,false,семинар,736л
Математический анализ,1,,Э8-12/6,Рымкулов Д. Р.,2026-10-02,5,5,числитель,false,семинар,384
Математический анализ,5,,Э8-12/6,Рымкулов Д. Р.,2026-10-03,6,5,числитель,false,семинар,924л
Математический анализ,5,,Э8-12/6,Рымкулов Д. Р.,2026-10-10,6,6,знаменатель,false,семинар,736л
Математический анализ,1,,Э8-12/6,Рымкулов Д. Р.,2026-10-16,5,7,числитель,false,семинар,384
Математический анализ,5,,Э8-12/6,Рымкулов Д. Р.,2026-10-17,6,7,числитель,false,семинар,924л
Математический анализ,5,,Э8-12/6,Рымкулов Д. Р.,2026-10-24,6,8,знаменатель,false,семинар,736л
Математический анализ,1,,Э8-12/6,Рымкулов Д. Р.,2026-10-30,5,9,числитель,false,семинар,384
Математический анализ,5,,Э8-12/6,Рымкулов Д. Р.,2026-10-31,6,9,числитель,false,семинар,924л
Математический анализ,5,,Э8-12/6,Рымкулов Д. Р.,2026-11-07,6,10,знаменатель,false,семинар,736л
Математический анализ,1,,Э8-12/6,Рымкулов Д. Р.,2026-11-13,5,11,числитель,false,семинар,384
Математический анализ,5,,Э8-12/6,Рымкулов Д. Р.,2026-11-14,6,11,числитель,false,семинар,924л
Математический анализ,5,,Э8-12/6,Рымкулов Д. Р.,2026-11-21,6,12,знаменатель,false,семинар,736л
Математический анализ,1,,Э8-12/6,Рымкулов Д. Р.,2026-11-27,5,13,числитель,false,семинар,384
Математический анализ,5,,Э8-12/6,Рымкулов Д. Р.,2026-11-28,6,13,числитель,false,семинар,924л
Математический анализ,5,,Э8-12/6,Рымкулов Д. Р.,2026-12-05,6,14,знаменатель,false,семинар,736л
Математический анализ,1,,Э8-12/6,Рымкулов Д. Р.,2026-12-11,5,15,числитель,false,семинар,384
Математический анализ,5,,Э8-12/6,Рымкулов Д. Р.,2026-12-12,6,15,числитель,false,семинар,924л
Математический анализ,5,,Э8-12/6,Рымкулов Д. Р.,2026-12-19,6,16,знаменатель,false,семинар,736л
Математический анализ,1,,Э8-12/6,Рымкулов Д. Р.,2026-12-25,5,17,числитель,false,семинар,384
Математический анализ,5,,Э8-12/6,Рымкулов Д. Р.,2026-12-26,6,17,числитель,false,семинар,924л
Доп глав мех комп,5,,ФН11-31М,Сергеева Е. С.,2026-09-04,5,1,числитель,false,лекция,935л
Доп глав мех комп,6,,ФН11-31М,Сергеева Е. С.,2026-09-04,5,1,числитель,false,лекция,935л
Доп глав мех комп,7,,ФН11-31М,Сергеева Е. С.,2026-09-04,5,1,числитель,false,семинар,935л
Доп глав мех комп,5,,ФН11-31М,Сергеева Е. С.,2026-09-18,5,3,числитель,false,лекция,935л
Доп глав мех комп,6,,ФН11-31М,Сергеева Е. С.,2026-09-18,5,3,числитель,false,лекция,935л
Доп глав мех комп,7,,ФН11-31М,Сергеева Е. С.,2026-09-18,5,3,числитель,false,семинар,935л
Доп глав мех комп,5,,ФН11-31М,Сергеева Е. С.,2026-10-02,5,5,числитель,false,лекция,935л
Доп глав мех комп,6,,ФН11-31М,Сергеева Е. С.,2026-10-02,5,5,числитель,false,лекция,935л
Доп глав мех комп,7,,ФН11-31М,Сергеева Е. С.,2026-10-02,5,5,числитель,false,семинар,935л
Доп глав мех комп,5,,ФН11-31М,Сергеева Е. С.,2026-10-16,5,7,числитель,false,лекция,935л
Доп глав мех комп,6,,ФН11-31М,Сергеева Е. С.,2026-10-16,5,7,числитель,false,лекция,935л
Доп глав мех комп,7,,ФН11-31М,Сергеева Е. С.,2026-10-16,5,7,числитель,false,семинар,935л
Доп глав мех комп,5,,ФН11-31М,Сергеева Е. С.,2026-10-30,5,9,числитель,false,лекция,935л
Доп глав мех комп,6,,ФН11-31М,Сергеева Е. С.,2026-10-30,5,9,числитель,false,лекция,935л
Доп глав мех комп,7,,ФН11-31М,Сергеева Е. С.,2026-10-30,5,9,числитель,false,семинар,935л
Доп глав мех комп,5,,ФН11-31М,Сергеева Е. С.,2026-11-13,5,11,числитель,false,лекция,935л
Доп глав мех комп,6,,ФН11-31М,Сергеева Е. С.,2026-11-13,5,11,числитель,false,лекция,935л
Доп глав мех комп,7,,ФН11-31М,Сергеева Е. С.,2026-11-13,5,11,числитель,false,семинар,935л
Доп глав мех комп,5,,ФН11-31М,Сергеева Е. С.,2026-11-27,5,13,числитель,false,лекция,935л
Доп глав мех комп,6,,ФН11-31М,Сергеева Е. С.,2026-11-27,5,13,числитель,false,лекция,935л
Доп глав мех комп,7,,ФН11-31М,Сергеева Е. С.,2026-11-27,5,13,числитель,false,семинар,935л
Доп глав мех комп,5,,ФН11-31М,Сергеева Е. С.,2026-12-11,5,15,числитель,false,лекция,935л
Доп глав мех комп,6,,ФН11-31М,Сергеева Е. С.,2026-12-11,5,15,числитель,false,лекция,935л
Доп глав мех комп,7,,ФН11-31М,Сергеева Е. С.,2026-12-11,5,15,числитель,false,семинар,935л
Доп глав мех комп,5,,ФН11-31М,Сергеева Е. С.,2026-12-25,5,17,числитель,false,лекция,935л
Доп глав мех комп,6,,ФН11-31М,Сергеева Е. С.,2026-12-25,5,17,числитель,false,лекция,935л
Доп глав мех комп,7,,ФН11-31М,Сергеева Е. С.,2026-12-25,5,17,числитель,false,семинар,935л
Кратные интегралы и ряды,3,,Э7-32,Скуднева О. В.,2026-09-01,2,1,числитель,false,семинар,829л
Кратные интегралы и ряды,1,,Э1-31,Скуднева О. В.,2026-09-02,3,1,числитель,false,семинар,829л
Кратные интегралы и ряды,2,,"Э3-31,32,33; Э6-31; Э8-31",Скуднева О. В.,2026-09-02,3,1,числитель,false,лекция,218л
Кратные интегралы и ряды,3,,Э3-31,Скуднева О. В.,2026-09-02,3,1,числитель,false,семинар,924л
Кратные интегралы и ряды,1,,Э7-32,Скуднева О. В.,2026-09-03,4,1,числитель,false,семинар,924л
Теория функций комплексного переменного и операционное исчисление,2,,ФН7-31Б,Скуднева О. В.,2026-09-03,4,1,числитель,false,лекция,924л
Теория функций комплексного переменного и операционное исчисление,3,,ФН7-31Б,Скуднева О. В.,2026-09-03,4,1,числитель,false,семинар,617л
Кратные интегралы и ряды,4,,"Э1-31,32,33; Э2-31",Скуднева О. В.,2026-09-03,4,1,числитель,false,лекция,218л
Кратные интегралы и ряды,1,,Э3-31,Скуднева О. В.,2026-09-04,5,1,числитель,false,семинар,922л
Кратные интегралы и ряды,2,,Э1-31,Скуднева О. В.,2026-09-04,5,1,числитель,false,семинар,922л
"Кратные и криволинейные интегралы, ряды",4,,ФН11-34Б(+1),Скуднева О. В.,2026-09-04,5,1,числитель,false,семинар,922л
Кратные интегралы и ряды,3,,Э7-32,Скуднева О. В.,2026-09-08,2,2,знаменатель,false,семинар,829л
Кратные интегралы и ряды,1,,Э1-31,Скуднева О. В.,2026-09-09,3,2,знаменатель,false,семинар,922л
Кратные интегралы и ряды,2,,"Э3-31,32,33; Э6-31; Э8-31",Скуднева О. В.,2026-09-09,3,2,знаменатель,false,лекция,218л
Кратные интегралы и ряды,3,,Э3-31,Скуднева О. В.,2026-09-09,3,2,знаменатель,false,семинар,924л
Теория функций комплексного переменного и операционное исчисление,2,,ФН7-31Б,Скуднева О. В.,2026-09-10,4,2,знаменатель,false,лекция,924л
Теория функций комплексного переменного и операционное исчисление,3,,ФН7-31Б,Скуднева О. В.,2026-09-10,4,2,знаменатель,false,семинар,617л
Кратные интегралы и ряды,4,,"Э1-31,32,33; Э2-31",Скуднева О. В.,2026-09-10,4,2,знаменатель,false,лекция,218л
"Кратные и криволинейные интегралы, ряды",2,,ФН11-34Б(+1),Скуднева О. В.,2026-09-11,5,2,знаменатель,false,семинар,922л
"Кратные и криволинейные интегралы, ряды",3,,ФН11-34Б(+1),Скуднева О. В.,2026-09-11,5,2,знаменатель,false,семинар,922л
Кратные интегралы и ряды,3,,Э7-32,Скуднева О. В.,2026-09-15,2,3,числитель,false,семинар,829л
Кратные интегралы и ряды,1,,Э1-31,Скуднева О. В.,2026-09-16,3,3,числитель,false,семинар,829л
Кратные интегралы и ряды,2,,"Э3-31,32,33; Э6-31; Э8-31",Скуднева О. В.,2026-09-16,3,3,числитель,false,лекция,218л
Кратные интегралы и ряды,3,,Э3-31,Скуднева О. В.,2026-09-16,3,3,числитель,false,семинар,924л
Кратные интегралы и ряды,1,,Э7-32,Скуднева О. В.,2026-09-17,4,3,числитель,false,семинар,924л
Теория функций комплексного переменного и операционное исчисление,2,,ФН7-31Б,Скуднева О. В.,2026-09-17,4,3,числитель,false,лекция,924л
Теория функций комплексного переменного и операционное исчисление,3,,ФН7-31Б,Скуднева О. В.,2026-09-17,4,3,числитель,false,семинар,617л
Кратные интегралы и ряды,4,,"Э1-31,32,33; Э2-31",Скуднева О. В.,2026-09-17,4,3,числитель,false,лекция,218л
Кратные интегралы и ряды,1,,Э3-31,Скуднева О. В.,2026-09-18,5,3,числитель,false,семинар,922л
Кратные интегралы и ряды,2,,Э1-31,Скуднева О. В.,2026-09-18,5,3,числитель,false,семинар,922л
"Кратные и криволинейные интегралы, ряды",4,,ФН11-34Б(+1),Скуднева О. В.,2026-09-18,5,3,числитель,false,семинар,922л
Кратные интегралы и ряды,3,,Э7-32,Скуднева О. В.,2026-09-22,2,4,знаменатель,false,семинар,829л
Кратные интегралы и ряды,1,,Э1-31,Скуднева О. В.,2026-09-23,3,4,знаменатель,false,семинар,922л
Кратные интегралы и ряды,2,,"Э3-31,32,33; Э6-31; Э8-31",Скуднева О. В.,2026-09-23,3,4,знаменатель,false,лекция,218л
Кратные интегралы и ряды,3,,Э3-31,Скуднева О. В.,2026-09-23,3,4,знаменатель,false,семинар,924л
Теория функций комплексного переменного и операционное исчисление,2,,ФН7-31Б,Скуднева О. В.,2026-09-24,4,4,знаменатель,false,лекция,924л
Теория функций комплексного переменного и операционное исчисление,3,,ФН7-31Б,Скуднева О. В.,2026-09-24,4,4,знаменатель,false,семинар,617л
Кратные интегралы и ряды,4,,"Э1-31,32,33; Э2-31",Скуднева О. В.,2026-09-24,4,4,знаменатель,false,лекция,218л
"Кратные и криволинейные интегралы, ряды",2,,ФН11-34Б(+1),Скуднева О. В.,2026-09-25,5,4,знаменатель,false,семинар,922л
"Кратные и криволинейные интегралы, ряды",3,,ФН11-34Б(+1),Скуднева О. В.,2026-09-25,5,4,знаменатель,false,семинар,922л
Кратные интегралы и ряды,3,,Э7-32,Скуднева О. В.,2026-09-29,2,5,числитель,false,семинар,829л
Кратные интегралы и ряды,1,,Э1-31,Скуднева О. В.,2026-09-30,3,5,числитель,false,семинар,829л
Кратные интегралы и ряды,2,,"Э3-31,32,33; Э6-31; Э8-31",Скуднева О. В.,2026-09-30,3,5,числитель,false,лекция,218л
Кратные интегралы и ряды,3,,Э3-31,Скуднева О. В.,2026-09-30,3,5,числитель,false,семинар,924л
Кратные интегралы и ряды,1,,Э7-32,Скуднева О. В.,2026-10-01,4,5,числитель,false,семинар,924л
Теория функций комплексного переменного и операционное исчисление,2,,ФН7-31Б,Скуднева О. В.,2026-10-01,4,5,числитель,false,лекция,924л
Теория функций комплексного переменного и операционное исчисление,3,,ФН7-31Б,Скуднева О. В.,2026-10-01,4,5,числитель,false,семинар,617л
Кратные интегралы и ряды,4,,"Э1-31,32,33; Э2-31",Скуднева О. В.,2026-10-01,4,5,числитель,false,лекция,218л
Кратные интегралы и ряды,1,,Э3-31,Скуднева О. В.,2026-10-02,5,5,числитель,false,семинар,922л
Кратные интегралы и ряды,2,,Э1-31,Скуднева О. В.,2026-10-02,5,5,числитель,false,семинар,922л
"Кратные и криволинейные интегралы, ряды",4,,ФН11-34Б(+1),Скуднева О. В.,2026-10-02,5,5,числитель,false,семинар,922л
Кратные интегралы и ряды,3,,Э7-32,Скуднева О. В.,2026-10-06,2,6,знаменатель,false,семинар,829л
Кратные интегралы и ряды,1,,Э1-31,Скуднева О. В.,2026-10-07,3,6,знаменатель,false,семинар,922л
Кратные интегралы и ряды,2,,"Э3-31,32,33; Э6-31; Э8-31",Скуднева О. В.,2026-10-07,3,6,знаменатель,false,лекция,218л
Кратные интегралы и ряды,3,,Э3-31,Скуднева О. В.,2026-10-07,3,6,знаменатель,false,семинар,924л
Теория функций комплексного переменного и операционное исчисление,2,,ФН7-31Б,Скуднева О. В.,2026-10-08,4,6,знаменатель,false,лекция,924л
Теория функций комплексного переменного и операционное исчисление,3,,ФН7-31Б,Скуднева О. В.,2026-10-08,4,6,знаменатель,false,семинар,617л
Кратные интегралы и ряды,4,,"Э1-31,32,33; Э2-31",Скуднева О. В.,2026-10-08,4,6,знаменатель,false,лекция,218л
"Кратные и криволинейные интегралы, ряды",2,,ФН11-34Б(+1),Скуднева О. В.,2026-10-09,5,6,знаменатель,false,семинар,922л
"Кратные и криволинейные интегралы, ряды",3,,ФН11-34Б(+1),Скуднева О. В.,2026-10-09,5,6,знаменатель,false,семинар,922л
Кратные интегралы и ряды,3,,Э7-32,Скуднева О. В.,2026-10-13,2,7,числитель,false,семинар,829л
Кратные интегралы и ряды,1,,Э1-31,Скуднева О. В.,2026-10-14,3,7,числитель,false,семинар,829л
Кратные интегралы и ряды,2,,"Э3-31,32,33; Э6-31; Э8-31",Скуднева О. В.,2026-10-14,3,7,числитель,false,лекция,218л
Кратные интегралы и ряды,3,,Э3-31,Скуднева О. В.,2026-10-14,3,7,числитель,false,семинар,924л
Кратные интегралы и ряды,1,,Э7-32,Скуднева О. В.,2026-10-15,4,7,числитель,false,семинар,924л
Теория функций комплексного переменного и операционное исчисление,2,,ФН7-31Б,Скуднева О. В.,2026-10-15,4,7,числитель,false,лекция,924л
Теория функций комплексного переменного и операционное исчисление,3,,ФН7-31Б,Скуднева О. В.,2026-10-15,4,7,числитель,false,семинар,617л
Кратные интегралы и ряды,4,,"Э1-31,32,33; Э2-31",Скуднева О. В.,2026-10-15,4,7,числитель,false,лекция,218л
Кратные интегралы и ряды,1,,Э3-31,Скуднева О. В.,2026-10-16,5,7,числитель,false,семинар,922л
Кратные интегралы и ряды,2,,Э1-31,Скуднева О. В.,2026-10-16,5,7,числитель,false,семинар,922л
"Кратные и криволинейные интегралы, ряды",4,,ФН11-34Б(+1),Скуднева О. В.,2026-10-16,5,7,числитель,false,семинар,922л
Кратные интегралы и ряды,3,,Э7-32,Скуднева О. В.,2026-10-20,2,8,знаменатель,false,семинар,829л
Кратные интегралы и ряды,1,,Э1-31,Скуднева О. В.,2026-10-21,3,8,знаменатель,false,семинар,922л
Кратные интегралы и ряды,2,,"Э3-31,32,33; Э6-31; Э8-31",Скуднева О. В.,2026-10-21,3,8,знаменатель,false,лекция,218л
Кратные интегралы и ряды,3,,Э3-31,Скуднева О. В.,2026-10-21,3,8,знаменатель,false,семинар,924л
Теория функций комплексного переменного и операционное исчисление,2,,ФН7-31Б,Скуднева О. В.,2026-10-22,4,8,знаменатель,false,лекция,924л
Теория функций комплексного переменного и операционное исчисление,3,,ФН7-31Б,Скуднева О. В.,2026-10-22,4,8,знаменатель,false,семинар,617л
Кратные интегралы и ряды,4,,"Э1-31,32,33; Э2-31",Скуднева О. В.,2026-10-22,4,8,знаменатель,false,лекция,218л
"Кратные и криволинейные интегралы, ряды",2,,ФН11-34Б(+1),Скуднева О. В.,2026-10-23,5,8,знаменатель,false,семинар,922л
"Кратные и криволинейные интегралы, ряды",3,,ФН11-34Б(+1),Скуднева О. В.,2026-10-23,5,8,знаменатель,false,семинар,922л
Кратные интегралы и ряды,3,,Э7-32,Скуднева О. В.,2026-10-27,2,9,числитель,false,семинар,829л
Кратные интегралы и ряды,1,,Э1-31,Скуднева О. В.,2026-10-28,3,9,числитель,false,семинар,829л
Кратные интегралы и ряды,2,,"Э3-31,32,33; Э6-31; Э8-31",Скуднева О. В.,2026-10-28,3,9,числитель,false,лекция,218л
Кратные интегралы и ряды,3,,Э3-31,Скуднева О. В.,2026-10-28,3,9,числитель,false,семинар,924л
Кратные интегралы и ряды,1,,Э7-32,Скуднева О. В.,2026-10-29,4,9,числитель,false,семинар,924л
Теория функций комплексного переменного и операционное исчисление,2,,ФН7-31Б,Скуднева О. В.,2026-10-29,4,9,числитель,false,лекция,924л
Теория функций комплексного переменного и операционное исчисление,3,,ФН7-31Б,Скуднева О. В.,2026-10-29,4,9,числитель,false,семинар,617л
Кратные интегралы и ряды,4,,"Э1-31,32,33; Э2-31",Скуднева О. В.,2026-10-29,4,9,числитель,false,лекция,218л
Кратные интегралы и ряды,1,,Э3-31,Скуднева О. В.,2026-10-30,5,9,числитель,false,семинар,922л
Кратные интегралы и ряды,2,,Э1-31,Скуднева О. В.,2026-10-30,5,9,числитель,false,семинар,922л
"Кратные и криволинейные интегралы, ряды",4,,ФН11-34Б(+1),Скуднева О. В.,2026-10-30,5,9,числитель,false,семинар,922л
Кратные интегралы и ряды,3,,Э7-32,Скуднева О. В.,2026-11-03,2,10,знаменатель,false,семинар,829л
Кратные интегралы и ряды,1,,Э1-31,Скуднева О. В.,2026-11-04,3,10,знаменатель,false,семинар,922л
Кратные интегралы и ряды,2,,"Э3-31,32,33; Э6-31; Э8-31",Скуднева О. В.,2026-11-04,3,10,знаменатель,false,лекция,218л
Кратные интегралы и ряды,3,,Э3-31,Скуднева О. В.,2026-11-04,3,10,знаменатель,false,семинар,924л
Теория функций комплексного переменного и операционное исчисление,2,,ФН7-31Б,Скуднева О. В.,2026-11-05,4,10,знаменатель,false,лекция,924л
Теория функций комплексного переменного и операционное исчисление,3,,ФН7-31Б,Скуднева О. В.,2026-11-05,4,10,знаменатель,false,семинар,617л
Кратные интегралы и ряды,4,,"Э1-31,32,33; Э2-31",Скуднева О. В.,2026-11-05,4,10,знаменатель,false,лекция,218л
"Кратные и криволинейные интегралы, ряды",2,,ФН11-34Б(+1),Скуднева О. В.,2026-11-06,5,10,знаменатель,false,семинар,922л
"Кратные и криволинейные интегралы, ряды",3,,ФН11-34Б(+1),Скуднева О. В.,2026-11-06,5,10,знаменатель,false,семинар,922л
Кратные интегралы и ряды,3,,Э7-32,Скуднева О. В.,2026-11-10,2,11,числитель,false,семинар,829л
Кратные интегралы и ряды,1,,Э1-31,Скуднева О. В.,2026-11-11,3,11,числитель,false,семинар,829л
Кратные интегралы и ряды,2,,"Э3-31,32,33; Э6-31; Э8-31",Скуднева О. В.,2026-11-11,3,11,числитель,false,лекция,218л
Кратные интегралы и ряды,3,,Э3-31,Скуднева О. В.,2026-11-11,3,11,числитель,false,семинар,924л
Кратные интегралы и ряды,1,,Э7-32,Скуднева О. В.,2026-11-12,4,11,числитель,false,семинар,924л
Теория функций комплексного переменного и операционное исчисление,2,,ФН7-31Б,Скуднева О. В.,2026-11-12,4,11,числитель,false,лекция,924л
Теория функций комплексного переменного и операционное исчисление,3,,ФН7-31Б,Скуднева О. В.,2026-11-12,4,11,числитель,false,семинар,617л
Кратные интегралы и ряды,4,,"Э1-31,32,33; Э2-31",Скуднева О. В.,2026-11-12,4,11,числитель,false,лекция,218л
Кратные интегралы и ряды,1,,Э3-31,Скуднева О. В.,2026-11-13,5,11,числитель,false,семинар,922л
Кратные интегралы и ряды,2,,Э1-31,Скуднева О. В.,2026-11-13,5,11,числитель,false,семинар,922л
"Кратные и криволинейные интегралы, ряды",4,,ФН11-34Б(+1),Скуднева О. В.,2026-11-13,5,11,числитель,false,семинар,922л
Кратные интегралы и ряды,3,,Э7-32,Скуднева О. В.,2026-11-17,2,12,знаменатель,false,семинар,829л
Кратные интегралы и ряды,1,,Э1-31,Скуднева О. В.,2026-11-18,3,12,знаменатель,false,семинар,922л
Кратные интегралы и ряды,2,,"Э3-31,32,33; Э6-31; Э8-31",Скуднева О. В.,2026-11-18,3,12,знаменатель,false,лекция,218л
Кратные интегралы и ряды,3,,Э3-31,Скуднева О. В.,2026-11-18,3,12,знаменатель,false,семинар,924л
Теория функций комплексного переменного и операционное исчисление,2,,ФН7-31Б,Скуднева О. В.,2026-11-19,4,12,знаменатель,false,лекция,924л
Теория функций комплексного переменного и операционное исчисление,3,,ФН7-31Б,Скуднева О. В.,2026-11-19,4,12,знаменатель,false,семинар,617л
Кратные интегралы и ряды,4,,"Э1-31,32,33; Э2-31",Скуднева О. В.,2026-11-19,4,12,знаменатель,false,лекция,218л
"Кратные и криволинейные интегралы, ряды",2,,ФН11-34Б(+1),Скуднева О. В.,2026-11-20,5,12,знаменатель,false,семинар,922л
"Кратные и криволинейные интегралы, ряды",3,,ФН11-34Б(+1),Скуднева О. В.,2026-11-20,5,12,знаменатель,false,семинар,922л
Кратные интегралы и ряды,3,,Э7-32,Скуднева О. В.,2026-11-24,2,13,числитель,false,семинар,829л
Кратные интегралы и ряды,1,,Э1-31,Скуднева О. В.,2026-11-25,3,13,числитель,false,семинар,829л
Кратные интегралы и ряды,2,,"Э3-31,32,33; Э6-31; Э8-31",Скуднева О. В.,2026-11-25,3,13,числитель,false,лекция,218л
Кратные интегралы и ряды,3,,Э3-31,Скуднева О. В.,2026-11-25,3,13,числитель,false,семинар,924л
Кратные интегралы и ряды,1,,Э7-32,Скуднева О. В.,2026-11-26,4,13,числитель,false,семинар,924л
Теория функций комплексного переменного и операционное исчисление,2,,ФН7-31Б,Скуднева О. В.,2026-11-26,4,13,числитель,false,лекция,924л
Теория функций комплексного переменного и операционное исчисление,3,,ФН7-31Б,Скуднева О. В.,2026-11-26,4,13,числитель,false,семинар,617л
Кратные интегралы и ряды,4,,"Э1-31,32,33; Э2-31",Скуднева О. В.,2026-11-26,4,13,числитель,false,лекция,218л
Кратные интегралы и ряды,1,,Э3-31,Скуднева О. В.,2026-11-27,5,13,числитель,false,семинар,922л
Кратные интегралы и ряды,2,,Э1-31,Скуднева О. В.,2026-11-27,5,13,числитель,false,семинар,922л
"Кратные и криволинейные интегралы, ряды",4,,ФН11-34Б(+1),Скуднева О. В.,2026-11-27,5,13,числитель,false,семинар,922л
Кратные интегралы и ряды,3,,Э7-32,Скуднева О. В.,2026-12-01,2,14,знаменатель,false,семинар,829л
Кратные интегралы и ряды,1,,Э1-31,Скуднева О. В.,2026-12-02,3,14,знаменатель,false,семинар,922л
Кратные интегралы и ряды,2,,"Э3-31,32,33; Э6-31; Э8-31",Скуднева О. В.,2026-12-02,3,14,знаменатель,false,лекция,218л
Кратные интегралы и ряды,3,,Э3-31,Скуднева О. В.,2026-12-02,3,14,знаменатель,false,семинар,924л
Теория функций комплексного переменного и операционное исчисление,2,,ФН7-31Б,Скуднева О. В.,2026-12-03,4,14,знаменатель,false,лекция,924л
Теория функций комплексного переменного и операционное исчисление,3,,ФН7-31Б,Скуднева О. В.,2026-12-03,4,14,знаменатель,false,семинар,617л
Кратные интегралы и ряды,4,,"Э1-31,32,33; Э2-31",Скуднева О. В.,2026-12-03,4,14,знаменатель,false,лекция,218л
"Кратные и криволинейные интегралы, ряды",2,,ФН11-34Б(+1),Скуднева О. В.,2026-12-04,5,14,знаменатель,false,семинар,922л
"Кратные и криволинейные интегралы, ряды",3,,ФН11-34Б(+1),Скуднева О. В.,2026-12-04,5,14,знаменатель,false,семинар,922л
Кратные интегралы и ряды,3,,Э7-32,Скуднева О. В.,2026-12-08,2,15,числитель,false,семинар,829л
Кратные интегралы и ряды,1,,Э1-31,Скуднева О. В.,2026-12-09,3,15,числитель,false,семинар,829л
Кратные интегралы и ряды,2,,"Э3-31,32,33; Э6-31; Э8-31",Скуднева О. В.,2026-12-09,3,15,числитель,false,лекция,218л
Кратные интегралы и ряды,3,,Э3-31,Скуднева О. В.,2026-12-09,3,15,числитель,false,семинар,924л
Кратные интегралы и ряды,1,,Э7-32,Скуднева О. В.,2026-12-10,4,15,числитель,false,семинар,924л
Теория функций комплексного переменного и операционное исчисление,2,,ФН7-31Б,Скуднева О. В.,2026-12-10,4,15,числитель,false,лекция,924л
Теория функций комплексного переменного и операционное исчисление,3,,ФН7-31Б,Скуднева О. В.,2026-12-10,4,15,числитель,false,семинар,617л
Кратные интегралы и ряды,4,,"Э1-31,32,33; Э2-31",Скуднева О. В.,2026-12-10,4,15,числитель,false,лекция,218л
Кратные интегралы и ряды,1,,Э3-31,Скуднева О. В.,2026-12-11,5,15,числитель,false,семинар,922л
Кратные интегралы и ряды,2,,Э1-31,Скуднева О. В.,2026-12-11,5,15,числитель,false,семинар,922л
"Кратные и криволинейные интегралы, ряды",4,,ФН11-34Б(+1),Скуднева О. В.,2026-12-11,5,15,числитель,false,семинар,922л
Кратные интегралы и ряды,3,,Э7-32,Скуднева О. В.,2026-12-15,2,16,знаменатель,false,семинар,829л
Кратные интегралы и ряды,1,,Э1-31,Скуднева О. В.,2026-12-16,3,16,знаменатель,false,семинар,922л
Кратные интегралы и ряды,2,,"Э3-31,32,33; Э6-31; Э8-31",Скуднева О. В.,2026-12-16,3,16,знаменатель,false,лекция,218л
Кратные интегралы и ряды,3,,Э3-31,Скуднева О. В.,2026-12-16,3,16,знаменатель,false,семинар,924л
Теория функций комплексного переменного и операционное исчисление,2,,ФН7-31Б,Скуднева О. В.,2026-12-17,4,16,знаменатель,false,лекция,924л
Теория функций комплексного переменного и операционное исчисление,3,,ФН7-31Б,Скуднева О. В.,2026-12-17,4,16,знаменатель,false,семинар,617л
Кратные интегралы и ряды,4,,"Э1-31,32,33; Э2-31",Скуднева О. В.,2026-12-17,4,16,знаменатель,false,лекция,218л
"Кратные и криволинейные интегралы, ряды",2,,ФН11-34Б(+1),Скуднева О. В.,2026-12-18,5,16,знаменатель,false,семинар,922л
"Кратные и криволинейные интегралы, ряды",3,,ФН11-34Б(+1),Скуднева О. В.,2026-12-18,5,16,знаменатель,false,семинар,922л
Кратные интегралы и ряды,3,,Э7-32,Скуднева О. В.,2026-12-22,2,17,числитель,false,семинар,829л
Кратные интегралы и ряды,1,,Э1-31,Скуднева О. В.,2026-12-23,3,17,числитель,false,семинар,829л
Кратные интегралы и ряды,2,,"Э3-31,32,33; Э6-31; Э8-31",Скуднева О. В.,2026-12-23,3,17,числитель,false,лекция,218л
Кратные интегралы и ряды,3,,Э3-31,Скуднева О. В.,2026-12-23,3,17,числитель,false,семинар,924л
Кратные интегралы и ряды,1,,Э7-32,Скуднева О. В.,2026-12-24,4,17,числитель,false,семинар,924л
Теория функций комплексного переменного и операционное исчисление,2,,ФН7-31Б,Скуднева О. В.,2026-12-24,4,17,числитель,false,лекция,924л
Теория функций комплексного переменного и операционное исчисление,3,,ФН7-31Б,Скуднева О. В.,2026-12-24,4,17,числитель,false,семинар,617л
Кратные интегралы и ряды,4,,"Э1-31,32,33; Э2-31",Скуднева О. В.,2026-12-24,4,17,числитель,false,лекция,218л
Кратные интегралы и ряды,1,,Э3-31,Скуднева О. В.,2026-12-25,5,17,числитель,false,семинар,922л
Кратные интегралы и ряды,2,,Э1-31,Скуднева О. В.,2026-12-25,5,17,числитель,false,семинар,922л
"Кратные и криволинейные интегралы, ряды",4,,ФН11-34Б(+1),Скуднева О. В.,2026-12-25,5,17,числитель,false,семинар,922л
Кратные интегралы и ряды,3,,Э7-32,Скуднева О. В.,2026-12-29,2,18,знаменатель,false,семинар,829л
Кратные интегралы и ряды,1,,Э1-31,Скуднева О. В.,2026-12-30,3,18,знаменатель,false,семинар,922л
Кратные интегралы и ряды,2,,"Э3-31,32,33; Э6-31; Э8-31",Скуднева О. В.,2026-12-30,3,18,знаменатель,false,лекция,218л
Кратные интегралы и ряды,3,,Э3-31,Скуднева О. В.,2026-12-30,3,18,знаменатель,false,семинар,924л
Теория функций комплексного переменного и операционное исчисление,2,,ФН7-31Б,Скуднева О. В.,2026-12-31,4,18,знаменатель,false,лекция,924л
Теория функций комплексного переменного и операционное исчисление,3,,ФН7-31Б,Скуднева О. В.,2026-12-31,4,18,знаменатель,false,семинар,617л
Кратные интегралы и ряды,4,,"Э1-31,32,33; Э2-31",Скуднева О. В.,2026-12-31,4,18,знаменатель,false,лекция,218л
Математический анализ,1,,ФН11-12/6,Смирнов В. М.,2026-09-05,6,1,числитель,false,семинар,935л
Математический анализ,2,,ФН11-12/6,Смирнов В. М.,2026-09-05,6,1,числитель,false,семинар,924л
Теория вероятностей и математическая статистика,3,,Э6-51,Смирнов В. М.,2026-09-10,4,2,знаменатель,false,семинар,345э
Теория вероятностей и математическая статистика,4,,Э8-51,Смирнов В. М.,2026-09-10,4,2,знаменатель,false,семинар,411э
Математический анализ,2,,ФН11-12/6,Смирнов В. М.,2026-09-12,6,2,знаменатель,false,семинар,924л
Математический анализ,1,,ФН11-12/6,Смирнов В. М.,2026-09-19,6,3,числитель,false,семинар,935л
Математический анализ,2,,ФН11-12/6,Смирнов В. М.,2026-09-19,6,3,числитель,false,семинар,924л
Теория вероятностей и математическая статистика,3,,Э6-51,Смирнов В. М.,2026-09-24,4,4,знаменатель,false,семинар,345э
Теория вероятностей и математическая статистика,4,,Э8-51,Смирнов В. М.,2026-09-24,4,4,знаменатель,false,семинар,411э
Математический анализ,2,,ФН11-12/6,Смирнов В. М.,2026-09-26,6,4,знаменатель,false,семинар,924л
Математический анализ,1,,ФН11-12/6,Смирнов В. М.,2026-10-03,6,5,числитель,false,семинар,935л
Математический анализ,2,,ФН11-12/6,Смирнов В. М.,2026-10-03,6,5,числитель,false,семинар,924л
Теория вероятностей и математическая статистика,3,,Э6-51,Смирнов В. М.,2026-10-08,4,6,знаменатель,false,семинар,345э
Теория вероятностей и математическая статистика,4,,Э8-51,Смирнов В. М.,2026-10-08,4,6,знаменатель,false,семинар,411э
Математический анализ,2,,ФН11-12/6,Смирнов В. М.,2026-10-10,6,6,знаменатель,false,семинар,924л
Математический анализ,1,,ФН11-12/6,Смирнов В. М.,2026-10-17,6,7,числитель,false,семинар,935л
Математический анализ,2,,ФН11-12/6,Смирнов В. М.,2026-10-17,6,7,числитель,false,семинар,924л
Теория вероятностей и математическая статистика,3,,Э6-51,Смирнов В. М.,2026-10-22,4,8,знаменатель,false,семинар,345э
Теория вероятностей и математическая статистика,4,,Э8-51,Смирнов В. М.,2026-10-22,4,8,знаменатель,false,семинар,411э
Математический анализ,2,,ФН11-12/6,Смирнов В. М.,2026-10-24,6,8,знаменатель,false,семинар,924л
Математический анализ,1,,ФН11-12/6,Смирнов В. М.,2026-10-31,6,9,числитель,false,семинар,935л
Математический анализ,2,,ФН11-12/6,Смирнов В. М.,2026-10-31,6,9,числитель,false,семинар,924л
Теория вероятностей и математическая статистика,3,,Э6-51,Смирнов В. М.,2026-11-05,4,10,знаменатель,false,семинар,345э
Теория вероятностей и математическая статистика,4,,Э8-51,Смирнов В. М.,2026-11-05,4,10,знаменатель,false,семинар,411э
Математический анализ,2,,ФН11-12/6,Смирнов В. М.,2026-11-07,6,10,знаменатель,false,семинар,924л
Математический анализ,1,,ФН11-12/6,Смирнов В. М.,2026-11-14,6,11,числитель,false,семинар,935л
Математический анализ,2,,ФН11-12/6,Смирнов В. М.,2026-11-14,6,11,числитель,false,семинар,924л
Теория вероятностей и математическая статистика,3,,Э6-51,Смирнов В. М.,2026-11-19,4,12,знаменатель,false,семинар,345э
Теория вероятностей и математическая статистика,4,,Э8-51,Смирнов В. М.,2026-11-19,4,12,знаменатель,false,семинар,411э
Математический анализ,2,,ФН11-12/6,Смирнов В. М.,2026-11-21,6,12,знаменатель,false,семинар,924л
Математический анализ,1,,ФН11-12/6,Смирнов В. М.,2026-11-28,6,13,числитель,false,семинар,935л
Математический анализ,2,,ФН11-12/6,Смирнов В. М.,2026-11-28,6,13,числитель,false,семинар,924л
Теория вероятностей и математическая статистика,3,,Э6-51,Смирнов В. М.,2026-12-03,4,14,знаменатель,false,семинар,345э
Теория вероятностей и математическая статистика,4,,Э8-51,Смирнов В. М.,2026-12-03,4,14,знаменатель,false,семинар,411э
Математический анализ,2,,ФН11-12/6,Смирнов В. М.,2026-12-05,6,14,знаменатель,false,семинар,924л
Математический анализ,1,,ФН11-12/6,Смирнов В. М.,2026-12-12,6,15,числитель,false,семинар,935л
Математический анализ,2,,ФН11-12/6,Смирнов В. М.,2026-12-12,6,15,числитель,false,семинар,924л
Теория вероятностей и математическая статистика,3,,Э6-51,Смирнов В. М.,2026-12-17,4,16,знаменатель,false,семинар,345э
Теория вероятностей и математическая статистика,4,,Э8-51,Смирнов В. М.,2026-12-17,4,16,знаменатель,false,семинар,411э
Математический анализ,2,,ФН11-12/6,Смирнов В. М.,2026-12-19,6,16,знаменатель,false,семинар,924л
Математический анализ,1,,ФН11-12/6,Смирнов В. М.,2026-12-26,6,17,числитель,false,семинар,935л
Математический анализ,2,,ФН11-12/6,Смирнов В. М.,2026-12-26,6,17,числитель,false,семинар,924л
Теория вероятностей и математическая статистика,3,,Э6-51,Смирнов В. М.,2026-12-31,4,18,знаменатель,false,семинар,345э
Теория вероятностей и математическая статистика,4,,Э8-51,Смирнов В. М.,2026-12-31,4,18,знаменатель,false,семинар,411э
Разр распр выч сист,4,,ФН11-31М,Соболев А. В.,2026-09-09,3,2,знаменатель,false,лекция,935л
Разр распр выч сист,5,,ФН11-31М,Соболев А. В.,2026-09-09,3,2,знаменатель,false,семинар,919л
Разр распр выч сист,6,,ФН11-31М,Соболев А. В.,2026-09-09,3,2,знаменатель,false,семинар,922л
Параллельные и распределённые вычисления,2,,ИУ6-14М,Соболев А. В.,2026-09-12,6,2,знаменатель,false,лекция,808
Параллельные и распределённые вычисления,4,,ИУ6-14М,Соболев А. В.,2026-09-12,6,2,знаменатель,false,лабораторная работа,808
Разр распр выч сист,4,,ФН11-31М,Соболев А. В.,2026-09-23,3,4,знаменатель,false,лекция,935л
Разр распр выч сист,5,,ФН11-31М,Соболев А. В.,2026-09-23,3,4,знаменатель,false,семинар,919л
Разр распр выч сист,6,,ФН11-31М,Соболев А. В.,2026-09-23,3,4,знаменатель,false,семинар,922л
Параллельные и распределённые вычисления,2,,ИУ6-14М,Соболев А. В.,2026-09-26,6,4,знаменатель,false,лекция,808
Параллельные и распределённые вычисления,4,,ИУ6-14М,Соболев А. В.,2026-09-26,6,4,знаменатель,false,лабораторная работа,808
Разр распр выч сист,4,,ФН11-31М,Соболев А. В.,2026-10-07,3,6,знаменатель,false,лекция,935л
Разр распр выч сист,5,,ФН11-31М,Соболев А. В.,2026-10-07,3,6,знаменатель,false,семинар,919л
Разр распр выч сист,6,,ФН11-31М,Соболев А. В.,2026-10-07,3,6,знаменатель,false,семинар,922л
Параллельные и распределённые вычисления,2,,ИУ6-14М,Соболев А. В.,2026-10-10,6,6,знаменатель,false,лекция,808
Параллельные и распределённые вычисления,4,,ИУ6-14М,Соболев А. В.,2026-10-10,6,6,знаменатель,false,лабораторная работа,808
Разр распр выч сист,4,,ФН11-31М,Соболев А. В.,2026-10-21,3,8,знаменатель,false,лекция,935л
Разр распр выч сист,5,,ФН11-31М,Соболев А. В.,2026-10-21,3,8,знаменатель,false,семинар,919л
Разр распр выч сист,6,,ФН11-31М,Соболев А. В.,2026-10-21,3,8,знаменатель,false,семинар,922л
Параллельные и распределённые вычисления,2,,ИУ6-14М,Соболев А. В.,2026-10-24,6,8,знаменатель,false,лекция,808
Параллельные и распределённые вычисления,4,,ИУ6-14М,Соболев А. В.,2026-10-24,6,8,знаменатель,false,лабораторная работа,808
Разр распр выч сист,4,,ФН11-31М,Соболев А. В.,2026-11-04,3,10,знаменатель,false,лекция,935л
Разр распр выч сист,5,,ФН11-31М,Соболев А. В.,2026-11-04,3,10,знаменатель,false,семинар,919л
Разр распр выч сист,6,,ФН11-31М,Соболев А. В.,2026-11-04,3,10,знаменатель,false,семинар,922л
Параллельные и распределённые вычисления,2,,ИУ6-14М,Соболев А. В.,2026-11-07,6,10,знаменатель,false,лекция,808
Параллельные и распределённые вычисления,4,,ИУ6-14М,Соболев А. В.,2026-11-07,6,10,знаменатель,false,лабораторная работа,808
Разр распр выч сист,4,,ФН11-31М,Соболев А. В.,2026-11-18,3,12,знаменатель,false,лекция,935л
Разр распр выч сист,5,,ФН11-31М,Соболев А. В.,2026-11-18,3,12,знаменатель,false,семинар,919л
Разр распр выч сист,6,,ФН11-31М,Соболев А. В.,2026-11-18,3,12,знаменатель,false,семинар,922л
Параллельные и распределённые вычисления,2,,ИУ6-14М,Соболев А. В.,2026-11-21,6,12,знаменатель,false,лекция,808
Параллельные и распределённые вычисления,4,,ИУ6-14М,Соболев А. В.,2026-11-21,6,12,знаменатель,false,лабораторная работа,808
Разр распр выч сист,4,,ФН11-31М,Соболев А. В.,2026-12-02,3,14,знаменатель,false,лекция,935л
Разр распр выч сист,5,,ФН11-31М,Соболев А. В.,2026-12-02,3,14,знаменатель,false,семинар,919л
Разр распр выч сист,6,,ФН11-31М,Соболев А. В.,2026-12-02,3,14,знаменатель,false,семинар,922л
Параллельные и распределённые вычисления,2,,ИУ6-14М,Соболев А. В.,2026-12-05,6,14,знаменатель,false,лекция,808
Параллельные и распределённые вычисления,4,,ИУ6-14М,Соболев А. В.,2026-12-05,6,14,знаменатель,false,лабораторная работа,808
Разр распр выч сист,4,,ФН11-31М,Соболев А. В.,2026-12-16,3,16,знаменатель,false,лекция,935л
Разр распр выч сист,5,,ФН11-31М,Соболев А. В.,2026-12-16,3,16,знаменатель,false,семинар,919л
Разр распр выч сист,6,,ФН11-31М,Соболев А. В.,2026-12-16,3,16,знаменатель,false,семинар,922л
Параллельные и распределённые вычисления,2,,ИУ6-14М,Соболев А. В.,2026-12-19,6,16,знаменатель,false,лекция,808
Параллельные и распределённые вычисления,4,,ИУ6-14М,Соболев А. В.,2026-12-19,6,16,знаменатель,false,лабораторная работа,808
Разр распр выч сист,4,,ФН11-31М,Соболев А. В.,2026-12-30,3,18,знаменатель,false,лекция,935л
Разр распр выч сист,5,,ФН11-31М,Соболев А. В.,2026-12-30,3,18,знаменатель,false,семинар,919л
Разр распр выч сист,6,,ФН11-31М,Соболев А. В.,2026-12-30,3,18,знаменатель,false,семинар,922л
Численные методы,2,,ФН11-54Б,Степанов В. А.,2026-09-05,6,1,числитель,false,семинар,237л
Численные методы,3,,ФН11-53Б; ФН11И-53Б,Степанов В. А.,2026-09-05,6,1,числитель,false,семинар,113л
Численные методы,4,,Э10-31Б,Степанов В. А.,2026-09-05,6,1,числитель,false,семинар,237л
Численные методы,5,,ФН11-52Б,Степанов В. А.,2026-09-05,6,1,числитель,false,семинар,918л
Численные методы,2,,"Э10-31Б,32Б",Степанов В. А.,2026-09-11,5,2,знаменатель,false,лекция,255л
Численные методы,2,,Э10-32Б,Степанов В. А.,2026-09-11,5,2,знаменатель,false,семинар,918л
Численные методы,2,,ФН11-54Б,Степанов В. А.,2026-09-12,6,2,знаменатель,false,семинар,237л
Численные методы,3,,ФН11-53Б; ФН11И-53Б,Степанов В. А.,2026-09-12,6,2,знаменатель,false,семинар,113л
Численные методы,5,,ФН11-52Б,Степанов В. А.,2026-09-12,6,2,знаменатель,false,семинар,918л
Численные методы,2,,ФН11-54Б,Степанов В. А.,2026-09-19,6,3,числитель,false,семинар,237л
Численные методы,3,,ФН11-53Б; ФН11И-53Б,Степанов В. А.,2026-09-19,6,3,числитель,false,семинар,113л
Численные методы,4,,Э10-31Б,Степанов В. А.,2026-09-19,6,3,числитель,false,семинар,237л
Численные методы,5,,ФН11-52Б,Степанов В. А.,2026-09-19,6,3,числитель,false,семинар,918л
Численные методы,2,,"Э10-31Б,32Б",Степанов В. А.,2026-09-25,5,4,знаменатель,false,лекция,255л
Численные методы,2,,Э10-32Б,Степанов В. А.,2026-09-25,5,4,знаменатель,false,семинар,918л
Численные методы,2,,ФН11-54Б,Степанов В. А.,2026-09-26,6,4,знаменатель,false,семинар,237л
Численные методы,3,,ФН11-53Б; ФН11И-53Б,Степанов В. А.,2026-09-26,6,4,знаменатель,false,семинар,113л
Численные методы,5,,ФН11-52Б,Степанов В. А.,2026-09-26,6,4,знаменатель,false,семинар,918л
Численные методы,2,,ФН11-54Б,Степанов В. А.,2026-10-03,6,5,числитель,false,семинар,237л
Численные методы,3,,ФН11-53Б; ФН11И-53Б,Степанов В. А.,2026-10-03,6,5,числитель,false,семинар,113л
Численные методы,4,,Э10-31Б,Степанов В. А.,2026-10-03,6,5,числитель,false,семинар,237л
Численные методы,5,,ФН11-52Б,Степанов В. А.,2026-10-03,6,5,числитель,false,семинар,918л
Численные методы,2,,"Э10-31Б,32Б",Степанов В. А.,2026-10-09,5,6,знаменатель,false,лекция,255л
Численные методы,2,,Э10-32Б,Степанов В. А.,2026-10-09,5,6,знаменатель,false,семинар,918л
Численные методы,2,,ФН11-54Б,Степанов В. А.,2026-10-10,6,6,знаменатель,false,семинар,237л
Численные методы,3,,ФН11-53Б; ФН11И-53Б,Степанов В. А.,2026-10-10,6,6,знаменатель,false,семинар,113л
Численные методы,5,,ФН11-52Б,Степанов В. А.,2026-10-10,6,6,знаменатель,false,семинар,918л
Численные методы,2,,ФН11-54Б,Степанов В. А.,2026-10-17,6,7,числитель,false,семинар,237л
Численные методы,3,,ФН11-53Б; ФН11И-53Б,Степанов В. А.,2026-10-17,6,7,числитель,false,семинар,113л
Численные методы,4,,Э10-31Б,Степанов В. А.,2026-10-17,6,7,числитель,false,семинар,237л
Численные методы,5,,ФН11-52Б,Степанов В. А.,2026-10-17,6,7,числитель,false,семинар,918л
Численные методы,2,,"Э10-31Б,32Б",Степанов В. А.,2026-10-23,5,8,знаменатель,false,лекция,255л
Численные методы,2,,Э10-32Б,Степанов В. А.,2026-10-23,5,8,знаменатель,false,семинар,918л
Численные методы,2,,ФН11-54Б,Степанов В. А.,2026-10-24,6,8,знаменатель,false,семинар,237л
Численные методы,3,,ФН11-53Б; ФН11И-53Б,Степанов В. А.,2026-10-24,6,8,знаменатель,false,семинар,113л
Численные методы,5,,ФН11-52Б,Степанов В. А.,2026-10-24,6,8,знаменатель,false,семинар,918л
Численные методы,2,,ФН11-54Б,Степанов В. А.,2026-10-31,6,9,числитель,false,семинар,237л
Численные методы,3,,ФН11-53Б; ФН11И-53Б,Степанов В. А.,2026-10-31,6,9,числитель,false,семинар,113л
Численные методы,4,,Э10-31Б,Степанов В. А.,2026-10-31,6,9,числитель,false,семинар,237л
Численные методы,5,,ФН11-52Б,Степанов В. А.,2026-10-31,6,9,числитель,false,семинар,918л
Численные методы,2,,"Э10-31Б,32Б",Степанов В. А.,2026-11-06,5,10,знаменатель,false,лекция,255л
Численные методы,2,,Э10-32Б,Степанов В. А.,2026-11-06,5,10,знаменатель,false,семинар,918л
Численные методы,2,,ФН11-54Б,Степанов В. А.,2026-11-07,6,10,знаменатель,false,семинар,237л
Численные методы,3,,ФН11-53Б; ФН11И-53Б,Степанов В. А.,2026-11-07,6,10,знаменатель,false,семинар,113л
Численные методы,5,,ФН11-52Б,Степанов В. А.,2026-11-07,6,10,знаменатель,false,семинар,918л
Численные методы,2,,ФН11-54Б,Степанов В. А.,2026-11-14,6,11,числитель,false,семинар,237л
Численные методы,3,,ФН11-53Б; ФН11И-53Б,Степанов В. А.,2026-11-14,6,11,числитель,false,семинар,113л
Численные методы,4,,Э10-31Б,Степанов В. А.,2026-11-14,6,11,числитель,false,семинар,237л
Численные методы,5,,ФН11-52Б,Степанов В. А.,2026-11-14,6,11,числитель,false,семинар,918л
Численные методы,2,,"Э10-31Б,32Б",Степанов В. А.,2026-11-20,5,12,знаменатель,false,лекция,255л
Численные методы,2,,Э10-32Б,Степанов В. А.,2026-11-20,5,12,знаменатель,false,семинар,918л
Численные методы,2,,ФН11-54Б,Степанов В. А.,2026-11-21,6,12,знаменатель,false,семинар,237л
Численные методы,3,,ФН11-53Б; ФН11И-53Б,Степанов В. А.,2026-11-21,6,12,знаменатель,false,семинар,113л
Численные методы,5,,ФН11-52Б,Степанов В. А.,2026-11-21,6,12,знаменатель,false,семинар,918л
Численные методы,2,,ФН11-54Б,Степанов В. А.,2026-11-28,6,13,числитель,false,семинар,237л
Численные методы,3,,ФН11-53Б; ФН11И-53Б,Степанов В. А.,2026-11-28,6,13,числитель,false,семинар,113л
Численные методы,4,,Э10-31Б,Степанов В. А.,2026-11-28,6,13,числитель,false,семинар,237л
Численные методы,5,,ФН11-52Б,Степанов В. А.,2026-11-28,6,13,числитель,false,семинар,918л
Численные методы,2,,"Э10-31Б,32Б",Степанов В. А.,2026-12-04,5,14,знаменатель,false,лекция,255л
Численные методы,2,,Э10-32Б,Степанов В. А.,2026-12-04,5,14,знаменатель,false,семинар,918л
Численные методы,2,,ФН11-54Б,Степанов В. А.,2026-12-05,6,14,знаменатель,false,семинар,237л
Численные методы,3,,ФН11-53Б; ФН11И-53Б,Степанов В. А.,2026-12-05,6,14,знаменатель,false,семинар,113л
Численные методы,5,,ФН11-52Б,Степанов В. А.,2026-12-05,6,14,знаменатель,false,семинар,918л
Численные методы,2,,ФН11-54Б,Степанов В. А.,2026-12-12,6,15,числитель,false,семинар,237л
Численные методы,3,,ФН11-53Б; ФН11И-53Б,Степанов В. А.,2026-12-12,6,15,числитель,false,семинар,113л
Численные методы,4,,Э10-31Б,Степанов В. А.,2026-12-12,6,15,числитель,false,семинар,237л
Численные методы,5,,ФН11-52Б,Степанов В. А.,2026-12-12,6,15,числитель,false,семинар,918л
Численные методы,2,,"Э10-31Б,32Б",Степанов В. А.,2026-12-18,5,16,знаменатель,false,лекция,255л
Численные методы,2,,Э10-32Б,Степанов В. А.,2026-12-18,5,16,знаменатель,false,семинар,918л
Численные методы,2,,ФН11-54Б,Степанов В. А.,2026-12-19,6,16,знаменатель,false,семинар,237л
Численные методы,3,,ФН11-53Б; ФН11И-53Б,Степанов В. А.,2026-12-19,6,16,знаменатель,false,семинар,113л
Численные методы,5,,ФН11-52Б,Степанов В. А.,2026-12-19,6,16,знаменатель,false,семинар,918л
Численные методы,2,,ФН11-54Б,Степанов В. А.,2026-12-26,6,17,числитель,false,семинар,237л
Численные методы,3,,ФН11-53Б; ФН11И-53Б,Степанов В. А.,2026-12-26,6,17,числитель,false,семинар,113л
Численные методы,4,,Э10-31Б,Степанов В. А.,2026-12-26,6,17,числитель,false,семинар,237л
Численные методы,5,,ФН11-52Б,Степанов В. А.,2026-12-26,6,17,числитель,false,семинар,918л
Функциональный анализ и интегральные уравнения,2,,ФН11-34Б(+1),Степанова Х. С.,2026-08-31,1,1,числитель,false,семинар,924л
Аналитическая геометрия,3,,ФН11-12/4,Степанова Х. С.,2026-08-31,1,1,числитель,false,семинар,820л
Функциональный анализ и интегральные уравнения,4,,ФН11-33Б,Степанова Х. С.,2026-08-31,1,1,числитель,false,семинар,922л
Аналитическая геометрия,2,,ФН11-12/6,Степанова Х. С.,2026-09-01,2,1,числитель,false,семинар,921л
Аналитическая геометрия,3,,ФН11-12/6,Степанова Х. С.,2026-09-01,2,1,числитель,false,семинар,919л
Функциональный анализ и интегральные уравнения,2,,ФН11-34Б(+1),Степанова Х. С.,2026-09-07,1,2,знаменатель,false,семинар,924л
Аналитическая геометрия,3,,ФН11-12/4,Степанова Х. С.,2026-09-07,1,2,знаменатель,false,семинар,820л
Функциональный анализ и интегральные уравнения,4,,ФН11-33Б,Степанова Х. С.,2026-09-07,1,2,знаменатель,false,семинар,922л
Аналитическая геометрия,5,,ФН11-12/4,Степанова Х. С.,2026-09-07,1,2,знаменатель,false,семинар,924л
Аналитическая геометрия,4,,ФН11-12/6,Степанова Х. С.,2026-09-08,2,2,знаменатель,false,семинар,224л
Функциональный анализ и интегральные уравнения,2,,ФН11-34Б(+1),Степанова Х. С.,2026-09-14,1,3,числитель,false,семинар,924л
Аналитическая геометрия,3,,ФН11-12/4,Степанова Х. С.,2026-09-14,1,3,числитель,false,семинар,820л
Функциональный анализ и интегральные уравнения,4,,ФН11-33Б,Степанова Х. С.,2026-09-14,1,3,числитель,false,семинар,922л
Аналитическая геометрия,2,,ФН11-12/6,Степанова Х. С.,2026-09-15,2,3,числитель,false,семинар,921л
Аналитическая геометрия,3,,ФН11-12/6,Степанова Х. С.,2026-09-15,2,3,числитель,false,семинар,919л
Функциональный анализ и интегральные уравнения,2,,ФН11-34Б(+1),Степанова Х. С.,2026-09-21,1,4,знаменатель,false,семинар,924л
Аналитическая геометрия,3,,ФН11-12/4,Степанова Х. С.,2026-09-21,1,4,знаменатель,false,семинар,820л
Функциональный анализ и интегральные уравнения,4,,ФН11-33Б,Степанова Х. С.,2026-09-21,1,4,знаменатель,false,семинар,922л
Аналитическая геометрия,5,,ФН11-12/4,Степанова Х. С.,2026-09-21,1,4,знаменатель,false,семинар,924л
Аналитическая геометрия,4,,ФН11-12/6,Степанова Х. С.,2026-09-22,2,4,знаменатель,false,семинар,224л
Функциональный анализ и интегральные уравнения,2,,ФН11-34Б(+1),Степанова Х. С.,2026-09-28,1,5,числитель,false,семинар,924л
Аналитическая геометрия,3,,ФН11-12/4,Степанова Х. С.,2026-09-28,1,5,числитель,false,семинар,820л
Функциональный анализ и интегральные уравнения,4,,ФН11-33Б,Степанова Х. С.,2026-09-28,1,5,числитель,false,семинар,922л
Аналитическая геометрия,2,,ФН11-12/6,Степанова Х. С.,2026-09-29,2,5,числитель,false,семинар,921л
Аналитическая геометрия,3,,ФН11-12/6,Степанова Х. С.,2026-09-29,2,5,числитель,false,семинар,919л
Функциональный анализ и интегральные уравнения,2,,ФН11-34Б(+1),Степанова Х. С.,2026-10-05,1,6,знаменатель,false,семинар,924л
Аналитическая геометрия,3,,ФН11-12/4,Степанова Х. С.,2026-10-05,1,6,знаменатель,false,семинар,820л
Функциональный анализ и интегральные уравнения,4,,ФН11-33Б,Степанова Х. С.,2026-10-05,1,6,знаменатель,false,семинар,922л
Аналитическая геометрия,5,,ФН11-12/4,Степанова Х. С.,2026-10-05,1,6,знаменатель,false,семинар,924л
Аналитическая геометрия,4,,ФН11-12/6,Степанова Х. С.,2026-10-06,2,6,знаменатель,false,семинар,224л
Функциональный анализ и интегральные уравнения,2,,ФН11-34Б(+1),Степанова Х. С.,2026-10-12,1,7,числитель,false,семинар,924л
Аналитическая геометрия,3,,ФН11-12/4,Степанова Х. С.,2026-10-12,1,7,числитель,false,семинар,820л
Функциональный анализ и интегральные уравнения,4,,ФН11-33Б,Степанова Х. С.,2026-10-12,1,7,числитель,false,семинар,922л
Аналитическая геометрия,2,,ФН11-12/6,Степанова Х. С.,2026-10-13,2,7,числитель,false,семинар,921л
Аналитическая геометрия,3,,ФН11-12/6,Степанова Х. С.,2026-10-13,2,7,числитель,false,семинар,919л
Функциональный анализ и интегральные уравнения,2,,ФН11-34Б(+1),Степанова Х. С.,2026-10-19,1,8,знаменатель,false,семинар,924л
Аналитическая геометрия,3,,ФН11-12/4,Степанова Х. С.,2026-10-19,1,8,знаменатель,false,семинар,820л
Функциональный анализ и интегральные уравнения,4,,ФН11-33Б,Степанова Х. С.,2026-10-19,1,8,знаменатель,false,семинар,922л
Аналитическая геометрия,5,,ФН11-12/4,Степанова Х. С.,2026-10-19,1,8,знаменатель,false,семинар,924л
Аналитическая геометрия,4,,ФН11-12/6,Степанова Х. С.,2026-10-20,2,8,знаменатель,false,семинар,224л
Функциональный анализ и интегральные уравнения,2,,ФН11-34Б(+1),Степанова Х. С.,2026-10-26,1,9,числитель,false,семинар,924л
Аналитическая геометрия,3,,ФН11-12/4,Степанова Х. С.,2026-10-26,1,9,числитель,false,семинар,820л
Функциональный анализ и интегральные уравнения,4,,ФН11-33Б,Степанова Х. С.,2026-10-26,1,9,числитель,false,семинар,922л
Аналитическая геометрия,2,,ФН11-12/6,Степанова Х. С.,2026-10-27,2,9,числитель,false,семинар,921л
Аналитическая геометрия,3,,ФН11-12/6,Степанова Х. С.,2026-10-27,2,9,числитель,false,семинар,919л
Функциональный анализ и интегральные уравнения,2,,ФН11-34Б(+1),Степанова Х. С.,2026-11-02,1,10,знаменатель,false,семинар,924л
Аналитическая геометрия,3,,ФН11-12/4,Степанова Х. С.,2026-11-02,1,10,знаменатель,false,семинар,820л
Функциональный анализ и интегральные уравнения,4,,ФН11-33Б,Степанова Х. С.,2026-11-02,1,10,знаменатель,false,семинар,922л
Аналитическая геометрия,5,,ФН11-12/4,Степанова Х. С.,2026-11-02,1,10,знаменатель,false,семинар,924л
Аналитическая геометрия,4,,ФН11-12/6,Степанова Х. С.,2026-11-03,2,10,знаменатель,false,семинар,224л
Функциональный анализ и интегральные уравнения,2,,ФН11-34Б(+1),Степанова Х. С.,2026-11-09,1,11,числитель,false,семинар,924л
Аналитическая геометрия,3,,ФН11-12/4,Степанова Х. С.,2026-11-09,1,11,числитель,false,семинар,820л
Функциональный анализ и интегральные уравнения,4,,ФН11-33Б,Степанова Х. С.,2026-11-09,1,11,числитель,false,семинар,922л
Аналитическая геометрия,2,,ФН11-12/6,Степанова Х. С.,2026-11-10,2,11,числитель,false,семинар,921л
Аналитическая геометрия,3,,ФН11-12/6,Степанова Х. С.,2026-11-10,2,11,числитель,false,семинар,919л
Функциональный анализ и интегральные уравнения,2,,ФН11-34Б(+1),Степанова Х. С.,2026-11-16,1,12,знаменатель,false,семинар,924л
Аналитическая геометрия,3,,ФН11-12/4,Степанова Х. С.,2026-11-16,1,12,знаменатель,false,семинар,820л
Функциональный анализ и интегральные уравнения,4,,ФН11-33Б,Степанова Х. С.,2026-11-16,1,12,знаменатель,false,семинар,922л
Аналитическая геометрия,5,,ФН11-12/4,Степанова Х. С.,2026-11-16,1,12,знаменатель,false,семинар,924л
Аналитическая геометрия,4,,ФН11-12/6,Степанова Х. С.,2026-11-17,2,12,знаменатель,false,семинар,224л
Функциональный анализ и интегральные уравнения,2,,ФН11-34Б(+1),Степанова Х. С.,2026-11-23,1,13,числитель,false,семинар,924л
Аналитическая геометрия,3,,ФН11-12/4,Степанова Х. С.,2026-11-23,1,13,числитель,false,семинар,820л
Функциональный анализ и интегральные уравнения,4,,ФН11-33Б,Степанова Х. С.,2026-11-23,1,13,числитель,false,семинар,922л
Аналитическая геометрия,2,,ФН11-12/6,Степанова Х. С.,2026-11-24,2,13,числитель,false,семинар,921л
Аналитическая геометрия,3,,ФН11-12/6,Степанова Х. С.,2026-11-24,2,13,числитель,false,семинар,919л
Функциональный анализ и интегральные уравнения,2,,ФН11-34Б(+1),Степанова Х. С.,2026-11-30,1,14,знаменатель,false,семинар,924л
Аналитическая геометрия,3,,ФН11-12/4,Степанова Х. С.,2026-11-30,1,14,знаменатель,false,семинар,820л
Функциональный анализ и интегральные уравнения,4,,ФН11-33Б,Степанова Х. С.,2026-11-30,1,14,знаменатель,false,семинар,922л
Аналитическая геометрия,5,,ФН11-12/4,Степанова Х. С.,2026-11-30,1,14,знаменатель,false,семинар,924л
Аналитическая геометрия,4,,ФН11-12/6,Степанова Х. С.,2026-12-01,2,14,знаменатель,false,семинар,224л
Функциональный анализ и интегральные уравнения,2,,ФН11-34Б(+1),Степанова Х. С.,2026-12-07,1,15,числитель,false,семинар,924л
Аналитическая геометрия,3,,ФН11-12/4,Степанова Х. С.,2026-12-07,1,15,числитель,false,семинар,820л
Функциональный анализ и интегральные уравнения,4,,ФН11-33Б,Степанова Х. С.,2026-12-07,1,15,числитель,false,семинар,922л
Аналитическая геометрия,2,,ФН11-12/6,Степанова Х. С.,2026-12-08,2,15,числитель,false,семинар,921л
Аналитическая геометрия,3,,ФН11-12/6,Степанова Х. С.,2026-12-08,2,15,числитель,false,семинар,919л
Функциональный анализ и интегральные уравнения,2,,ФН11-34Б(+1),Степанова Х. С.,2026-12-14,1,16,знаменатель,false,семинар,924л
Аналитическая геометрия,3,,ФН11-12/4,Степанова Х. С.,2026-12-14,1,16,знаменатель,false,семинар,820л
Функциональный анализ и интегральные уравнения,4,,ФН11-33Б,Степанова Х. С.,2026-12-14,1,16,знаменатель,false,семинар,922л
Аналитическая геометрия,5,,ФН11-12/4,Степанова Х. С.,2026-12-14,1,16,знаменатель,false,семинар,924л
Аналитическая геометрия,4,,ФН11-12/6,Степанова Х. С.,2026-12-15,2,16,знаменатель,false,семинар,224л
Функциональный анализ и интегральные уравнения,2,,ФН11-34Б(+1),Степанова Х. С.,2026-12-21,1,17,числитель,false,семинар,924л
Аналитическая геометрия,3,,ФН11-12/4,Степанова Х. С.,2026-12-21,1,17,числитель,false,семинар,820л
Функциональный анализ и интегральные уравнения,4,,ФН11-33Б,Степанова Х. С.,2026-12-21,1,17,числитель,false,семинар,922л
Аналитическая геометрия,2,,ФН11-12/6,Степанова Х. С.,2026-12-22,2,17,числитель,false,семинар,921л
Аналитическая геометрия,3,,ФН11-12/6,Степанова Х. С.,2026-12-22,2,17,числитель,false,семинар,919л
Функциональный анализ и интегральные уравнения,2,,ФН11-34Б(+1),Степанова Х. С.,2026-12-28,1,18,знаменатель,false,семинар,924л
Аналитическая геометрия,3,,ФН11-12/4,Степанова Х. С.,2026-12-28,1,18,знаменатель,false,семинар,820л
Функциональный анализ и интегральные уравнения,4,,ФН11-33Б,Степанова Х. С.,2026-12-28,1,18,знаменатель,false,семинар,922л
Аналитическая геометрия,5,,ФН11-12/4,Степанова Х. С.,2026-12-28,1,18,знаменатель,false,семинар,924л
Аналитическая геометрия,4,,ФН11-12/6,Степанова Х. С.,2026-12-29,2,18,знаменатель,false,семинар,224л
Математический анализ,3,,Э8-14/6,Тиняев С. В.,2026-08-31,1,1,числитель,false,семинар,829л
Математический анализ,4,,Э8-14/6,Тиняев С. В.,2026-08-31,1,1,числитель,false,семинар,829л
Математический анализ,2,,Э1-12/6,Тиняев С. В.,2026-09-01,2,1,числитель,false,семинар,617л
Математический анализ,3,,Э2-11/6,Тиняев С. В.,2026-09-01,2,1,числитель,false,семинар,617л
Математический анализ,2,,Э1-12/6,Тиняев С. В.,2026-09-04,5,1,числитель,false,семинар,820л
Математический анализ,3,,Э5-12/6,Тиняев С. В.,2026-09-04,5,1,числитель,false,семинар,917л
Математический анализ,1,,Э4-11/6,Тиняев С. В.,2026-09-05,6,1,числитель,false,семинар,822л
Математический анализ,3,,Э2-11/6,Тиняев С. В.,2026-09-05,6,1,числитель,false,семинар,617л
Математический анализ,4,,Э4-11/6,Тиняев С. В.,2026-09-05,6,1,числитель,false,семинар,822л
Математический анализ,3,,Э8-14/6,Тиняев С. В.,2026-09-07,1,2,знаменатель,false,семинар,829л
Математический анализ,2,,Э1-12/6,Тиняев С. В.,2026-09-11,5,2,знаменатель,false,семинар,820л
Математический анализ,3,,Э5-12/6,Тиняев С. В.,2026-09-11,5,2,знаменатель,false,семинар,917л
Математический анализ,3,,Э2-11/6,Тиняев С. В.,2026-09-12,6,2,знаменатель,false,семинар,617л
Математический анализ,4,,Э4-11/6,Тиняев С. В.,2026-09-12,6,2,знаменатель,false,семинар,822л
Математический анализ,5,,Э5-12/6,Тиняев С. В.,2026-09-12,6,2,знаменатель,false,семинар,822л
Математический анализ,3,,Э8-14/6,Тиняев С. В.,2026-09-14,1,3,числитель,false,семинар,829л
Математический анализ,4,,Э8-14/6,Тиняев С. В.,2026-09-14,1,3,числитель,false,семинар,829л
Математический анализ,2,,Э1-12/6,Тиняев С. В.,2026-09-15,2,3,числитель,false,семинар,617л
Математический анализ,3,,Э2-11/6,Тиняев С. В.,2026-09-15,2,3,числитель,false,семинар,617л
Математический анализ,2,,Э1-12/6,Тиняев С. В.,2026-09-18,5,3,числитель,false,семинар,820л
Математический анализ,3,,Э5-12/6,Тиняев С. В.,2026-09-18,5,3,числитель,false,семинар,917л
Математический анализ,1,,Э4-11/6,Тиняев С. В.,2026-09-19,6,3,числитель,false,семинар,822л
Математический анализ,3,,Э2-11/6,Тиняев С. В.,2026-09-19,6,3,числитель,false,семинар,617л
Математический анализ,4,,Э4-11/6,Тиняев С. В.,2026-09-19,6,3,числитель,false,семинар,822л
Математический анализ,3,,Э8-14/6,Тиняев С. В.,2026-09-21,1,4,знаменатель,false,семинар,829л
Математический анализ,2,,Э1-12/6,Тиняев С. В.,2026-09-25,5,4,знаменатель,false,семинар,820л
Математический анализ,3,,Э5-12/6,Тиняев С. В.,2026-09-25,5,4,знаменатель,false,семинар,917л
Математический анализ,3,,Э2-11/6,Тиняев С. В.,2026-09-26,6,4,знаменатель,false,семинар,617л
Математический анализ,4,,Э4-11/6,Тиняев С. В.,2026-09-26,6,4,знаменатель,false,семинар,822л
Математический анализ,5,,Э5-12/6,Тиняев С. В.,2026-09-26,6,4,знаменатель,false,семинар,822л
Математический анализ,3,,Э8-14/6,Тиняев С. В.,2026-09-28,1,5,числитель,false,семинар,829л
Математический анализ,4,,Э8-14/6,Тиняев С. В.,2026-09-28,1,5,числитель,false,семинар,829л
Математический анализ,2,,Э1-12/6,Тиняев С. В.,2026-09-29,2,5,числитель,false,семинар,617л
Математический анализ,3,,Э2-11/6,Тиняев С. В.,2026-09-29,2,5,числитель,false,семинар,617л
Математический анализ,2,,Э1-12/6,Тиняев С. В.,2026-10-02,5,5,числитель,false,семинар,820л
Математический анализ,3,,Э5-12/6,Тиняев С. В.,2026-10-02,5,5,числитель,false,семинар,917л
Математический анализ,1,,Э4-11/6,Тиняев С. В.,2026-10-03,6,5,числитель,false,семинар,822л
Математический анализ,3,,Э2-11/6,Тиняев С. В.,2026-10-03,6,5,числитель,false,семинар,617л
Математический анализ,4,,Э4-11/6,Тиняев С. В.,2026-10-03,6,5,числитель,false,семинар,822л
Математический анализ,3,,Э8-14/6,Тиняев С. В.,2026-10-05,1,6,знаменатель,false,семинар,829л
Математический анализ,2,,Э1-12/6,Тиняев С. В.,2026-10-09,5,6,знаменатель,false,семинар,820л
Математический анализ,3,,Э5-12/6,Тиняев С. В.,2026-10-09,5,6,знаменатель,false,семинар,917л
Математический анализ,3,,Э2-11/6,Тиняев С. В.,2026-10-10,6,6,знаменатель,false,семинар,617л
Математический анализ,4,,Э4-11/6,Тиняев С. В.,2026-10-10,6,6,знаменатель,false,семинар,822л
Математический анализ,5,,Э5-12/6,Тиняев С. В.,2026-10-10,6,6,знаменатель,false,семинар,822л
Математический анализ,3,,Э8-14/6,Тиняев С. В.,2026-10-12,1,7,числитель,false,семинар,829л
Математический анализ,4,,Э8-14/6,Тиняев С. В.,2026-10-12,1,7,числитель,false,семинар,829л
Математический анализ,2,,Э1-12/6,Тиняев С. В.,2026-10-13,2,7,числитель,false,семинар,617л
Математический анализ,3,,Э2-11/6,Тиняев С. В.,2026-10-13,2,7,числитель,false,семинар,617л
Математический анализ,2,,Э1-12/6,Тиняев С. В.,2026-10-16,5,7,числитель,false,семинар,820л
Математический анализ,3,,Э5-12/6,Тиняев С. В.,2026-10-16,5,7,числитель,false,семинар,917л
Математический анализ,1,,Э4-11/6,Тиняев С. В.,2026-10-17,6,7,числитель,false,семинар,822л
Математический анализ,3,,Э2-11/6,Тиняев С. В.,2026-10-17,6,7,числитель,false,семинар,617л
Математический анализ,4,,Э4-11/6,Тиняев С. В.,2026-10-17,6,7,числитель,false,семинар,822л
Математический анализ,3,,Э8-14/6,Тиняев С. В.,2026-10-19,1,8,знаменатель,false,семинар,829л
Математический анализ,2,,Э1-12/6,Тиняев С. В.,2026-10-23,5,8,знаменатель,false,семинар,820л
Математический анализ,3,,Э5-12/6,Тиняев С. В.,2026-10-23,5,8,знаменатель,false,семинар,917л
Математический анализ,3,,Э2-11/6,Тиняев С. В.,2026-10-24,6,8,знаменатель,false,семинар,617л
Математический анализ,4,,Э4-11/6,Тиняев С. В.,2026-10-24,6,8,знаменатель,false,семинар,822л
Математический анализ,5,,Э5-12/6,Тиняев С. В.,2026-10-24,6,8,знаменатель,false,семинар,822л
Математический анализ,3,,Э8-14/6,Тиняев С. В.,2026-10-26,1,9,числитель,false,семинар,829л
Математический анализ,4,,Э8-14/6,Тиняев С. В.,2026-10-26,1,9,числитель,false,семинар,829л
Математический анализ,2,,Э1-12/6,Тиняев С. В.,2026-10-27,2,9,числитель,false,семинар,617л
Математический анализ,3,,Э2-11/6,Тиняев С. В.,2026-10-27,2,9,числитель,false,семинар,617л
Математический анализ,2,,Э1-12/6,Тиняев С. В.,2026-10-30,5,9,числитель,false,семинар,820л
Математический анализ,3,,Э5-12/6,Тиняев С. В.,2026-10-30,5,9,числитель,false,семинар,917л
Математический анализ,1,,Э4-11/6,Тиняев С. В.,2026-10-31,6,9,числитель,false,семинар,822л
Математический анализ,3,,Э2-11/6,Тиняев С. В.,2026-10-31,6,9,числитель,false,семинар,617л
Математический анализ,4,,Э4-11/6,Тиняев С. В.,2026-10-31,6,9,числитель,false,семинар,822л
Математический анализ,3,,Э8-14/6,Тиняев С. В.,2026-11-02,1,10,знаменатель,false,семинар,829л
Математический анализ,2,,Э1-12/6,Тиняев С. В.,2026-11-06,5,10,знаменатель,false,семинар,820л
Математический анализ,3,,Э5-12/6,Тиняев С. В.,2026-11-06,5,10,знаменатель,false,семинар,917л
Математический анализ,3,,Э2-11/6,Тиняев С. В.,2026-11-07,6,10,знаменатель,false,семинар,617л
Математический анализ,4,,Э4-11/6,Тиняев С. В.,2026-11-07,6,10,знаменатель,false,семинар,822л
Математический анализ,5,,Э5-12/6,Тиняев С. В.,2026-11-07,6,10,знаменатель,false,семинар,822л
Математический анализ,3,,Э8-14/6,Тиняев С. В.,2026-11-09,1,11,числитель,false,семинар,829л
Математический анализ,4,,Э8-14/6,Тиняев С. В.,2026-11-09,1,11,числитель,false,семинар,829л
Математический анализ,2,,Э1-12/6,Тиняев С. В.,2026-11-10,2,11,числитель,false,семинар,617л
Математический анализ,3,,Э2-11/6,Тиняев С. В.,2026-11-10,2,11,числитель,false,семинар,617л
Математический анализ,2,,Э1-12/6,Тиняев С. В.,2026-11-13,5,11,числитель,false,семинар,820л
Математический анализ,3,,Э5-12/6,Тиняев С. В.,2026-11-13,5,11,числитель,false,семинар,917л
Математический анализ,1,,Э4-11/6,Тиняев С. В.,2026-11-14,6,11,числитель,false,семинар,822л
Математический анализ,3,,Э2-11/6,Тиняев С. В.,2026-11-14,6,11,числитель,false,семинар,617л
Математический анализ,4,,Э4-11/6,Тиняев С. В.,2026-11-14,6,11,числитель,false,семинар,822л
Математический анализ,3,,Э8-14/6,Тиняев С. В.,2026-11-16,1,12,знаменатель,false,семинар,829л
Математический анализ,2,,Э1-12/6,Тиняев С. В.,2026-11-20,5,12,знаменатель,false,семинар,820л
Математический анализ,3,,Э5-12/6,Тиняев С. В.,2026-11-20,5,12,знаменатель,false,семинар,917л
Математический анализ,3,,Э2-11/6,Тиняев С. В.,2026-11-21,6,12,знаменатель,false,семинар,617л
Математический анализ,4,,Э4-11/6,Тиняев С. В.,2026-11-21,6,12,знаменатель,false,семинар,822л
Математический анализ,5,,Э5-12/6,Тиняев С. В.,2026-11-21,6,12,знаменатель,false,семинар,822л
Математический анализ,3,,Э8-14/6,Тиняев С. В.,2026-11-23,1,13,числитель,false,семинар,829л
Математический анализ,4,,Э8-14/6,Тиняев С. В.,2026-11-23,1,13,числитель,false,семинар,829л
Математический анализ,2,,Э1-12/6,Тиняев С. В.,2026-11-24,2,13,числитель,false,семинар,617л
Математический анализ,3,,Э2-11/6,Тиняев С. В.,2026-11-24,2,13,числитель,false,семинар,617л
Математический анализ,2,,Э1-12/6,Тиняев С. В.,2026-11-27,5,13,числитель,false,семинар,820л
Математический анализ,3,,Э5-12/6,Тиняев С. В.,2026-11-27,5,13,числитель,false,семинар,917л
Математический анализ,1,,Э4-11/6,Тиняев С. В.,2026-11-28,6,13,числитель,false,семинар,822л
Математический анализ,3,,Э2-11/6,Тиняев С. В.,2026-11-28,6,13,числитель,false,семинар,617л
Математический анализ,4,,Э4-11/6,Тиняев С. В.,2026-11-28,6,13,числитель,false,семинар,822л
Математический анализ,3,,Э8-14/6,Тиняев С. В.,2026-11-30,1,14,знаменатель,false,семинар,829л
Математический анализ,2,,Э1-12/6,Тиняев С. В.,2026-12-04,5,14,знаменатель,false,семинар,820л
Математический анализ,3,,Э5-12/6,Тиняев С. В.,2026-12-04,5,14,знаменатель,false,семинар,917л
Математический анализ,3,,Э2-11/6,Тиняев С. В.,2026-12-05,6,14,знаменатель,false,семинар,617л
Математический анализ,4,,Э4-11/6,Тиняев С. В.,2026-12-05,6,14,знаменатель,false,семинар,822л
Математический анализ,5,,Э5-12/6,Тиняев С. В.,2026-12-05,6,14,знаменатель,false,семинар,822л
Математический анализ,3,,Э8-14/6,Тиняев С. В.,2026-12-07,1,15,числитель,false,семинар,829л
Математический анализ,4,,Э8-14/6,Тиняев С. В.,2026-12-07,1,15,числитель,false,семинар,829л
Математический анализ,2,,Э1-12/6,Тиняев С. В.,2026-12-08,2,15,числитель,false,семинар,617л
Математический анализ,3,,Э2-11/6,Тиняев С. В.,2026-12-08,2,15,числитель,false,семинар,617л
Математический анализ,2,,Э1-12/6,Тиняев С. В.,2026-12-11,5,15,числитель,false,семинар,820л
Математический анализ,3,,Э5-12/6,Тиняев С. В.,2026-12-11,5,15,числитель,false,семинар,917л
Математический анализ,1,,Э4-11/6,Тиняев С. В.,2026-12-12,6,15,числитель,false,семинар,822л
Математический анализ,3,,Э2-11/6,Тиняев С. В.,2026-12-12,6,15,числитель,false,семинар,617л
Математический анализ,4,,Э4-11/6,Тиняев С. В.,2026-12-12,6,15,числитель,false,семинар,822л
Математический анализ,3,,Э8-14/6,Тиняев С. В.,2026-12-14,1,16,знаменатель,false,семинар,829л
Математический анализ,2,,Э1-12/6,Тиняев С. В.,2026-12-18,5,16,знаменатель,false,семинар,820л
Математический анализ,3,,Э5-12/6,Тиняев С. В.,2026-12-18,5,16,знаменатель,false,семинар,917л
Математический анализ,3,,Э2-11/6,Тиняев С. В.,2026-12-19,6,16,знаменатель,false,семинар,617л
Математический анализ,4,,Э4-11/6,Тиняев С. В.,2026-12-19,6,16,знаменатель,false,семинар,822л
Математический анализ,5,,Э5-12/6,Тиняев С. В.,2026-12-19,6,16,знаменатель,false,семинар,822л
Математический анализ,3,,Э8-14/6,Тиняев С. В.,2026-12-21,1,17,числитель,false,семинар,829л
Математический анализ,4,,Э8-14/6,Тиняев С. В.,2026-12-21,1,17,числитель,false,семинар,829л
Математический анализ,2,,Э1-12/6,Тиняев С. В.,2026-12-22,2,17,числитель,false,семинар,617л
Математический анализ,3,,Э2-11/6,Тиняев С. В.,2026-12-22,2,17,числитель,false,семинар,617л
Математический анализ,2,,Э1-12/6,Тиняев С. В.,2026-12-25,5,17,числитель,false,семинар,820л
Математический анализ,3,,Э5-12/6,Тиняев С. В.,2026-12-25,5,17,числитель,false,семинар,917л
Математический анализ,1,,Э4-11/6,Тиняев С. В.,2026-12-26,6,17,числитель,false,семинар,822л
Математический анализ,3,,Э2-11/6,Тиняев С. В.,2026-12-26,6,17,числитель,false,семинар,617л
Математический анализ,4,,Э4-11/6,Тиняев С. В.,2026-12-26,6,17,числитель,false,семинар,822л
Математический анализ,3,,Э8-14/6,Тиняев С. В.,2026-12-28,1,18,знаменатель,false,семинар,829л
Уравнения математической физики,1,,Э2-53Б,Титов Д. А.,2026-09-01,2,1,числитель,false,семинар,215м
Уравнения математической физики,2,,Э4-51Б,Титов Д. А.,2026-09-01,2,1,числитель,false,семинар,215м
Уравнения математической физики,3,,Э4-52Б,Титов Д. А.,2026-09-01,2,1,числитель,false,семинар,215м
Уравнения математической физики,1,,Э2-52Б; Э2И-52Б,Титов Д. А.,2026-09-02,3,1,числитель,false,семинар,215м
Уравнения математической физики,2,,Э2-51Б(+5),Титов Д. А.,2026-09-02,3,1,числитель,false,лекция,525э
Численные методы,3,,Э10-71Б(+1),Титов Д. А.,2026-09-02,3,1,числитель,false,лекция,215м
Уравнения математической физики,4,,Э2-51Б,Титов Д. А.,2026-09-02,3,1,числитель,false,семинар,215м
Уравнения математической физики,1,,Э2-53Б,Титов Д. А.,2026-09-08,2,2,знаменатель,false,семинар,215м
Уравнения математической физики,2,,Э4-51Б,Титов Д. А.,2026-09-08,2,2,знаменатель,false,семинар,215м
Уравнения математической физики,3,,Э4-52Б,Титов Д. А.,2026-09-08,2,2,знаменатель,false,семинар,215м
Уравнения математической физики,1,,Э2-52Б; Э2И-52Б,Титов Д. А.,2026-09-09,3,2,знаменатель,false,семинар,215м
Уравнения математической физики,2,,Э2-51Б(+5),Титов Д. А.,2026-09-09,3,2,знаменатель,false,лекция,525э
Численные методы,4,,Э10-71Б(+1),Титов Д. А.,2026-09-09,3,2,знаменатель,false,семинар,215м
Уравнения математической физики,4,,Э2-51Б,Титов Д. А.,2026-09-09,3,2,знаменатель,false,семинар,215м
Уравнения математической физики,1,,Э2-53Б,Титов Д. А.,2026-09-15,2,3,числитель,false,семинар,215м
Уравнения математической физики,2,,Э4-51Б,Титов Д. А.,2026-09-15,2,3,числитель,false,семинар,215м
Уравнения математической физики,3,,Э4-52Б,Титов Д. А.,2026-09-15,2,3,числитель,false,семинар,215м
Уравнения математической физики,1,,Э2-52Б; Э2И-52Б,Титов Д. А.,2026-09-16,3,3,числитель,false,семинар,215м
Уравнения математической физики,2,,Э2-51Б(+5),Титов Д. А.,2026-09-16,3,3,числитель,false,лекция,525э
Численные методы,3,,Э10-71Б(+1),Титов Д. А.,2026-09-16,3,3,числитель,false,лекция,215м
Уравнения математической физики,4,,Э2-51Б,Титов Д. А.,2026-09-16,3,3,числитель,false,семинар,215м
Уравнения математической физики,1,,Э2-53Б,Титов Д. А.,2026-09-22,2,4,знаменатель,false,семинар,215м
Уравнения математической физики,2,,Э4-51Б,Титов Д. А.,2026-09-22,2,4,знаменатель,false,семинар,215м
Уравнения математической физики,3,,Э4-52Б,Титов Д. А.,2026-09-22,2,4,знаменатель,false,семинар,215м
Уравнения математической физики,1,,Э2-52Б; Э2И-52Б,Титов Д. А.,2026-09-23,3,4,знаменатель,false,семинар,215м
Уравнения математической физики,2,,Э2-51Б(+5),Титов Д. А.,2026-09-23,3,4,знаменатель,false,лекция,525э
Численные методы,4,,Э10-71Б(+1),Титов Д. А.,2026-09-23,3,4,знаменатель,false,семинар,215м
Уравнения математической физики,4,,Э2-51Б,Титов Д. А.,2026-09-23,3,4,знаменатель,false,семинар,215м
Уравнения математической физики,1,,Э2-53Б,Титов Д. А.,2026-09-29,2,5,числитель,false,семинар,215м
Уравнения математической физики,2,,Э4-51Б,Титов Д. А.,2026-09-29,2,5,числитель,false,семинар,215м
Уравнения математической физики,3,,Э4-52Б,Титов Д. А.,2026-09-29,2,5,числитель,false,семинар,215м
Уравнения математической физики,1,,Э2-52Б; Э2И-52Б,Титов Д. А.,2026-09-30,3,5,числитель,false,семинар,215м
Уравнения математической физики,2,,Э2-51Б(+5),Титов Д. А.,2026-09-30,3,5,числитель,false,лекция,525э
Численные методы,3,,Э10-71Б(+1),Титов Д. А.,2026-09-30,3,5,числитель,false,лекция,215м
Уравнения математической физики,4,,Э2-51Б,Титов Д. А.,2026-09-30,3,5,числитель,false,семинар,215м
Уравнения математической физики,1,,Э2-53Б,Титов Д. А.,2026-10-06,2,6,знаменатель,false,семинар,215м
Уравнения математической физики,2,,Э4-51Б,Титов Д. А.,2026-10-06,2,6,знаменатель,false,семинар,215м
Уравнения математической физики,3,,Э4-52Б,Титов Д. А.,2026-10-06,2,6,знаменатель,false,семинар,215м
Уравнения математической физики,1,,Э2-52Б; Э2И-52Б,Титов Д. А.,2026-10-07,3,6,знаменатель,false,семинар,215м
Уравнения математической физики,2,,Э2-51Б(+5),Титов Д. А.,2026-10-07,3,6,знаменатель,false,лекция,525э
Численные методы,4,,Э10-71Б(+1),Титов Д. А.,2026-10-07,3,6,знаменатель,false,семинар,215м
Уравнения математической физики,4,,Э2-51Б,Титов Д. А.,2026-10-07,3,6,знаменатель,false,семинар,215м
Уравнения математической физики,1,,Э2-53Б,Титов Д. А.,2026-10-13,2,7,числитель,false,семинар,215м
Уравнения математической физики,2,,Э4-51Б,Титов Д. А.,2026-10-13,2,7,числитель,false,семинар,215м
Уравнения математической физики,3,,Э4-52Б,Титов Д. А.,2026-10-13,2,7,числитель,false,семинар,215м
Уравнения математической физики,1,,Э2-52Б; Э2И-52Б,Титов Д. А.,2026-10-14,3,7,числитель,false,семинар,215м
Уравнения математической физики,2,,Э2-51Б(+5),Титов Д. А.,2026-10-14,3,7,числитель,false,лекция,525э
Численные методы,3,,Э10-71Б(+1),Титов Д. А.,2026-10-14,3,7,числитель,false,лекция,215м
Уравнения математической физики,4,,Э2-51Б,Титов Д. А.,2026-10-14,3,7,числитель,false,семинар,215м
Уравнения математической физики,1,,Э2-53Б,Титов Д. А.,2026-10-20,2,8,знаменатель,false,семинар,215м
Уравнения математической физики,2,,Э4-51Б,Титов Д. А.,2026-10-20,2,8,знаменатель,false,семинар,215м
Уравнения математической физики,3,,Э4-52Б,Титов Д. А.,2026-10-20,2,8,знаменатель,false,семинар,215м
Уравнения математической физики,1,,Э2-52Б; Э2И-52Б,Титов Д. А.,2026-10-21,3,8,знаменатель,false,семинар,215м
Уравнения математической физики,2,,Э2-51Б(+5),Титов Д. А.,2026-10-21,3,8,знаменатель,false,лекция,525э
Численные методы,4,,Э10-71Б(+1),Титов Д. А.,2026-10-21,3,8,знаменатель,false,семинар,215м
Уравнения математической физики,4,,Э2-51Б,Титов Д. А.,2026-10-21,3,8,знаменатель,false,семинар,215м
Уравнения математической физики,1,,Э2-53Б,Титов Д. А.,2026-10-27,2,9,числитель,false,семинар,215м
Уравнения математической физики,2,,Э4-51Б,Титов Д. А.,2026-10-27,2,9,числитель,false,семинар,215м
Уравнения математической физики,3,,Э4-52Б,Титов Д. А.,2026-10-27,2,9,числитель,false,семинар,215м
Уравнения математической физики,1,,Э2-52Б; Э2И-52Б,Титов Д. А.,2026-10-28,3,9,числитель,false,семинар,215м
Уравнения математической физики,2,,Э2-51Б(+5),Титов Д. А.,2026-10-28,3,9,числитель,false,лекция,525э
Численные методы,3,,Э10-71Б(+1),Титов Д. А.,2026-10-28,3,9,числитель,false,лекция,215м
Уравнения математической физики,4,,Э2-51Б,Титов Д. А.,2026-10-28,3,9,числитель,false,семинар,215м
Уравнения математической физики,1,,Э2-53Б,Титов Д. А.,2026-11-03,2,10,знаменатель,false,семинар,215м
Уравнения математической физики,2,,Э4-51Б,Титов Д. А.,2026-11-03,2,10,знаменатель,false,семинар,215м
Уравнения математической физики,3,,Э4-52Б,Титов Д. А.,2026-11-03,2,10,знаменатель,false,семинар,215м
Уравнения математической физики,1,,Э2-52Б; Э2И-52Б,Титов Д. А.,2026-11-04,3,10,знаменатель,false,семинар,215м
Уравнения математической физики,2,,Э2-51Б(+5),Титов Д. А.,2026-11-04,3,10,знаменатель,false,лекция,525э
Численные методы,4,,Э10-71Б(+1),Титов Д. А.,2026-11-04,3,10,знаменатель,false,семинар,215м
Уравнения математической физики,4,,Э2-51Б,Титов Д. А.,2026-11-04,3,10,знаменатель,false,семинар,215м
Уравнения математической физики,1,,Э2-53Б,Титов Д. А.,2026-11-10,2,11,числитель,false,семинар,215м
Уравнения математической физики,2,,Э4-51Б,Титов Д. А.,2026-11-10,2,11,числитель,false,семинар,215м
Уравнения математической физики,3,,Э4-52Б,Титов Д. А.,2026-11-10,2,11,числитель,false,семинар,215м
Уравнения математической физики,1,,Э2-52Б; Э2И-52Б,Титов Д. А.,2026-11-11,3,11,числитель,false,семинар,215м
Уравнения математической физики,2,,Э2-51Б(+5),Титов Д. А.,2026-11-11,3,11,числитель,false,лекция,525э
Численные методы,3,,Э10-71Б(+1),Титов Д. А.,2026-11-11,3,11,числитель,false,лекция,215м
Уравнения математической физики,4,,Э2-51Б,Титов Д. А.,2026-11-11,3,11,числитель,false,семинар,215м
Уравнения математической физики,1,,Э2-53Б,Титов Д. А.,2026-11-17,2,12,знаменатель,false,семинар,215м
Уравнения математической физики,2,,Э4-51Б,Титов Д. А.,2026-11-17,2,12,знаменатель,false,семинар,215м
Уравнения математической физики,3,,Э4-52Б,Титов Д. А.,2026-11-17,2,12,знаменатель,false,семинар,215м
Уравнения математической физики,1,,Э2-52Б; Э2И-52Б,Титов Д. А.,2026-11-18,3,12,знаменатель,false,семинар,215м
Уравнения математической физики,2,,Э2-51Б(+5),Титов Д. А.,2026-11-18,3,12,знаменатель,false,лекция,525э
Численные методы,4,,Э10-71Б(+1),Титов Д. А.,2026-11-18,3,12,знаменатель,false,семинар,215м
Уравнения математической физики,4,,Э2-51Б,Титов Д. А.,2026-11-18,3,12,знаменатель,false,семинар,215м
Уравнения математической физики,1,,Э2-53Б,Титов Д. А.,2026-11-24,2,13,числитель,false,семинар,215м
Уравнения математической физики,2,,Э4-51Б,Титов Д. А.,2026-11-24,2,13,числитель,false,семинар,215м
Уравнения математической физики,3,,Э4-52Б,Титов Д. А.,2026-11-24,2,13,числитель,false,семинар,215м
Уравнения математической физики,1,,Э2-52Б; Э2И-52Б,Титов Д. А.,2026-11-25,3,13,числитель,false,семинар,215м
Уравнения математической физики,2,,Э2-51Б(+5),Титов Д. А.,2026-11-25,3,13,числитель,false,лекция,525э
Численные методы,3,,Э10-71Б(+1),Титов Д. А.,2026-11-25,3,13,числитель,false,лекция,215м
Уравнения математической физики,4,,Э2-51Б,Титов Д. А.,2026-11-25,3,13,числитель,false,семинар,215м
Уравнения математической физики,1,,Э2-53Б,Титов Д. А.,2026-12-01,2,14,знаменатель,false,семинар,215м
Уравнения математической физики,2,,Э4-51Б,Титов Д. А.,2026-12-01,2,14,знаменатель,false,семинар,215м
Уравнения математической физики,3,,Э4-52Б,Титов Д. А.,2026-12-01,2,14,знаменатель,false,семинар,215м
Уравнения математической физики,1,,Э2-52Б; Э2И-52Б,Титов Д. А.,2026-12-02,3,14,знаменатель,false,семинар,215м
Уравнения математической физики,2,,Э2-51Б(+5),Титов Д. А.,2026-12-02,3,14,знаменатель,false,лекция,525э
Численные методы,4,,Э10-71Б(+1),Титов Д. А.,2026-12-02,3,14,знаменатель,false,семинар,215м
Уравнения математической физики,4,,Э2-51Б,Титов Д. А.,2026-12-02,3,14,знаменатель,false,семинар,215м
Уравнения математической физики,1,,Э2-53Б,Титов Д. А.,2026-12-08,2,15,числитель,false,семинар,215м
Уравнения математической физики,2,,Э4-51Б,Титов Д. А.,2026-12-08,2,15,числитель,false,семинар,215м
Уравнения математической физики,3,,Э4-52Б,Титов Д. А.,2026-12-08,2,15,числитель,false,семинар,215м
Уравнения математической физики,1,,Э2-52Б; Э2И-52Б,Титов Д. А.,2026-12-09,3,15,числитель,false,семинар,215м
Уравнения математической физики,2,,Э2-51Б(+5),Титов Д. А.,2026-12-09,3,15,числитель,false,лекция,525э
Численные методы,3,,Э10-71Б(+1),Титов Д. А.,2026-12-09,3,15,числитель,false,лекция,215м
Уравнения математической физики,4,,Э2-51Б,Титов Д. А.,2026-12-09,3,15,числитель,false,семинар,215м
Уравнения математической физики,1,,Э2-53Б,Титов Д. А.,2026-12-15,2,16,знаменатель,false,семинар,215м
Уравнения математической физики,2,,Э4-51Б,Титов Д. А.,2026-12-15,2,16,знаменатель,false,семинар,215м
Уравнения математической физики,3,,Э4-52Б,Титов Д. А.,2026-12-15,2,16,знаменатель,false,семинар,215м
Уравнения математической физики,1,,Э2-52Б; Э2И-52Б,Титов Д. А.,2026-12-16,3,16,знаменатель,false,семинар,215м
Уравнения математической физики,2,,Э2-51Б(+5),Титов Д. А.,2026-12-16,3,16,знаменатель,false,лекция,525э
Численные методы,4,,Э10-71Б(+1),Титов Д. А.,2026-12-16,3,16,знаменатель,false,семинар,215м
Уравнения математической физики,4,,Э2-51Б,Титов Д. А.,2026-12-16,3,16,знаменатель,false,семинар,215м
Уравнения математической физики,1,,Э2-53Б,Титов Д. А.,2026-12-22,2,17,числитель,false,семинар,215м
Уравнения математической физики,2,,Э4-51Б,Титов Д. А.,2026-12-22,2,17,числитель,false,семинар,215м
Уравнения математической физики,3,,Э4-52Б,Титов Д. А.,2026-12-22,2,17,числитель,false,семинар,215м
Уравнения математической физики,1,,Э2-52Б; Э2И-52Б,Титов Д. А.,2026-12-23,3,17,числитель,false,семинар,215м
Уравнения математической физики,2,,Э2-51Б(+5),Титов Д. А.,2026-12-23,3,17,числитель,false,лекция,525э
Численные методы,3,,Э10-71Б(+1),Титов Д. А.,2026-12-23,3,17,числитель,false,лекция,215м
Уравнения математической физики,4,,Э2-51Б,Титов Д. А.,2026-12-23,3,17,числитель,false,семинар,215м
Уравнения математической физики,1,,Э2-53Б,Титов Д. А.,2026-12-29,2,18,знаменатель,false,семинар,215м
Уравнения математической физики,2,,Э4-51Б,Титов Д. А.,2026-12-29,2,18,знаменатель,false,семинар,215м
Уравнения математической физики,3,,Э4-52Б,Титов Д. А.,2026-12-29,2,18,знаменатель,false,семинар,215м
Уравнения математической физики,1,,Э2-52Б; Э2И-52Б,Титов Д. А.,2026-12-30,3,18,знаменатель,false,семинар,215м
Уравнения математической физики,2,,Э2-51Б(+5),Титов Д. А.,2026-12-30,3,18,знаменатель,false,лекция,525э
Численные методы,4,,Э10-71Б(+1),Титов Д. А.,2026-12-30,3,18,знаменатель,false,семинар,215м
Уравнения математической физики,4,,Э2-51Б,Титов Д. А.,2026-12-30,3,18,знаменатель,false,семинар,215м
Кратные интегралы и ряды,5,,"ФН4-31Б,32Б; ФН4И-31Б",Тришин А. В.,2026-09-01,2,1,числитель,false,лекция,935л
Кратные интегралы и ряды,6,,ФН4-31Б; ФН4И-31Б,Тришин А. В.,2026-09-01,2,1,числитель,false,семинар,924л
Уравнения математической физики,2,,ФН3-51Б(+3),Тришин А. В.,2026-09-02,3,1,числитель,false,лекция,212л
Уравнения математической физики,3,,ФН3-51Б(+3),Тришин А. В.,2026-09-02,3,1,числитель,false,лекция,212л
Уравнения математической физики,4,,ФН4-51Б,Тришин А. В.,2026-09-02,3,1,числитель,false,семинар,924л
Уравнения математической физики,5,,ФН4-52Б,Тришин А. В.,2026-09-02,3,1,числитель,false,семинар,924л
Кратные интегралы и ряды,4,,ФН4-32Б,Тришин А. В.,2026-09-03,4,1,числитель,false,семинар,736л
Кратные интегралы и ряды,5,,ФН4-31Б(+2),Тришин А. В.,2026-09-03,4,1,числитель,false,лекция,935л
Кратные интегралы и ряды,6,,ФН4-31Б(+1),Тришин А. В.,2026-09-03,4,1,числитель,false,семинар,924л
Кратные интегралы и ряды,5,,"ФН4-31Б,32Б; ФН4И-31Б",Тришин А. В.,2026-09-08,2,2,знаменатель,false,лекция,935л
Кратные интегралы и ряды,6,,ФН4-31Б; ФН4И-31Б,Тришин А. В.,2026-09-08,2,2,знаменатель,false,семинар,924л
Уравнения математической физики,3,,ФН3-51Б(+3),Тришин А. В.,2026-09-09,3,2,знаменатель,false,лекция,212л
Уравнения математической физики,4,,ФН4-51Б,Тришин А. В.,2026-09-09,3,2,знаменатель,false,семинар,924л
Уравнения математической физики,5,,ФН4-52Б,Тришин А. В.,2026-09-09,3,2,знаменатель,false,семинар,924л
Кратные интегралы и ряды,4,,ФН4-32Б,Тришин А. В.,2026-09-10,4,2,знаменатель,false,семинар,736л
Кратные интегралы и ряды,7,,ФН4-32Б,Тришин А. В.,2026-09-10,4,2,знаменатель,false,семинар,924л
Кратные интегралы и ряды,5,,"ФН4-31Б,32Б; ФН4И-31Б",Тришин А. В.,2026-09-15,2,3,числитель,false,лекция,935л
Кратные интегралы и ряды,6,,ФН4-31Б; ФН4И-31Б,Тришин А. В.,2026-09-15,2,3,числитель,false,семинар,924л
Уравнения математической физики,2,,ФН3-51Б(+3),Тришин А. В.,2026-09-16,3,3,числитель,false,лекция,212л
Уравнения математической физики,3,,ФН3-51Б(+3),Тришин А. В.,2026-09-16,3,3,числитель,false,лекция,212л
Уравнения математической физики,4,,ФН4-51Б,Тришин А. В.,2026-09-16,3,3,числитель,false,семинар,924л
Уравнения математической физики,5,,ФН4-52Б,Тришин А. В.,2026-09-16,3,3,числитель,false,семинар,924л
Кратные интегралы и ряды,4,,ФН4-32Б,Тришин А. В.,2026-09-17,4,3,числитель,false,семинар,736л
Кратные интегралы и ряды,5,,ФН4-31Б(+2),Тришин А. В.,2026-09-17,4,3,числитель,false,лекция,935л
Кратные интегралы и ряды,6,,ФН4-31Б(+1),Тришин А. В.,2026-09-17,4,3,числитель,false,семинар,924л
Кратные интегралы и ряды,5,,"ФН4-31Б,32Б; ФН4И-31Б",Тришин А. В.,2026-09-22,2,4,знаменатель,false,лекция,935л
Кратные интегралы и ряды,6,,ФН4-31Б; ФН4И-31Б,Тришин А. В.,2026-09-22,2,4,знаменатель,false,семинар,924л
Уравнения математической физики,3,,ФН3-51Б(+3),Тришин А. В.,2026-09-23,3,4,знаменатель,false,лекция,212л
Уравнения математической физики,4,,ФН4-51Б,Тришин А. В.,2026-09-23,3,4,знаменатель,false,семинар,924л
Уравнения математической физики,5,,ФН4-52Б,Тришин А. В.,2026-09-23,3,4,знаменатель,false,семинар,924л
Кратные интегралы и ряды,4,,ФН4-32Б,Тришин А. В.,2026-09-24,4,4,знаменатель,false,семинар,736л
Кратные интегралы и ряды,7,,ФН4-32Б,Тришин А. В.,2026-09-24,4,4,знаменатель,false,семинар,924л
Кратные интегралы и ряды,5,,"ФН4-31Б,32Б; ФН4И-31Б",Тришин А. В.,2026-09-29,2,5,числитель,false,лекция,935л
Кратные интегралы и ряды,6,,ФН4-31Б; ФН4И-31Б,Тришин А. В.,2026-09-29,2,5,числитель,false,семинар,924л
Уравнения математической физики,2,,ФН3-51Б(+3),Тришин А. В.,2026-09-30,3,5,числитель,false,лекция,212л
Уравнения математической физики,3,,ФН3-51Б(+3),Тришин А. В.,2026-09-30,3,5,числитель,false,лекция,212л
Уравнения математической физики,4,,ФН4-51Б,Тришин А. В.,2026-09-30,3,5,числитель,false,семинар,924л
Уравнения математической физики,5,,ФН4-52Б,Тришин А. В.,2026-09-30,3,5,числитель,false,семинар,924л
Кратные интегралы и ряды,4,,ФН4-32Б,Тришин А. В.,2026-10-01,4,5,числитель,false,семинар,736л
Кратные интегралы и ряды,5,,ФН4-31Б(+2),Тришин А. В.,2026-10-01,4,5,числитель,false,лекция,935л
Кратные интегралы и ряды,6,,ФН4-31Б(+1),Тришин А. В.,2026-10-01,4,5,числитель,false,семинар,924л
Кратные интегралы и ряды,5,,"ФН4-31Б,32Б; ФН4И-31Б",Тришин А. В.,2026-10-06,2,6,знаменатель,false,лекция,935л
Кратные интегралы и ряды,6,,ФН4-31Б; ФН4И-31Б,Тришин А. В.,2026-10-06,2,6,знаменатель,false,семинар,924л
Уравнения математической физики,3,,ФН3-51Б(+3),Тришин А. В.,2026-10-07,3,6,знаменатель,false,лекция,212л
Уравнения математической физики,4,,ФН4-51Б,Тришин А. В.,2026-10-07,3,6,знаменатель,false,семинар,924л
Уравнения математической физики,5,,ФН4-52Б,Тришин А. В.,2026-10-07,3,6,знаменатель,false,семинар,924л
Кратные интегралы и ряды,4,,ФН4-32Б,Тришин А. В.,2026-10-08,4,6,знаменатель,false,семинар,736л
Кратные интегралы и ряды,7,,ФН4-32Б,Тришин А. В.,2026-10-08,4,6,знаменатель,false,семинар,924л
Кратные интегралы и ряды,5,,"ФН4-31Б,32Б; ФН4И-31Б",Тришин А. В.,2026-10-13,2,7,числитель,false,лекция,935л
Кратные интегралы и ряды,6,,ФН4-31Б; ФН4И-31Б,Тришин А. В.,2026-10-13,2,7,числитель,false,семинар,924л
Уравнения математической физики,2,,ФН3-51Б(+3),Тришин А. В.,2026-10-14,3,7,числитель,false,лекция,212л
Уравнения математической физики,3,,ФН3-51Б(+3),Тришин А. В.,2026-10-14,3,7,числитель,false,лекция,212л
Уравнения математической физики,4,,ФН4-51Б,Тришин А. В.,2026-10-14,3,7,числитель,false,семинар,924л
Уравнения математической физики,5,,ФН4-52Б,Тришин А. В.,2026-10-14,3,7,числитель,false,семинар,924л
Кратные интегралы и ряды,4,,ФН4-32Б,Тришин А. В.,2026-10-15,4,7,числитель,false,семинар,736л
Кратные интегралы и ряды,5,,ФН4-31Б(+2),Тришин А. В.,2026-10-15,4,7,числитель,false,лекция,935л
Кратные интегралы и ряды,6,,ФН4-31Б(+1),Тришин А. В.,2026-10-15,4,7,числитель,false,семинар,924л
Кратные интегралы и ряды,5,,"ФН4-31Б,32Б; ФН4И-31Б",Тришин А. В.,2026-10-20,2,8,знаменатель,false,лекция,935л
Кратные интегралы и ряды,6,,ФН4-31Б; ФН4И-31Б,Тришин А. В.,2026-10-20,2,8,знаменатель,false,семинар,924л
Уравнения математической физики,3,,ФН3-51Б(+3),Тришин А. В.,2026-10-21,3,8,знаменатель,false,лекция,212л
Уравнения математической физики,4,,ФН4-51Б,Тришин А. В.,2026-10-21,3,8,знаменатель,false,семинар,924л
Уравнения математической физики,5,,ФН4-52Б,Тришин А. В.,2026-10-21,3,8,знаменатель,false,семинар,924л
Кратные интегралы и ряды,4,,ФН4-32Б,Тришин А. В.,2026-10-22,4,8,знаменатель,false,семинар,736л
Кратные интегралы и ряды,7,,ФН4-32Б,Тришин А. В.,2026-10-22,4,8,знаменатель,false,семинар,924л
Кратные интегралы и ряды,5,,"ФН4-31Б,32Б; ФН4И-31Б",Тришин А. В.,2026-10-27,2,9,числитель,false,лекция,935л
Кратные интегралы и ряды,6,,ФН4-31Б; ФН4И-31Б,Тришин А. В.,2026-10-27,2,9,числитель,false,семинар,924л
Уравнения математической физики,2,,ФН3-51Б(+3),Тришин А. В.,2026-10-28,3,9,числитель,false,лекция,212л
Уравнения математической физики,3,,ФН3-51Б(+3),Тришин А. В.,2026-10-28,3,9,числитель,false,лекция,212л
Уравнения математической физики,4,,ФН4-51Б,Тришин А. В.,2026-10-28,3,9,числитель,false,семинар,924л
Уравнения математической физики,5,,ФН4-52Б,Тришин А. В.,2026-10-28,3,9,числитель,false,семинар,924л
Кратные интегралы и ряды,4,,ФН4-32Б,Тришин А. В.,2026-10-29,4,9,числитель,false,семинар,736л
Кратные интегралы и ряды,5,,ФН4-31Б(+2),Тришин А. В.,2026-10-29,4,9,числитель,false,лекция,935л
Кратные интегралы и ряды,6,,ФН4-31Б(+1),Тришин А. В.,2026-10-29,4,9,числитель,false,семинар,924л
Кратные интегралы и ряды,5,,"ФН4-31Б,32Б; ФН4И-31Б",Тришин А. В.,2026-11-03,2,10,знаменатель,false,лекция,935л
Кратные интегралы и ряды,6,,ФН4-31Б; ФН4И-31Б,Тришин А. В.,2026-11-03,2,10,знаменатель,false,семинар,924л
Уравнения математической физики,3,,ФН3-51Б(+3),Тришин А. В.,2026-11-04,3,10,знаменатель,false,лекция,212л
Уравнения математической физики,4,,ФН4-51Б,Тришин А. В.,2026-11-04,3,10,знаменатель,false,семинар,924л
Уравнения математической физики,5,,ФН4-52Б,Тришин А. В.,2026-11-04,3,10,знаменатель,false,семинар,924л
Кратные интегралы и ряды,4,,ФН4-32Б,Тришин А. В.,2026-11-05,4,10,знаменатель,false,семинар,736л
Кратные интегралы и ряды,7,,ФН4-32Б,Тришин А. В.,2026-11-05,4,10,знаменатель,false,семинар,924л
Кратные интегралы и ряды,5,,"ФН4-31Б,32Б; ФН4И-31Б",Тришин А. В.,2026-11-10,2,11,числитель,false,лекция,935л
Кратные интегралы и ряды,6,,ФН4-31Б; ФН4И-31Б,Тришин А. В.,2026-11-10,2,11,числитель,false,семинар,924л
Уравнения математической физики,2,,ФН3-51Б(+3),Тришин А. В.,2026-11-11,3,11,числитель,false,лекция,212л
Уравнения математической физики,3,,ФН3-51Б(+3),Тришин А. В.,2026-11-11,3,11,числитель,false,лекция,212л
Уравнения математической физики,4,,ФН4-51Б,Тришин А. В.,2026-11-11,3,11,числитель,false,семинар,924л
Уравнения математической физики,5,,ФН4-52Б,Тришин А. В.,2026-11-11,3,11,числитель,false,семинар,924л
Кратные интегралы и ряды,4,,ФН4-32Б,Тришин А. В.,2026-11-12,4,11,числитель,false,семинар,736л
Кратные интегралы и ряды,5,,ФН4-31Б(+2),Тришин А. В.,2026-11-12,4,11,числитель,false,лекция,935л
Кратные интегралы и ряды,6,,ФН4-31Б(+1),Тришин А. В.,2026-11-12,4,11,числитель,false,семинар,924л
Кратные интегралы и ряды,5,,"ФН4-31Б,32Б; ФН4И-31Б",Тришин А. В.,2026-11-17,2,12,знаменатель,false,лекция,935л
Кратные интегралы и ряды,6,,ФН4-31Б; ФН4И-31Б,Тришин А. В.,2026-11-17,2,12,знаменатель,false,семинар,924л
Уравнения математической физики,3,,ФН3-51Б(+3),Тришин А. В.,2026-11-18,3,12,знаменатель,false,лекция,212л
Уравнения математической физики,4,,ФН4-51Б,Тришин А. В.,2026-11-18,3,12,знаменатель,false,семинар,924л
Уравнения математической физики,5,,ФН4-52Б,Тришин А. В.,2026-11-18,3,12,знаменатель,false,семинар,924л
Кратные интегралы и ряды,4,,ФН4-32Б,Тришин А. В.,2026-11-19,4,12,знаменатель,false,семинар,736л
Кратные интегралы и ряды,7,,ФН4-32Б,Тришин А. В.,2026-11-19,4,12,знаменатель,false,семинар,924л
Кратные интегралы и ряды,5,,"ФН4-31Б,32Б; ФН4И-31Б",Тришин А. В.,2026-11-24,2,13,числитель,false,лекция,935л
Кратные интегралы и ряды,6,,ФН4-31Б; ФН4И-31Б,Тришин А. В.,2026-11-24,2,13,числитель,false,семинар,924л
Уравнения математической физики,2,,ФН3-51Б(+3),Тришин А. В.,2026-11-25,3,13,числитель,false,лекция,212л
Уравнения математической физики,3,,ФН3-51Б(+3),Тришин А. В.,2026-11-25,3,13,числитель,false,лекция,212л
Уравнения математической физики,4,,ФН4-51Б,Тришин А. В.,2026-11-25,3,13,числитель,false,семинар,924л
Уравнения математической физики,5,,ФН4-52Б,Тришин А. В.,2026-11-25,3,13,числитель,false,семинар,924л
Кратные интегралы и ряды,4,,ФН4-32Б,Тришин А. В.,2026-11-26,4,13,числитель,false,семинар,736л
Кратные интегралы и ряды,5,,ФН4-31Б(+2),Тришин А. В.,2026-11-26,4,13,числитель,false,лекция,935л
Кратные интегралы и ряды,6,,ФН4-31Б(+1),Тришин А. В.,2026-11-26,4,13,числитель,false,семинар,924л
Кратные интегралы и ряды,5,,"ФН4-31Б,32Б; ФН4И-31Б",Тришин А. В.,2026-12-01,2,14,знаменатель,false,лекция,935л
Кратные интегралы и ряды,6,,ФН4-31Б; ФН4И-31Б,Тришин А. В.,2026-12-01,2,14,знаменатель,false,семинар,924л
Уравнения математической физики,3,,ФН3-51Б(+3),Тришин А. В.,2026-12-02,3,14,знаменатель,false,лекция,212л
Уравнения математической физики,4,,ФН4-51Б,Тришин А. В.,2026-12-02,3,14,знаменатель,false,семинар,924л
Уравнения математической физики,5,,ФН4-52Б,Тришин А. В.,2026-12-02,3,14,знаменатель,false,семинар,924л
Кратные интегралы и ряды,4,,ФН4-32Б,Тришин А. В.,2026-12-03,4,14,знаменатель,false,семинар,736л
Кратные интегралы и ряды,7,,ФН4-32Б,Тришин А. В.,2026-12-03,4,14,знаменатель,false,семинар,924л
Кратные интегралы и ряды,5,,"ФН4-31Б,32Б; ФН4И-31Б",Тришин А. В.,2026-12-08,2,15,числитель,false,лекция,935л
Кратные интегралы и ряды,6,,ФН4-31Б; ФН4И-31Б,Тришин А. В.,2026-12-08,2,15,числитель,false,семинар,924л
Уравнения математической физики,2,,ФН3-51Б(+3),Тришин А. В.,2026-12-09,3,15,числитель,false,лекция,212л
Уравнения математической физики,3,,ФН3-51Б(+3),Тришин А. В.,2026-12-09,3,15,числитель,false,лекция,212л
Уравнения математической физики,4,,ФН4-51Б,Тришин А. В.,2026-12-09,3,15,числитель,false,семинар,924л
Уравнения математической физики,5,,ФН4-52Б,Тришин А. В.,2026-12-09,3,15,числитель,false,семинар,924л
Кратные интегралы и ряды,4,,ФН4-32Б,Тришин А. В.,2026-12-10,4,15,числитель,false,семинар,736л
Кратные интегралы и ряды,5,,ФН4-31Б(+2),Тришин А. В.,2026-12-10,4,15,числитель,false,лекция,935л
Кратные интегралы и ряды,6,,ФН4-31Б(+1),Тришин А. В.,2026-12-10,4,15,числитель,false,семинар,924л
Кратные интегралы и ряды,5,,"ФН4-31Б,32Б; ФН4И-31Б",Тришин А. В.,2026-12-15,2,16,знаменатель,false,лекция,935л
Кратные интегралы и ряды,6,,ФН4-31Б; ФН4И-31Б,Тришин А. В.,2026-12-15,2,16,знаменатель,false,семинар,924л
Уравнения математической физики,3,,ФН3-51Б(+3),Тришин А. В.,2026-12-16,3,16,знаменатель,false,лекция,212л
Уравнения математической физики,4,,ФН4-51Б,Тришин А. В.,2026-12-16,3,16,знаменатель,false,семинар,924л
Уравнения математической физики,5,,ФН4-52Б,Тришин А. В.,2026-12-16,3,16,знаменатель,false,семинар,924л
Кратные интегралы и ряды,4,,ФН4-32Б,Тришин А. В.,2026-12-17,4,16,знаменатель,false,семинар,736л
Кратные интегралы и ряды,7,,ФН4-32Б,Тришин А. В.,2026-12-17,4,16,знаменатель,false,семинар,924л
Кратные интегралы и ряды,5,,"ФН4-31Б,32Б; ФН4И-31Б",Тришин А. В.,2026-12-22,2,17,числитель,false,лекция,935л
Кратные интегралы и ряды,6,,ФН4-31Б; ФН4И-31Б,Тришин А. В.,2026-12-22,2,17,числитель,false,семинар,924л
Уравнения математической физики,2,,ФН3-51Б(+3),Тришин А. В.,2026-12-23,3,17,числитель,false,лекция,212л
Уравнения математической физики,3,,ФН3-51Б(+3),Тришин А. В.,2026-12-23,3,17,числитель,false,лекция,212л
Уравнения математической физики,4,,ФН4-51Б,Тришин А. В.,2026-12-23,3,17,числитель,false,семинар,924л
Уравнения математической физики,5,,ФН4-52Б,Тришин А. В.,2026-12-23,3,17,числитель,false,семинар,924л
Кратные интегралы и ряды,4,,ФН4-32Б,Тришин А. В.,2026-12-24,4,17,числитель,false,семинар,736л
Кратные интегралы и ряды,5,,ФН4-31Б(+2),Тришин А. В.,2026-12-24,4,17,числитель,false,лекция,935л
Кратные интегралы и ряды,6,,ФН4-31Б(+1),Тришин А. В.,2026-12-24,4,17,числитель,false,семинар,924л
Кратные интегралы и ряды,5,,"ФН4-31Б,32Б; ФН4И-31Б",Тришин А. В.,2026-12-29,2,18,знаменатель,false,лекция,935л
Кратные интегралы и ряды,6,,ФН4-31Б; ФН4И-31Б,Тришин А. В.,2026-12-29,2,18,знаменатель,false,семинар,924л
Уравнения математической физики,3,,ФН3-51Б(+3),Тришин А. В.,2026-12-30,3,18,знаменатель,false,лекция,212л
Уравнения математической физики,4,,ФН4-51Б,Тришин А. В.,2026-12-30,3,18,знаменатель,false,семинар,924л
Уравнения математической физики,5,,ФН4-52Б,Тришин А. В.,2026-12-30,3,18,знаменатель,false,семинар,924л
Кратные интегралы и ряды,4,,ФН4-32Б,Тришин А. В.,2026-12-31,4,18,знаменатель,false,семинар,736л
Кратные интегралы и ряды,7,,ФН4-32Б,Тришин А. В.,2026-12-31,4,18,знаменатель,false,семинар,924л
"Кратные и криволинейные интегралы, ряды",3,,ФН11-31Б,Тришина Е. А.,2026-08-31,1,1,числитель,false,семинар,734л
Математический анализ,4,,"ФН11-11/6,12/6",Тришина Е. А.,2026-08-31,1,1,числитель,false,лекция,228л
Кратные интегралы и ряды,5,,Э2-31Б(+4),Тришина Е. А.,2026-09-02,3,1,числитель,false,лекция,218л
Кратные интегралы и ряды,6,,Э2-32Б; Э2И-32Б,Тришина Е. А.,2026-09-02,3,1,числитель,false,семинар,829л
"Кратные и криволинейные интегралы, ряды",6,,ФН11-31Б(+4),Тришина Е. А.,2026-09-03,4,1,числитель,false,лекция,212л
"Кратные и криволинейные интегралы, ряды",2,,ФН11-31Б,Тришина Е. А.,2026-09-04,5,1,числитель,false,семинар,924л
"Кратные и криволинейные интегралы, ряды",3,,ФН11-31Б(+4),Тришина Е. А.,2026-09-04,5,1,числитель,false,лекция,212л
Математический анализ,4,,ФН11-11/6,Тришина Е. А.,2026-09-04,5,1,числитель,false,семинар,924л
Математический анализ,4,,"ФН11-11/6,12/6",Тришина Е. А.,2026-09-07,1,2,знаменатель,false,лекция,228л
Математический анализ,4,,ФН11-12/6(+1),Тришина Е. А.,2026-09-07,1,2,знаменатель,false,лекция,935л
Кратные интегралы и ряды,5,,Э2-31Б(+4),Тришина Е. А.,2026-09-09,3,2,знаменатель,false,лекция,218л
Кратные интегралы и ряды,6,,Э2-32Б; Э2И-32Б,Тришина Е. А.,2026-09-09,3,2,знаменатель,false,семинар,829л
"Кратные и криволинейные интегралы, ряды",6,,ФН11-31Б(+4),Тришина Е. А.,2026-09-10,4,2,знаменатель,false,лекция,212л
"Кратные и криволинейные интегралы, ряды",2,,ФН11-31Б,Тришина Е. А.,2026-09-11,5,2,знаменатель,false,семинар,924л
Математический анализ,4,,ФН11-11/6,Тришина Е. А.,2026-09-11,5,2,знаменатель,false,семинар,924л
"Кратные и криволинейные интегралы, ряды",3,,ФН11-31Б,Тришина Е. А.,2026-09-14,1,3,числитель,false,семинар,734л
Математический анализ,4,,"ФН11-11/6,12/6",Тришина Е. А.,2026-09-14,1,3,числитель,false,лекция,228л
Кратные интегралы и ряды,5,,Э2-31Б(+4),Тришина Е. А.,2026-09-16,3,3,числитель,false,лекция,218л
Кратные интегралы и ряды,6,,Э2-32Б; Э2И-32Б,Тришина Е. А.,2026-09-16,3,3,числитель,false,семинар,829л
"Кратные и криволинейные интегралы, ряды",6,,ФН11-31Б(+4),Тришина Е. А.,2026-09-17,4,3,числитель,false,лекция,212л
"Кратные и криволинейные интегралы, ряды",2,,ФН11-31Б,Тришина Е. А.,2026-09-18,5,3,числитель,false,семинар,924л
"Кратные и криволинейные интегралы, ряды",3,,ФН11-31Б(+4),Тришина Е. А.,2026-09-18,5,3,числитель,false,лекция,212л
Математический анализ,4,,ФН11-11/6,Тришина Е. А.,2026-09-18,5,3,числитель,false,семинар,924л
Математический анализ,4,,"ФН11-11/6,12/6",Тришина Е. А.,2026-09-21,1,4,знаменатель,false,лекция,228л
Математический анализ,4,,ФН11-12/6(+1),Тришина Е. А.,2026-09-21,1,4,знаменатель,false,лекция,935л
Кратные интегралы и ряды,5,,Э2-31Б(+4),Тришина Е. А.,2026-09-23,3,4,знаменатель,false,лекция,218л
Кратные интегралы и ряды,6,,Э2-32Б; Э2И-32Б,Тришина Е. А.,2026-09-23,3,4,знаменатель,false,семинар,829л
"Кратные и криволинейные интегралы, ряды",6,,ФН11-31Б(+4),Тришина Е. А.,2026-09-24,4,4,знаменатель,false,лекция,212л
"Кратные и криволинейные интегралы, ряды",2,,ФН11-31Б,Тришина Е. А.,2026-09-25,5,4,знаменатель,false,семинар,924л
Математический анализ,4,,ФН11-11/6,Тришина Е. А.,2026-09-25,5,4,знаменатель,false,семинар,924л
"Кратные и криволинейные интегралы, ряды",3,,ФН11-31Б,Тришина Е. А.,2026-09-28,1,5,числитель,false,семинар,734л
Математический анализ,4,,"ФН11-11/6,12/6",Тришина Е. А.,2026-09-28,1,5,числитель,false,лекция,228л
Кратные интегралы и ряды,5,,Э2-31Б(+4),Тришина Е. А.,2026-09-30,3,5,числитель,false,лекция,218л
Кратные интегралы и ряды,6,,Э2-32Б; Э2И-32Б,Тришина Е. А.,2026-09-30,3,5,числитель,false,семинар,829л
"Кратные и криволинейные интегралы, ряды",6,,ФН11-31Б(+4),Тришина Е. А.,2026-10-01,4,5,числитель,false,лекция,212л
"Кратные и криволинейные интегралы, ряды",2,,ФН11-31Б,Тришина Е. А.,2026-10-02,5,5,числитель,false,семинар,924л
"Кратные и криволинейные интегралы, ряды",3,,ФН11-31Б(+4),Тришина Е. А.,2026-10-02,5,5,числитель,false,лекция,212л
Математический анализ,4,,ФН11-11/6,Тришина Е. А.,2026-10-02,5,5,числитель,false,семинар,924л
Математический анализ,4,,"ФН11-11/6,12/6",Тришина Е. А.,2026-10-05,1,6,знаменатель,false,лекция,228л
Математический анализ,4,,ФН11-12/6(+1),Тришина Е. А.,2026-10-05,1,6,знаменатель,false,лекция,935л
Кратные интегралы и ряды,5,,Э2-31Б(+4),Тришина Е. А.,2026-10-07,3,6,знаменатель,false,лекция,218л
Кратные интегралы и ряды,6,,Э2-32Б; Э2И-32Б,Тришина Е. А.,2026-10-07,3,6,знаменатель,false,семинар,829л
"Кратные и криволинейные интегралы, ряды",6,,ФН11-31Б(+4),Тришина Е. А.,2026-10-08,4,6,знаменатель,false,лекция,212л
"Кратные и криволинейные интегралы, ряды",2,,ФН11-31Б,Тришина Е. А.,2026-10-09,5,6,знаменатель,false,семинар,924л
Математический анализ,4,,ФН11-11/6,Тришина Е. А.,2026-10-09,5,6,знаменатель,false,семинар,924л
"Кратные и криволинейные интегралы, ряды",3,,ФН11-31Б,Тришина Е. А.,2026-10-12,1,7,числитель,false,семинар,734л
Математический анализ,4,,"ФН11-11/6,12/6",Тришина Е. А.,2026-10-12,1,7,числитель,false,лекция,228л
Кратные интегралы и ряды,5,,Э2-31Б(+4),Тришина Е. А.,2026-10-14,3,7,числитель,false,лекция,218л
Кратные интегралы и ряды,6,,Э2-32Б; Э2И-32Б,Тришина Е. А.,2026-10-14,3,7,числитель,false,семинар,829л
"Кратные и криволинейные интегралы, ряды",6,,ФН11-31Б(+4),Тришина Е. А.,2026-10-15,4,7,числитель,false,лекция,212л
"Кратные и криволинейные интегралы, ряды",2,,ФН11-31Б,Тришина Е. А.,2026-10-16,5,7,числитель,false,семинар,924л
"Кратные и криволинейные интегралы, ряды",3,,ФН11-31Б(+4),Тришина Е. А.,2026-10-16,5,7,числитель,false,лекция,212л
Математический анализ,4,,ФН11-11/6,Тришина Е. А.,2026-10-16,5,7,числитель,false,семинар,924л
Математический анализ,4,,"ФН11-11/6,12/6",Тришина Е. А.,2026-10-19,1,8,знаменатель,false,лекция,228л
Математический анализ,4,,ФН11-12/6(+1),Тришина Е. А.,2026-10-19,1,8,знаменатель,false,лекция,935л
Кратные интегралы и ряды,5,,Э2-31Б(+4),Тришина Е. А.,2026-10-21,3,8,знаменатель,false,лекция,218л
Кратные интегралы и ряды,6,,Э2-32Б; Э2И-32Б,Тришина Е. А.,2026-10-21,3,8,знаменатель,false,семинар,829л
"Кратные и криволинейные интегралы, ряды",6,,ФН11-31Б(+4),Тришина Е. А.,2026-10-22,4,8,знаменатель,false,лекция,212л
"Кратные и криволинейные интегралы, ряды",2,,ФН11-31Б,Тришина Е. А.,2026-10-23,5,8,знаменатель,false,семинар,924л
Математический анализ,4,,ФН11-11/6,Тришина Е. А.,2026-10-23,5,8,знаменатель,false,семинар,924л
"Кратные и криволинейные интегралы, ряды",3,,ФН11-31Б,Тришина Е. А.,2026-10-26,1,9,числитель,false,семинар,734л
Математический анализ,4,,"ФН11-11/6,12/6",Тришина Е. А.,2026-10-26,1,9,числитель,false,лекция,228л
Кратные интегралы и ряды,5,,Э2-31Б(+4),Тришина Е. А.,2026-10-28,3,9,числитель,false,лекция,218л
Кратные интегралы и ряды,6,,Э2-32Б; Э2И-32Б,Тришина Е. А.,2026-10-28,3,9,числитель,false,семинар,829л
"Кратные и криволинейные интегралы, ряды",6,,ФН11-31Б(+4),Тришина Е. А.,2026-10-29,4,9,числитель,false,лекция,212л
"Кратные и криволинейные интегралы, ряды",2,,ФН11-31Б,Тришина Е. А.,2026-10-30,5,9,числитель,false,семинар,924л
"Кратные и криволинейные интегралы, ряды",3,,ФН11-31Б(+4),Тришина Е. А.,2026-10-30,5,9,числитель,false,лекция,212л
Математический анализ,4,,ФН11-11/6,Тришина Е. А.,2026-10-30,5,9,числитель,false,семинар,924л
Математический анализ,4,,"ФН11-11/6,12/6",Тришина Е. А.,2026-11-02,1,10,знаменатель,false,лекция,228л
Математический анализ,4,,ФН11-12/6(+1),Тришина Е. А.,2026-11-02,1,10,знаменатель,false,лекция,935л
Кратные интегралы и ряды,5,,Э2-31Б(+4),Тришина Е. А.,2026-11-04,3,10,знаменатель,false,лекция,218л
Кратные интегралы и ряды,6,,Э2-32Б; Э2И-32Б,Тришина Е. А.,2026-11-04,3,10,знаменатель,false,семинар,829л
"Кратные и криволинейные интегралы, ряды",6,,ФН11-31Б(+4),Тришина Е. А.,2026-11-05,4,10,знаменатель,false,лекция,212л
"Кратные и криволинейные интегралы, ряды",2,,ФН11-31Б,Тришина Е. А.,2026-11-06,5,10,знаменатель,false,семинар,924л
Математический анализ,4,,ФН11-11/6,Тришина Е. А.,2026-11-06,5,10,знаменатель,false,семинар,924л
"Кратные и криволинейные интегралы, ряды",3,,ФН11-31Б,Тришина Е. А.,2026-11-09,1,11,числитель,false,семинар,734л
Математический анализ,4,,"ФН11-11/6,12/6",Тришина Е. А.,2026-11-09,1,11,числитель,false,лекция,228л
Кратные интегралы и ряды,5,,Э2-31Б(+4),Тришина Е. А.,2026-11-11,3,11,числитель,false,лекция,218л
Кратные интегралы и ряды,6,,Э2-32Б; Э2И-32Б,Тришина Е. А.,2026-11-11,3,11,числитель,false,семинар,829л
"Кратные и криволинейные интегралы, ряды",6,,ФН11-31Б(+4),Тришина Е. А.,2026-11-12,4,11,числитель,false,лекция,212л
"Кратные и криволинейные интегралы, ряды",2,,ФН11-31Б,Тришина Е. А.,2026-11-13,5,11,числитель,false,семинар,924л
"Кратные и криволинейные интегралы, ряды",3,,ФН11-31Б(+4),Тришина Е. А.,2026-11-13,5,11,числитель,false,лекция,212л
Математический анализ,4,,ФН11-11/6,Тришина Е. А.,2026-11-13,5,11,числитель,false,семинар,924л
Математический анализ,4,,"ФН11-11/6,12/6",Тришина Е. А.,2026-11-16,1,12,знаменатель,false,лекция,228л
Математический анализ,4,,ФН11-12/6(+1),Тришина Е. А.,2026-11-16,1,12,знаменатель,false,лекция,935л
Кратные интегралы и ряды,5,,Э2-31Б(+4),Тришина Е. А.,2026-11-18,3,12,знаменатель,false,лекция,218л
Кратные интегралы и ряды,6,,Э2-32Б; Э2И-32Б,Тришина Е. А.,2026-11-18,3,12,знаменатель,false,семинар,829л
"Кратные и криволинейные интегралы, ряды",6,,ФН11-31Б(+4),Тришина Е. А.,2026-11-19,4,12,знаменатель,false,лекция,212л
"Кратные и криволинейные интегралы, ряды",2,,ФН11-31Б,Тришина Е. А.,2026-11-20,5,12,знаменатель,false,семинар,924л
Математический анализ,4,,ФН11-11/6,Тришина Е. А.,2026-11-20,5,12,знаменатель,false,семинар,924л
"Кратные и криволинейные интегралы, ряды",3,,ФН11-31Б,Тришина Е. А.,2026-11-23,1,13,числитель,false,семинар,734л
Математический анализ,4,,"ФН11-11/6,12/6",Тришина Е. А.,2026-11-23,1,13,числитель,false,лекция,228л
Кратные интегралы и ряды,5,,Э2-31Б(+4),Тришина Е. А.,2026-11-25,3,13,числитель,false,лекция,218л
Кратные интегралы и ряды,6,,Э2-32Б; Э2И-32Б,Тришина Е. А.,2026-11-25,3,13,числитель,false,семинар,829л
"Кратные и криволинейные интегралы, ряды",6,,ФН11-31Б(+4),Тришина Е. А.,2026-11-26,4,13,числитель,false,лекция,212л
"Кратные и криволинейные интегралы, ряды",2,,ФН11-31Б,Тришина Е. А.,2026-11-27,5,13,числитель,false,семинар,924л
"Кратные и криволинейные интегралы, ряды",3,,ФН11-31Б(+4),Тришина Е. А.,2026-11-27,5,13,числитель,false,лекция,212л
Математический анализ,4,,ФН11-11/6,Тришина Е. А.,2026-11-27,5,13,числитель,false,семинар,924л
Математический анализ,4,,"ФН11-11/6,12/6",Тришина Е. А.,2026-11-30,1,14,знаменатель,false,лекция,228л
Математический анализ,4,,ФН11-12/6(+1),Тришина Е. А.,2026-11-30,1,14,знаменатель,false,лекция,935л
Кратные интегралы и ряды,5,,Э2-31Б(+4),Тришина Е. А.,2026-12-02,3,14,знаменатель,false,лекция,218л
Кратные интегралы и ряды,6,,Э2-32Б; Э2И-32Б,Тришина Е. А.,2026-12-02,3,14,знаменатель,false,семинар,829л
"Кратные и криволинейные интегралы, ряды",6,,ФН11-31Б(+4),Тришина Е. А.,2026-12-03,4,14,знаменатель,false,лекция,212л
"Кратные и криволинейные интегралы, ряды",2,,ФН11-31Б,Тришина Е. А.,2026-12-04,5,14,знаменатель,false,семинар,924л
Математический анализ,4,,ФН11-11/6,Тришина Е. А.,2026-12-04,5,14,знаменатель,false,семинар,924л
"Кратные и криволинейные интегралы, ряды",3,,ФН11-31Б,Тришина Е. А.,2026-12-07,1,15,числитель,false,семинар,734л
Математический анализ,4,,"ФН11-11/6,12/6",Тришина Е. А.,2026-12-07,1,15,числитель,false,лекция,228л
Кратные интегралы и ряды,5,,Э2-31Б(+4),Тришина Е. А.,2026-12-09,3,15,числитель,false,лекция,218л
Кратные интегралы и ряды,6,,Э2-32Б; Э2И-32Б,Тришина Е. А.,2026-12-09,3,15,числитель,false,семинар,829л
"Кратные и криволинейные интегралы, ряды",6,,ФН11-31Б(+4),Тришина Е. А.,2026-12-10,4,15,числитель,false,лекция,212л
"Кратные и криволинейные интегралы, ряды",2,,ФН11-31Б,Тришина Е. А.,2026-12-11,5,15,числитель,false,семинар,924л
"Кратные и криволинейные интегралы, ряды",3,,ФН11-31Б(+4),Тришина Е. А.,2026-12-11,5,15,числитель,false,лекция,212л
Математический анализ,4,,ФН11-11/6,Тришина Е. А.,2026-12-11,5,15,числитель,false,семинар,924л
Математический анализ,4,,"ФН11-11/6,12/6",Тришина Е. А.,2026-12-14,1,16,знаменатель,false,лекция,228л
Математический анализ,4,,ФН11-12/6(+1),Тришина Е. А.,2026-12-14,1,16,знаменатель,false,лекция,935л
Кратные интегралы и ряды,5,,Э2-31Б(+4),Тришина Е. А.,2026-12-16,3,16,знаменатель,false,лекция,218л
Кратные интегралы и ряды,6,,Э2-32Б; Э2И-32Б,Тришина Е. А.,2026-12-16,3,16,знаменатель,false,семинар,829л
"Кратные и криволинейные интегралы, ряды",6,,ФН11-31Б(+4),Тришина Е. А.,2026-12-17,4,16,знаменатель,false,лекция,212л
"Кратные и криволинейные интегралы, ряды",2,,ФН11-31Б,Тришина Е. А.,2026-12-18,5,16,знаменатель,false,семинар,924л
Математический анализ,4,,ФН11-11/6,Тришина Е. А.,2026-12-18,5,16,знаменатель,false,семинар,924л
"Кратные и криволинейные интегралы, ряды",3,,ФН11-31Б,Тришина Е. А.,2026-12-21,1,17,числитель,false,семинар,734л
Математический анализ,4,,"ФН11-11/6,12/6",Тришина Е. А.,2026-12-21,1,17,числитель,false,лекция,228л
Кратные интегралы и ряды,5,,Э2-31Б(+4),Тришина Е. А.,2026-12-23,3,17,числитель,false,лекция,218л
Кратные интегралы и ряды,6,,Э2-32Б; Э2И-32Б,Тришина Е. А.,2026-12-23,3,17,числитель,false,семинар,829л
"Кратные и криволинейные интегралы, ряды",6,,ФН11-31Б(+4),Тришина Е. А.,2026-12-24,4,17,числитель,false,лекция,212л
"Кратные и криволинейные интегралы, ряды",2,,ФН11-31Б,Тришина Е. А.,2026-12-25,5,17,числитель,false,семинар,924л
"Кратные и криволинейные интегралы, ряды",3,,ФН11-31Б(+4),Тришина Е. А.,2026-12-25,5,17,числитель,false,лекция,212л
Математический анализ,4,,ФН11-11/6,Тришина Е. А.,2026-12-25,5,17,числитель,false,семинар,924л
Математический анализ,4,,"ФН11-11/6,12/6",Тришина Е. А.,2026-12-28,1,18,знаменатель,false,лекция,228л
Математический анализ,4,,ФН11-12/6(+1),Тришина Е. А.,2026-12-28,1,18,знаменатель,false,лекция,935л
Кратные интегралы и ряды,5,,Э2-31Б(+4),Тришина Е. А.,2026-12-30,3,18,знаменатель,false,лекция,218л
Кратные интегралы и ряды,6,,Э2-32Б; Э2И-32Б,Тришина Е. А.,2026-12-30,3,18,знаменатель,false,семинар,829л
"Кратные и криволинейные интегралы, ряды",6,,ФН11-31Б(+4),Тришина Е. А.,2026-12-31,4,18,знаменатель,false,лекция,212л
Оптимальное управление в экономике,1,,ФН11-73Б; ФН11И-73Б,Чибисова А. В.,2026-09-01,2,1,числитель,false,лекция,922л
Оптимальное управление в экономике,2,,ФН11-73Б; ФН11И-73Б,Чибисова А. В.,2026-09-01,2,1,числитель,false,семинар,922л
Оптимальное управление в экономике,1,,ФН11-73Б; ФН11И-73Б,Чибисова А. В.,2026-09-08,2,2,знаменатель,false,лекция,922л
Оптимальное управление в экономике,2,,ФН11-73Б; ФН11И-73Б,Чибисова А. В.,2026-09-08,2,2,знаменатель,false,семинар,922л
Оптимальное управление в экономике,1,,ФН11-73Б; ФН11И-73Б,Чибисова А. В.,2026-09-15,2,3,числитель,false,лекция,922л
Оптимальное управление в экономике,2,,ФН11-73Б; ФН11И-73Б,Чибисова А. В.,2026-09-15,2,3,числитель,false,семинар,922л
Оптимальное управление в экономике,1,,ФН11-73Б; ФН11И-73Б,Чибисова А. В.,2026-09-22,2,4,знаменатель,false,лекция,922л
Оптимальное управление в экономике,2,,ФН11-73Б; ФН11И-73Б,Чибисова А. В.,2026-09-22,2,4,знаменатель,false,семинар,922л
Оптимальное управление в экономике,1,,ФН11-73Б; ФН11И-73Б,Чибисова А. В.,2026-09-29,2,5,числитель,false,лекция,922л
Оптимальное управление в экономике,2,,ФН11-73Б; ФН11И-73Б,Чибисова А. В.,2026-09-29,2,5,числитель,false,семинар,922л
Оптимальное управление в экономике,1,,ФН11-73Б; ФН11И-73Б,Чибисова А. В.,2026-10-06,2,6,знаменатель,false,лекция,922л
Оптимальное управление в экономике,2,,ФН11-73Б; ФН11И-73Б,Чибисова А. В.,2026-10-06,2,6,знаменатель,false,семинар,922л
Оптимальное управление в экономике,1,,ФН11-73Б; ФН11И-73Б,Чибисова А. В.,2026-10-13,2,7,числитель,false,лекция,922л
Оптимальное управление в экономике,2,,ФН11-73Б; ФН11И-73Б,Чибисова А. В.,2026-10-13,2,7,числитель,false,семинар,922л
Оптимальное управление в экономике,1,,ФН11-73Б; ФН11И-73Б,Чибисова А. В.,2026-10-20,2,8,знаменатель,false,лекция,922л
Оптимальное управление в экономике,2,,ФН11-73Б; ФН11И-73Б,Чибисова А. В.,2026-10-20,2,8,знаменатель,false,семинар,922л
Оптимальное управление в экономике,1,,ФН11-73Б; ФН11И-73Б,Чибисова А. В.,2026-10-27,2,9,числитель,false,лекция,922л
Оптимальное управление в экономике,2,,ФН11-73Б; ФН11И-73Б,Чибисова А. В.,2026-10-27,2,9,числитель,false,семинар,922л
Оптимальное управление в экономике,1,,ФН11-73Б; ФН11И-73Б,Чибисова А. В.,2026-11-03,2,10,знаменатель,false,лекция,922л
Оптимальное управление в экономике,2,,ФН11-73Б; ФН11И-73Б,Чибисова А. В.,2026-11-03,2,10,знаменатель,false,семинар,922л
Оптимальное управление в экономике,1,,ФН11-73Б; ФН11И-73Б,Чибисова А. В.,2026-11-10,2,11,числитель,false,лекция,922л
Оптимальное управление в экономике,2,,ФН11-73Б; ФН11И-73Б,Чибисова А. В.,2026-11-10,2,11,числитель,false,семинар,922л
Оптимальное управление в экономике,1,,ФН11-73Б; ФН11И-73Б,Чибисова А. В.,2026-11-17,2,12,знаменатель,false,лекция,922л
Оптимальное управление в экономике,2,,ФН11-73Б; ФН11И-73Б,Чибисова А. В.,2026-11-17,2,12,знаменатель,false,семинар,922л
Оптимальное управление в экономике,1,,ФН11-73Б; ФН11И-73Б,Чибисова А. В.,2026-11-24,2,13,числитель,false,лекция,922л
Оптимальное управление в экономике,2,,ФН11-73Б; ФН11И-73Б,Чибисова А. В.,2026-11-24,2,13,числитель,false,семинар,922л
Оптимальное управление в экономике,1,,ФН11-73Б; ФН11И-73Б,Чибисова А. В.,2026-12-01,2,14,знаменатель,false,лекция,922л
Оптимальное управление в экономике,2,,ФН11-73Б; ФН11И-73Б,Чибисова А. В.,2026-12-01,2,14,знаменатель,false,семинар,922л
Оптимальное управление в экономике,1,,ФН11-73Б; ФН11И-73Б,Чибисова А. В.,2026-12-08,2,15,числитель,false,лекция,922л
Оптимальное управление в экономике,2,,ФН11-73Б; ФН11И-73Б,Чибисова А. В.,2026-12-08,2,15,числитель,false,семинар,922л
Оптимальное управление в экономике,1,,ФН11-73Б; ФН11И-73Б,Чибисова А. В.,2026-12-15,2,16,знаменатель,false,лекция,922л
Оптимальное управление в экономике,2,,ФН11-73Б; ФН11И-73Б,Чибисова А. В.,2026-12-15,2,16,знаменатель,false,семинар,922л
Оптимальное управление в экономике,1,,ФН11-73Б; ФН11И-73Б,Чибисова А. В.,2026-12-22,2,17,числитель,false,лекция,922л
Оптимальное управление в экономике,2,,ФН11-73Б; ФН11И-73Б,Чибисова А. В.,2026-12-22,2,17,числитель,false,семинар,922л
Оптимальное управление в экономике,1,,ФН11-73Б; ФН11И-73Б,Чибисова А. В.,2026-12-29,2,18,знаменатель,false,лекция,922л
Оптимальное управление в экономике,2,,ФН11-73Б; ФН11И-73Б,Чибисова А. В.,2026-12-29,2,18,знаменатель,false,семинар,922л
Аналитическая геометрия,1,,"Э3-11/6,12/6,13/6; Э7-11/6,12/6; Э8-13/6",Чупров П. А.,2026-08-31,1,1,числитель,false,лекция,220л
Аналитическая геометрия,2,,Э9-11Б,Чупров П. А.,2026-08-31,1,1,числитель,false,семинар,935л
Аналитическая геометрия,3,,Э7-11/6,Чупров П. А.,2026-08-31,1,1,числитель,false,семинар,822л
Аналитическая геометрия,4,,Э11-11/6,Чупров П. А.,2026-08-31,1,1,числитель,false,семинар,731л
Аналитическая геометрия,1,,"Э3-11/6,12/6,13/6; Э7-11/6,12/6; Э8-13/6",Чупров П. А.,2026-09-07,1,2,знаменатель,false,лекция,220л
Аналитическая геометрия,2,,Э9-11Б,Чупров П. А.,2026-09-07,1,2,знаменатель,false,семинар,935л
Аналитическая геометрия,3,,Э7-11/6,Чупров П. А.,2026-09-07,1,2,знаменатель,false,семинар,822л
Аналитическая геометрия,4,,Э11-11/6,Чупров П. А.,2026-09-07,1,2,знаменатель,false,семинар,731л
Аналитическая геометрия,1,,"Э3-11/6,12/6,13/6; Э7-11/6,12/6; Э8-13/6",Чупров П. А.,2026-09-14,1,3,числитель,false,лекция,220л
Аналитическая геометрия,2,,Э9-11Б,Чупров П. А.,2026-09-14,1,3,числитель,false,семинар,935л
Аналитическая геометрия,3,,Э7-11/6,Чупров П. А.,2026-09-14,1,3,числитель,false,семинар,822л
Аналитическая геометрия,4,,Э11-11/6,Чупров П. А.,2026-09-14,1,3,числитель,false,семинар,731л
Аналитическая геометрия,1,,"Э3-11/6,12/6,13/6; Э7-11/6,12/6; Э8-13/6",Чупров П. А.,2026-09-21,1,4,знаменатель,false,лекция,220л
Аналитическая геометрия,2,,Э9-11Б,Чупров П. А.,2026-09-21,1,4,знаменатель,false,семинар,935л
Аналитическая геометрия,3,,Э7-11/6,Чупров П. А.,2026-09-21,1,4,знаменатель,false,семинар,822л
Аналитическая геометрия,4,,Э11-11/6,Чупров П. А.,2026-09-21,1,4,знаменатель,false,семинар,731л
Аналитическая геометрия,1,,"Э3-11/6,12/6,13/6; Э7-11/6,12/6; Э8-13/6",Чупров П. А.,2026-09-28,1,5,числитель,false,лекция,220л
Аналитическая геометрия,2,,Э9-11Б,Чупров П. А.,2026-09-28,1,5,числитель,false,семинар,935л
Аналитическая геометрия,3,,Э7-11/6,Чупров П. А.,2026-09-28,1,5,числитель,false,семинар,822л
Аналитическая геометрия,4,,Э11-11/6,Чупров П. А.,2026-09-28,1,5,числитель,false,семинар,731л
Аналитическая геометрия,1,,"Э3-11/6,12/6,13/6; Э7-11/6,12/6; Э8-13/6",Чупров П. А.,2026-10-05,1,6,знаменатель,false,лекция,220л
Аналитическая геометрия,2,,Э9-11Б,Чупров П. А.,2026-10-05,1,6,знаменатель,false,семинар,935л
Аналитическая геометрия,3,,Э7-11/6,Чупров П. А.,2026-10-05,1,6,знаменатель,false,семинар,822л
Аналитическая геометрия,4,,Э11-11/6,Чупров П. А.,2026-10-05,1,6,знаменатель,false,семинар,731л
Аналитическая геометрия,1,,"Э3-11/6,12/6,13/6; Э7-11/6,12/6; Э8-13/6",Чупров П. А.,2026-10-12,1,7,числитель,false,лекция,220л
Аналитическая геометрия,2,,Э9-11Б,Чупров П. А.,2026-10-12,1,7,числитель,false,семинар,935л
Аналитическая геометрия,3,,Э7-11/6,Чупров П. А.,2026-10-12,1,7,числитель,false,семинар,822л
Аналитическая геометрия,4,,Э11-11/6,Чупров П. А.,2026-10-12,1,7,числитель,false,семинар,731л
Аналитическая геометрия,1,,"Э3-11/6,12/6,13/6; Э7-11/6,12/6; Э8-13/6",Чупров П. А.,2026-10-19,1,8,знаменатель,false,лекция,220л
Аналитическая геометрия,2,,Э9-11Б,Чупров П. А.,2026-10-19,1,8,знаменатель,false,семинар,935л
Аналитическая геометрия,3,,Э7-11/6,Чупров П. А.,2026-10-19,1,8,знаменатель,false,семинар,822л
Аналитическая геометрия,4,,Э11-11/6,Чупров П. А.,2026-10-19,1,8,знаменатель,false,семинар,731л
Аналитическая геометрия,1,,"Э3-11/6,12/6,13/6; Э7-11/6,12/6; Э8-13/6",Чупров П. А.,2026-10-26,1,9,числитель,false,лекция,220л
Аналитическая геометрия,2,,Э9-11Б,Чупров П. А.,2026-10-26,1,9,числитель,false,семинар,935л
Аналитическая геометрия,3,,Э7-11/6,Чупров П. А.,2026-10-26,1,9,числитель,false,семинар,822л
Аналитическая геометрия,4,,Э11-11/6,Чупров П. А.,2026-10-26,1,9,числитель,false,семинар,731л
Аналитическая геометрия,1,,"Э3-11/6,12/6,13/6; Э7-11/6,12/6; Э8-13/6",Чупров П. А.,2026-11-02,1,10,знаменатель,false,лекция,220л
Аналитическая геометрия,2,,Э9-11Б,Чупров П. А.,2026-11-02,1,10,знаменатель,false,семинар,935л
Аналитическая геометрия,3,,Э7-11/6,Чупров П. А.,2026-11-02,1,10,знаменатель,false,семинар,822л
Аналитическая геометрия,4,,Э11-11/6,Чупров П. А.,2026-11-02,1,10,знаменатель,false,семинар,731л
Аналитическая геометрия,1,,"Э3-11/6,12/6,13/6; Э7-11/6,12/6; Э8-13/6",Чупров П. А.,2026-11-09,1,11,числитель,false,лекция,220л
Аналитическая геометрия,2,,Э9-11Б,Чупров П. А.,2026-11-09,1,11,числитель,false,семинар,935л
Аналитическая геометрия,3,,Э7-11/6,Чупров П. А.,2026-11-09,1,11,числитель,false,семинар,822л
Аналитическая геометрия,4,,Э11-11/6,Чупров П. А.,2026-11-09,1,11,числитель,false,семинар,731л
Аналитическая геометрия,1,,"Э3-11/6,12/6,13/6; Э7-11/6,12/6; Э8-13/6",Чупров П. А.,2026-11-16,1,12,знаменатель,false,лекция,220л
Аналитическая геометрия,2,,Э9-11Б,Чупров П. А.,2026-11-16,1,12,знаменатель,false,семинар,935л
Аналитическая геометрия,3,,Э7-11/6,Чупров П. А.,2026-11-16,1,12,знаменатель,false,семинар,822л
Аналитическая геометрия,4,,Э11-11/6,Чупров П. А.,2026-11-16,1,12,знаменатель,false,семинар,731л
Аналитическая геометрия,1,,"Э3-11/6,12/6,13/6; Э7-11/6,12/6; Э8-13/6",Чупров П. А.,2026-11-23,1,13,числитель,false,лекция,220л
Аналитическая геометрия,2,,Э9-11Б,Чупров П. А.,2026-11-23,1,13,числитель,false,семинар,935л
Аналитическая геометрия,3,,Э7-11/6,Чупров П. А.,2026-11-23,1,13,числитель,false,семинар,822л
Аналитическая геометрия,4,,Э11-11/6,Чупров П. А.,2026-11-23,1,13,числитель,false,семинар,731л
Аналитическая геометрия,1,,"Э3-11/6,12/6,13/6; Э7-11/6,12/6; Э8-13/6",Чупров П. А.,2026-11-30,1,14,знаменатель,false,лекция,220л
Аналитическая геометрия,2,,Э9-11Б,Чупров П. А.,2026-11-30,1,14,знаменатель,false,семинар,935л
Аналитическая геометрия,3,,Э7-11/6,Чупров П. А.,2026-11-30,1,14,знаменатель,false,семинар,822л
Аналитическая геометрия,4,,Э11-11/6,Чупров П. А.,2026-11-30,1,14,знаменатель,false,семинар,731л
Аналитическая геометрия,1,,"Э3-11/6,12/6,13/6; Э7-11/6,12/6; Э8-13/6",Чупров П. А.,2026-12-07,1,15,числитель,false,лекция,220л
Аналитическая геометрия,2,,Э9-11Б,Чупров П. А.,2026-12-07,1,15,числитель,false,семинар,935л
Аналитическая геометрия,3,,Э7-11/6,Чупров П. А.,2026-12-07,1,15,числитель,false,семинар,822л
Аналитическая геометрия,4,,Э11-11/6,Чупров П. А.,2026-12-07,1,15,числитель,false,семинар,731л
Аналитическая геометрия,1,,"Э3-11/6,12/6,13/6; Э7-11/6,12/6; Э8-13/6",Чупров П. А.,2026-12-14,1,16,знаменатель,false,лекция,220л
Аналитическая геометрия,2,,Э9-11Б,Чупров П. А.,2026-12-14,1,16,знаменатель,false,семинар,935л
Аналитическая геометрия,3,,Э7-11/6,Чупров П. А.,2026-12-14,1,16,знаменатель,false,семинар,822л
Аналитическая геометрия,4,,Э11-11/6,Чупров П. А.,2026-12-14,1,16,знаменатель,false,семинар,731л
Аналитическая геометрия,1,,"Э3-11/6,12/6,13/6; Э7-11/6,12/6; Э8-13/6",Чупров П. А.,2026-12-21,1,17,числитель,false,лекция,220л
Аналитическая геометрия,2,,Э9-11Б,Чупров П. А.,2026-12-21,1,17,числитель,false,семинар,935л
Аналитическая геометрия,3,,Э7-11/6,Чупров П. А.,2026-12-21,1,17,числитель,false,семинар,822л
Аналитическая геометрия,4,,Э11-11/6,Чупров П. А.,2026-12-21,1,17,числитель,false,семинар,731л
Аналитическая геометрия,1,,"Э3-11/6,12/6,13/6; Э7-11/6,12/6; Э8-13/6",Чупров П. А.,2026-12-28,1,18,знаменатель,false,лекция,220л
Аналитическая геометрия,2,,Э9-11Б,Чупров П. А.,2026-12-28,1,18,знаменатель,false,семинар,935л
Аналитическая геометрия,3,,Э7-11/6,Чупров П. А.,2026-12-28,1,18,знаменатель,false,семинар,822л
Аналитическая геометрия,4,,Э11-11/6,Чупров П. А.,2026-12-28,1,18,знаменатель,false,семинар,731л
Теория вероятностей и математическая статистика,1,,Э7-51,Шапошников Д. А.,2026-09-05,6,1,числитель,false,семинар,413э
Теория вероятностей и комплексный анализ,2,,Э2-32Б(+1),Шапошников Д. А.,2026-09-05,6,1,числитель,false,семинар,731л
Теория вероятностей и комплексный анализ,2,,Э8-31Б,Шапошников Д. А.,2026-09-08,2,2,знаменатель,false,семинар,829л
Теория вероятностей и математическая статистика,2,,Э7-52,Шапошников Д. А.,2026-09-12,6,2,знаменатель,false,семинар,413э
Теория вероятностей и комплексный анализ,3,,Э4-31Б,Шапошников Д. А.,2026-09-12,6,2,знаменатель,false,семинар,731л
Теория вероятностей и математическая статистика,1,,Э7-51,Шапошников Д. А.,2026-09-19,6,3,числитель,false,семинар,413э
Теория вероятностей и комплексный анализ,2,,Э2-32Б(+1),Шапошников Д. А.,2026-09-19,6,3,числитель,false,семинар,731л
Теория вероятностей и комплексный анализ,2,,Э8-31Б,Шапошников Д. А.,2026-09-22,2,4,знаменатель,false,семинар,829л
Теория вероятностей и математическая статистика,2,,Э7-52,Шапошников Д. А.,2026-09-26,6,4,знаменатель,false,семинар,413э
Теория вероятностей и комплексный анализ,3,,Э4-31Б,Шапошников Д. А.,2026-09-26,6,4,знаменатель,false,семинар,731л
Теория вероятностей и математическая статистика,1,,Э7-51,Шапошников Д. А.,2026-10-03,6,5,числитель,false,семинар,413э
Теория вероятностей и комплексный анализ,2,,Э2-32Б(+1),Шапошников Д. А.,2026-10-03,6,5,числитель,false,семинар,731л
Теория вероятностей и комплексный анализ,2,,Э8-31Б,Шапошников Д. А.,2026-10-06,2,6,знаменатель,false,семинар,829л
Теория вероятностей и математическая статистика,2,,Э7-52,Шапошников Д. А.,2026-10-10,6,6,знаменатель,false,семинар,413э
Теория вероятностей и комплексный анализ,3,,Э4-31Б,Шапошников Д. А.,2026-10-10,6,6,знаменатель,false,семинар,731л
Теория вероятностей и математическая статистика,1,,Э7-51,Шапошников Д. А.,2026-10-17,6,7,числитель,false,семинар,413э
Теория вероятностей и комплексный анализ,2,,Э2-32Б(+1),Шапошников Д. А.,2026-10-17,6,7,числитель,false,семинар,731л
Теория вероятностей и комплексный анализ,2,,Э8-31Б,Шапошников Д. А.,2026-10-20,2,8,знаменатель,false,семинар,829л
Теория вероятностей и математическая статистика,2,,Э7-52,Шапошников Д. А.,2026-10-24,6,8,знаменатель,false,семинар,413э
Теория вероятностей и комплексный анализ,3,,Э4-31Б,Шапошников Д. А.,2026-10-24,6,8,знаменатель,false,семинар,731л
Теория вероятностей и математическая статистика,1,,Э7-51,Шапошников Д. А.,2026-10-31,6,9,числитель,false,семинар,413э
Теория вероятностей и комплексный анализ,2,,Э2-32Б(+1),Шапошников Д. А.,2026-10-31,6,9,числитель,false,семинар,731л
Теория вероятностей и комплексный анализ,2,,Э8-31Б,Шапошников Д. А.,2026-11-03,2,10,знаменатель,false,семинар,829л
Теория вероятностей и математическая статистика,2,,Э7-52,Шапошников Д. А.,2026-11-07,6,10,знаменатель,false,семинар,413э
Теория вероятностей и комплексный анализ,3,,Э4-31Б,Шапошников Д. А.,2026-11-07,6,10,знаменатель,false,семинар,731л
Теория вероятностей и математическая статистика,1,,Э7-51,Шапошников Д. А.,2026-11-14,6,11,числитель,false,семинар,413э
Теория вероятностей и комплексный анализ,2,,Э2-32Б(+1),Шапошников Д. А.,2026-11-14,6,11,числитель,false,семинар,731л
Теория вероятностей и комплексный анализ,2,,Э8-31Б,Шапошников Д. А.,2026-11-17,2,12,знаменатель,false,семинар,829л
Теория вероятностей и математическая статистика,2,,Э7-52,Шапошников Д. А.,2026-11-21,6,12,знаменатель,false,семинар,413э
Теория вероятностей и комплексный анализ,3,,Э4-31Б,Шапошников Д. А.,2026-11-21,6,12,знаменатель,false,семинар,731л
Теория вероятностей и математическая статистика,1,,Э7-51,Шапошников Д. А.,2026-11-28,6,13,числитель,false,семинар,413э
Теория вероятностей и комплексный анализ,2,,Э2-32Б(+1),Шапошников Д. А.,2026-11-28,6,13,числитель,false,семинар,731л
Теория вероятностей и комплексный анализ,2,,Э8-31Б,Шапошников Д. А.,2026-12-01,2,14,знаменатель,false,семинар,829л
Теория вероятностей и математическая статистика,2,,Э7-52,Шапошников Д. А.,2026-12-05,6,14,знаменатель,false,семинар,413э
Теория вероятностей и комплексный анализ,3,,Э4-31Б,Шапошников Д. А.,2026-12-05,6,14,знаменатель,false,семинар,731л
Теория вероятностей и математическая статистика,1,,Э7-51,Шапошников Д. А.,2026-12-12,6,15,числитель,false,семинар,413э
Теория вероятностей и комплексный анализ,2,,Э2-32Б(+1),Шапошников Д. А.,2026-12-12,6,15,числитель,false,семинар,731л
Теория вероятностей и комплексный анализ,2,,Э8-31Б,Шапошников Д. А.,2026-12-15,2,16,знаменатель,false,семинар,829л
Теория вероятностей и математическая статистика,2,,Э7-52,Шапошников Д. А.,2026-12-19,6,16,знаменатель,false,семинар,413э
Теория вероятностей и комплексный анализ,3,,Э4-31Б,Шапошников Д. А.,2026-12-19,6,16,знаменатель,false,семинар,731л
Теория вероятностей и математическая статистика,1,,Э7-51,Шапошников Д. А.,2026-12-26,6,17,числитель,false,семинар,413э
Теория вероятностей и комплексный анализ,2,,Э2-32Б(+1),Шапошников Д. А.,2026-12-26,6,17,числитель,false,семинар,731л
Теория вероятностей и комплексный анализ,2,,Э8-31Б,Шапошников Д. А.,2026-12-29,2,18,знаменатель,false,семинар,829л
Теория вероятностей и комплексный анализ,1,,Э8-32Б,Шершакова А. О.,2026-09-01,2,1,числитель,false,семинар,829л
Теория вероятностей и математическая статистика,2,,СМ10-31Б(+1),Шершакова А. О.,2026-09-01,2,1,числитель,false,лекция,618л
Аналитическая геометрия,4,,Э2-11/6,Шершакова А. О.,2026-09-01,2,1,числитель,false,семинар,617л
Аналитическая геометрия,4,,Э8-11/6,Шершакова А. О.,2026-09-02,3,1,числитель,false,семинар,922л
Аналитическая геометрия,2,,ФН7-11/6,Шершакова А. О.,2026-09-04,5,1,числитель,false,семинар,617л
Аналитическая геометрия,4,,ФН4-11/6,Шершакова А. О.,2026-09-04,5,1,числитель,false,семинар,718л
Теория вероятностей и математическая статистика,5,,ФН4-52Б,Шершакова А. О.,2026-09-04,5,1,числитель,false,семинар,924л
Теория вероятностей и математическая статистика,2,,СМ10-31Б(+1),Шершакова А. О.,2026-09-08,2,2,знаменатель,false,семинар,618л
Аналитическая геометрия,4,,Э2-11/6,Шершакова А. О.,2026-09-08,2,2,знаменатель,false,семинар,617л
Теория вероятностей и комплексный анализ,4,,Э4-32Б,Шершакова А. О.,2026-09-08,2,2,знаменатель,false,семинар,617л
Аналитическая геометрия,4,,Э8-11/6,Шершакова А. О.,2026-09-09,3,2,знаменатель,false,семинар,922л
Аналитическая геометрия,2,,ФН7-11/6,Шершакова А. О.,2026-09-11,5,2,знаменатель,false,семинар,617л
Аналитическая геометрия,5,,ФН4-11/6,Шершакова А. О.,2026-09-11,5,2,знаменатель,false,семинар,922л
Теория вероятностей и математическая статистика,5,,ФН4-52Б,Шершакова А. О.,2026-09-11,5,2,знаменатель,false,семинар,924л
Теория вероятностей и комплексный анализ,1,,Э8-32Б,Шершакова А. О.,2026-09-15,2,3,числитель,false,семинар,829л
Теория вероятностей и математическая статистика,2,,СМ10-31Б(+1),Шершакова А. О.,2026-09-15,2,3,числитель,false,лекция,618л
Аналитическая геометрия,4,,Э2-11/6,Шершакова А. О.,2026-09-15,2,3,числитель,false,семинар,617л
Аналитическая геометрия,4,,Э8-11/6,Шершакова А. О.,2026-09-16,3,3,числитель,false,семинар,922л
Аналитическая геометрия,2,,ФН7-11/6,Шершакова А. О.,2026-09-18,5,3,числитель,false,семинар,617л
Аналитическая геометрия,4,,ФН4-11/6,Шершакова А. О.,2026-09-18,5,3,числитель,false,семинар,718л
Теория вероятностей и математическая статистика,5,,ФН4-52Б,Шершакова А. О.,2026-09-18,5,3,числитель,false,семинар,924л
Теория вероятностей и математическая статистика,2,,СМ10-31Б(+1),Шершакова А. О.,2026-09-22,2,4,знаменатель,false,семинар,618л
Аналитическая геометрия,4,,Э2-11/6,Шершакова А. О.,2026-09-22,2,4,знаменатель,false,семинар,617л
Теория вероятностей и комплексный анализ,4,,Э4-32Б,Шершакова А. О.,2026-09-22,2,4,знаменатель,false,семинар,617л
Аналитическая геометрия,4,,Э8-11/6,Шершакова А. О.,2026-09-23,3,4,знаменатель,false,семинар,922л
Аналитическая геометрия,2,,ФН7-11/6,Шершакова А. О.,2026-09-25,5,4,знаменатель,false,семинар,617л
Аналитическая геометрия,5,,ФН4-11/6,Шершакова А. О.,2026-09-25,5,4,знаменатель,false,семинар,922л
Теория вероятностей и математическая статистика,5,,ФН4-52Б,Шершакова А. О.,2026-09-25,5,4,знаменатель,false,семинар,924л
Теория вероятностей и комплексный анализ,1,,Э8-32Б,Шершакова А. О.,2026-09-29,2,5,числитель,false,семинар,829л
Теория вероятностей и математическая статистика,2,,СМ10-31Б(+1),Шершакова А. О.,2026-09-29,2,5,числитель,false,лекция,618л
Аналитическая геометрия,4,,Э2-11/6,Шершакова А. О.,2026-09-29,2,5,числитель,false,семинар,617л
Аналитическая геометрия,4,,Э8-11/6,Шершакова А. О.,2026-09-30,3,5,числитель,false,семинар,922л
Аналитическая геометрия,2,,ФН7-11/6,Шершакова А. О.,2026-10-02,5,5,числитель,false,семинар,617л
Аналитическая геометрия,4,,ФН4-11/6,Шершакова А. О.,2026-10-02,5,5,числитель,false,семинар,718л
Теория вероятностей и математическая статистика,5,,ФН4-52Б,Шершакова А. О.,2026-10-02,5,5,числитель,false,семинар,924л
Теория вероятностей и математическая статистика,2,,СМ10-31Б(+1),Шершакова А. О.,2026-10-06,2,6,знаменатель,false,семинар,618л
Аналитическая геометрия,4,,Э2-11/6,Шершакова А. О.,2026-10-06,2,6,знаменатель,false,семинар,617л
Теория вероятностей и комплексный анализ,4,,Э4-32Б,Шершакова А. О.,2026-10-06,2,6,знаменатель,false,семинар,617л
Аналитическая геометрия,4,,Э8-11/6,Шершакова А. О.,2026-10-07,3,6,знаменатель,false,семинар,922л
Аналитическая геометрия,2,,ФН7-11/6,Шершакова А. О.,2026-10-09,5,6,знаменатель,false,семинар,617л
Аналитическая геометрия,5,,ФН4-11/6,Шершакова А. О.,2026-10-09,5,6,знаменатель,false,семинар,922л
Теория вероятностей и математическая статистика,5,,ФН4-52Б,Шершакова А. О.,2026-10-09,5,6,знаменатель,false,семинар,924л
Теория вероятностей и комплексный анализ,1,,Э8-32Б,Шершакова А. О.,2026-10-13,2,7,числитель,false,семинар,829л
Теория вероятностей и математическая статистика,2,,СМ10-31Б(+1),Шершакова А. О.,2026-10-13,2,7,числитель,false,лекция,618л
Аналитическая геометрия,4,,Э2-11/6,Шершакова А. О.,2026-10-13,2,7,числитель,false,семинар,617л
Аналитическая геометрия,4,,Э8-11/6,Шершакова А. О.,2026-10-14,3,7,числитель,false,семинар,922л
Аналитическая геометрия,2,,ФН7-11/6,Шершакова А. О.,2026-10-16,5,7,числитель,false,семинар,617л
Аналитическая геометрия,4,,ФН4-11/6,Шершакова А. О.,2026-10-16,5,7,числитель,false,семинар,718л
Теория вероятностей и математическая статистика,5,,ФН4-52Б,Шершакова А. О.,2026-10-16,5,7,числитель,false,семинар,924л
Теория вероятностей и математическая статистика,2,,СМ10-31Б(+1),Шершакова А. О.,2026-10-20,2,8,знаменатель,false,семинар,618л
Аналитическая геометрия,4,,Э2-11/6,Шершакова А. О.,2026-10-20,2,8,знаменатель,false,семинар,617л
Теория вероятностей и комплексный анализ,4,,Э4-32Б,Шершакова А. О.,2026-10-20,2,8,знаменатель,false,семинар,617л
Аналитическая геометрия,4,,Э8-11/6,Шершакова А. О.,2026-10-21,3,8,знаменатель,false,семинар,922л
Аналитическая геометрия,2,,ФН7-11/6,Шершакова А. О.,2026-10-23,5,8,знаменатель,false,семинар,617л
Аналитическая геометрия,5,,ФН4-11/6,Шершакова А. О.,2026-10-23,5,8,знаменатель,false,семинар,922л
Теория вероятностей и математическая статистика,5,,ФН4-52Б,Шершакова А. О.,2026-10-23,5,8,знаменатель,false,семинар,924л
Теория вероятностей и комплексный анализ,1,,Э8-32Б,Шершакова А. О.,2026-10-27,2,9,числитель,false,семинар,829л
Теория вероятностей и математическая статистика,2,,СМ10-31Б(+1),Шершакова А. О.,2026-10-27,2,9,числитель,false,лекция,618л
Аналитическая геометрия,4,,Э2-11/6,Шершакова А. О.,2026-10-27,2,9,числитель,false,семинар,617л
Аналитическая геометрия,4,,Э8-11/6,Шершакова А. О.,2026-10-28,3,9,числитель,false,семинар,922л
Аналитическая геометрия,2,,ФН7-11/6,Шершакова А. О.,2026-10-30,5,9,числитель,false,семинар,617л
Аналитическая геометрия,4,,ФН4-11/6,Шершакова А. О.,2026-10-30,5,9,числитель,false,семинар,718л
Теория вероятностей и математическая статистика,5,,ФН4-52Б,Шершакова А. О.,2026-10-30,5,9,числитель,false,семинар,924л
Теория вероятностей и математическая статистика,2,,СМ10-31Б(+1),Шершакова А. О.,2026-11-03,2,10,знаменатель,false,семинар,618л
Аналитическая геометрия,4,,Э2-11/6,Шершакова А. О.,2026-11-03,2,10,знаменатель,false,семинар,617л
Теория вероятностей и комплексный анализ,4,,Э4-32Б,Шершакова А. О.,2026-11-03,2,10,знаменатель,false,семинар,617л
Аналитическая геометрия,4,,Э8-11/6,Шершакова А. О.,2026-11-04,3,10,знаменатель,false,семинар,922л
Аналитическая геометрия,2,,ФН7-11/6,Шершакова А. О.,2026-11-06,5,10,знаменатель,false,семинар,617л
Аналитическая геометрия,5,,ФН4-11/6,Шершакова А. О.,2026-11-06,5,10,знаменатель,false,семинар,922л
Теория вероятностей и математическая статистика,5,,ФН4-52Б,Шершакова А. О.,2026-11-06,5,10,знаменатель,false,семинар,924л
Теория вероятностей и комплексный анализ,1,,Э8-32Б,Шершакова А. О.,2026-11-10,2,11,числитель,false,семинар,829л
Теория вероятностей и математическая статистика,2,,СМ10-31Б(+1),Шершакова А. О.,2026-11-10,2,11,числитель,false,лекция,618л
Аналитическая геометрия,4,,Э2-11/6,Шершакова А. О.,2026-11-10,2,11,числитель,false,семинар,617л
Аналитическая геометрия,4,,Э8-11/6,Шершакова А. О.,2026-11-11,3,11,числитель,false,семинар,922л
Аналитическая геометрия,2,,ФН7-11/6,Шершакова А. О.,2026-11-13,5,11,числитель,false,семинар,617л
Аналитическая геометрия,4,,ФН4-11/6,Шершакова А. О.,2026-11-13,5,11,числитель,false,семинар,718л
Теория вероятностей и математическая статистика,5,,ФН4-52Б,Шершакова А. О.,2026-11-13,5,11,числитель,false,семинар,924л
Теория вероятностей и математическая статистика,2,,СМ10-31Б(+1),Шершакова А. О.,2026-11-17,2,12,знаменатель,false,семинар,618л
Аналитическая геометрия,4,,Э2-11/6,Шершакова А. О.,2026-11-17,2,12,знаменатель,false,семинар,617л
Теория вероятностей и комплексный анализ,4,,Э4-32Б,Шершакова А. О.,2026-11-17,2,12,знаменатель,false,семинар,617л
Аналитическая геометрия,4,,Э8-11/6,Шершакова А. О.,2026-11-18,3,12,знаменатель,false,семинар,922л
Аналитическая геометрия,2,,ФН7-11/6,Шершакова А. О.,2026-11-20,5,12,знаменатель,false,семинар,617л
Аналитическая геометрия,5,,ФН4-11/6,Шершакова А. О.,2026-11-20,5,12,знаменатель,false,семинар,922л
Теория вероятностей и математическая статистика,5,,ФН4-52Б,Шершакова А. О.,2026-11-20,5,12,знаменатель,false,семинар,924л
Теория вероятностей и комплексный анализ,1,,Э8-32Б,Шершакова А. О.,2026-11-24,2,13,числитель,false,семинар,829л
Теория вероятностей и математическая статистика,2,,СМ10-31Б(+1),Шершакова А. О.,2026-11-24,2,13,числитель,false,лекция,618л
Аналитическая геометрия,4,,Э2-11/6,Шершакова А. О.,2026-11-24,2,13,числитель,false,семинар,617л
Аналитическая геометрия,4,,Э8-11/6,Шершакова А. О.,2026-11-25,3,13,числитель,false,семинар,922л
Аналитическая геометрия,2,,ФН7-11/6,Шершакова А. О.,2026-11-27,5,13,числитель,false,семинар,617л
Аналитическая геометрия,4,,ФН4-11/6,Шершакова А. О.,2026-11-27,5,13,числитель,false,семинар,718л
Теория вероятностей и математическая статистика,5,,ФН4-52Б,Шершакова А. О.,2026-11-27,5,13,числитель,false,семинар,924л
Теория вероятностей и математическая статистика,2,,СМ10-31Б(+1),Шершакова А. О.,2026-12-01,2,14,знаменатель,false,семинар,618л
Аналитическая геометрия,4,,Э2-11/6,Шершакова А. О.,2026-12-01,2,14,знаменатель,false,семинар,617л
Теория вероятностей и комплексный анализ,4,,Э4-32Б,Шершакова А. О.,2026-12-01,2,14,знаменатель,false,семинар,617л
Аналитическая геометрия,4,,Э8-11/6,Шершакова А. О.,2026-12-02,3,14,знаменатель,false,семинар,922л
Аналитическая геометрия,2,,ФН7-11/6,Шершакова А. О.,2026-12-04,5,14,знаменатель,false,семинар,617л
Аналитическая геометрия,5,,ФН4-11/6,Шершакова А. О.,2026-12-04,5,14,знаменатель,false,семинар,922л
Теория вероятностей и математическая статистика,5,,ФН4-52Б,Шершакова А. О.,2026-12-04,5,14,знаменатель,false,семинар,924л
Теория вероятностей и комплексный анализ,1,,Э8-32Б,Шершакова А. О.,2026-12-08,2,15,числитель,false,семинар,829л
Теория вероятностей и математическая статистика,2,,СМ10-31Б(+1),Шершакова А. О.,2026-12-08,2,15,числитель,false,лекция,618л
Аналитическая геометрия,4,,Э2-11/6,Шершакова А. О.,2026-12-08,2,15,числитель,false,семинар,617л
Аналитическая геометрия,4,,Э8-11/6,Шершакова А. О.,2026-12-09,3,15,числитель,false,семинар,922л
Аналитическая геометрия,2,,ФН7-11/6,Шершакова А. О.,2026-12-11,5,15,числитель,false,семинар,617л
Аналитическая геометрия,4,,ФН4-11/6,Шершакова А. О.,2026-12-11,5,15,числитель,false,семинар,718л
Теория вероятностей и математическая статистика,5,,ФН4-52Б,Шершакова А. О.,2026-12-11,5,15,числитель,false,семинар,924л
Теория вероятностей и математическая статистика,2,,СМ10-31Б(+1),Шершакова А. О.,2026-12-15,2,16,знаменатель,false,семинар,618л
Аналитическая геометрия,4,,Э2-11/6,Шершакова А. О.,2026-12-15,2,16,знаменатель,false,семинар,617л
Теория вероятностей и комплексный анализ,4,,Э4-32Б,Шершакова А. О.,2026-12-15,2,16,знаменатель,false,семинар,617л
Аналитическая геометрия,4,,Э8-11/6,Шершакова А. О.,2026-12-16,3,16,знаменатель,false,семинар,922л
Аналитическая геометрия,2,,ФН7-11/6,Шершакова А. О.,2026-12-18,5,16,знаменатель,false,семинар,617л
Аналитическая геометрия,5,,ФН4-11/6,Шершакова А. О.,2026-12-18,5,16,знаменатель,false,семинар,922л
Теория вероятностей и математическая статистика,5,,ФН4-52Б,Шершакова А. О.,2026-12-18,5,16,знаменатель,false,семинар,924л
Теория вероятностей и комплексный анализ,1,,Э8-32Б,Шершакова А. О.,2026-12-22,2,17,числитель,false,семинар,829л
Теория вероятностей и математическая статистика,2,,СМ10-31Б(+1),Шершакова А. О.,2026-12-22,2,17,числитель,false,лекция,618л
Аналитическая геометрия,4,,Э2-11/6,Шершакова А. О.,2026-12-22,2,17,числитель,false,семинар,617л
Аналитическая геометрия,4,,Э8-11/6,Шершакова А. О.,2026-12-23,3,17,числитель,false,семинар,922л
Аналитическая геометрия,2,,ФН7-11/6,Шершакова А. О.,2026-12-25,5,17,числитель,false,семинар,617л
Аналитическая геометрия,4,,ФН4-11/6,Шершакова А. О.,2026-12-25,5,17,числитель,false,семинар,718л
Теория вероятностей и математическая статистика,5,,ФН4-52Б,Шершакова А. О.,2026-12-25,5,17,числитель,false,семинар,924л
Теория вероятностей и математическая статистика,2,,СМ10-31Б(+1),Шершакова А. О.,2026-12-29,2,18,знаменатель,false,семинар,618л
Аналитическая геометрия,4,,Э2-11/6,Шершакова А. О.,2026-12-29,2,18,знаменатель,false,семинар,617л
Теория вероятностей и комплексный анализ,4,,Э4-32Б,Шершакова А. О.,2026-12-29,2,18,знаменатель,false,семинар,617л
Аналитическая геометрия,4,,Э8-11/6,Шершакова А. О.,2026-12-30,3,18,знаменатель,false,семинар,922л
Многом модел констр из комп мат,5,,ФН11-31М,Яковлев Д. О.,2026-09-01,2,1,числитель,false,лекция,913л
Многом модел констр из комп мат,6,,ФН11-31М,Яковлев Д. О.,2026-09-01,2,1,числитель,false,семинар,257л
Основы программирования на С++,2,,АК3-31Б,Яковлев Д. О.,2026-09-03,4,1,числитель,false,лекция,ПП
Основы программирования на С++,3,,АК3-31Б,Яковлев Д. О.,2026-09-03,4,1,числитель,false,лекция,ПП
Основы программирования на С++,4,,АК3-31Б,Яковлев Д. О.,2026-09-03,4,1,числитель,false,семинар,ПП
Многом модел констр из комп мат,4,,ФН11-31М,Яковлев Д. О.,2026-09-08,2,2,знаменатель,false,семинар,257л
Многом модел констр из комп мат,5,,ФН11-31М,Яковлев Д. О.,2026-09-08,2,2,знаменатель,false,лекция,922л
Основы программирования на С++,2,,АК3-31Б,Яковлев Д. О.,2026-09-10,4,2,знаменатель,false,лекция,ПП
Основы программирования на С++,4,,АК3-31Б,Яковлев Д. О.,2026-09-10,4,2,знаменатель,false,семинар,ПП
Многом модел констр из комп мат,5,,ФН11-31М,Яковлев Д. О.,2026-09-15,2,3,числитель,false,лекция,913л
Многом модел констр из комп мат,6,,ФН11-31М,Яковлев Д. О.,2026-09-15,2,3,числитель,false,семинар,257л
Основы программирования на С++,2,,АК3-31Б,Яковлев Д. О.,2026-09-17,4,3,числитель,false,лекция,ПП
Основы программирования на С++,3,,АК3-31Б,Яковлев Д. О.,2026-09-17,4,3,числитель,false,лекция,ПП
Основы программирования на С++,4,,АК3-31Б,Яковлев Д. О.,2026-09-17,4,3,числитель,false,семинар,ПП
Многом модел констр из комп мат,4,,ФН11-31М,Яковлев Д. О.,2026-09-22,2,4,знаменатель,false,семинар,257л
Многом модел констр из комп мат,5,,ФН11-31М,Яковлев Д. О.,2026-09-22,2,4,знаменатель,false,лекция,922л
Основы программирования на С++,2,,АК3-31Б,Яковлев Д. О.,2026-09-24,4,4,знаменатель,false,лекция,ПП
Основы программирования на С++,4,,АК3-31Б,Яковлев Д. О.,2026-09-24,4,4,знаменатель,false,семинар,ПП
Многом модел констр из комп мат,5,,ФН11-31М,Яковлев Д. О.,2026-09-29,2,5,числитель,false,лекция,913л
Многом модел констр из комп мат,6,,ФН11-31М,Яковлев Д. О.,2026-09-29,2,5,числитель,false,семинар,257л
Основы программирования на С++,2,,АК3-31Б,Яковлев Д. О.,2026-10-01,4,5,числитель,false,лекция,ПП
Основы программирования на С++,3,,АК3-31Б,Яковлев Д. О.,2026-10-01,4,5,числитель,false,лекция,ПП
Основы программирования на С++,4,,АК3-31Б,Яковлев Д. О.,2026-10-01,4,5,числитель,false,семинар,ПП
Многом модел констр из комп мат,4,,ФН11-31М,Яковлев Д. О.,2026-10-06,2,6,знаменатель,false,семинар,257л
Многом модел констр из комп мат,5,,ФН11-31М,Яковлев Д. О.,2026-10-06,2,6,знаменатель,false,лекция,922л
Основы программирования на С++,2,,АК3-31Б,Яковлев Д. О.,2026-10-08,4,6,знаменатель,false,лекция,ПП
Основы программирования на С++,4,,АК3-31Б,Яковлев Д. О.,2026-10-08,4,6,знаменатель,false,семинар,ПП
Многом модел констр из комп мат,5,,ФН11-31М,Яковлев Д. О.,2026-10-13,2,7,числитель,false,лекция,913л
Многом модел констр из комп мат,6,,ФН11-31М,Яковлев Д. О.,2026-10-13,2,7,числитель,false,семинар,257л
Основы программирования на С++,2,,АК3-31Б,Яковлев Д. О.,2026-10-15,4,7,числитель,false,лекция,ПП
Основы программирования на С++,3,,АК3-31Б,Яковлев Д. О.,2026-10-15,4,7,числитель,false,лекция,ПП
Основы программирования на С++,4,,АК3-31Б,Яковлев Д. О.,2026-10-15,4,7,числитель,false,семинар,ПП
Многом модел констр из комп мат,4,,ФН11-31М,Яковлев Д. О.,2026-10-20,2,8,знаменатель,false,семинар,257л
Многом модел констр из комп мат,5,,ФН11-31М,Яковлев Д. О.,2026-10-20,2,8,знаменатель,false,лекция,922л
Основы программирования на С++,2,,АК3-31Б,Яковлев Д. О.,2026-10-22,4,8,знаменатель,false,лекция,ПП
Основы программирования на С++,4,,АК3-31Б,Яковлев Д. О.,2026-10-22,4,8,знаменатель,false,семинар,ПП
Многом модел констр из комп мат,5,,ФН11-31М,Яковлев Д. О.,2026-10-27,2,9,числитель,false,лекция,913л
Многом модел констр из комп мат,6,,ФН11-31М,Яковлев Д. О.,2026-10-27,2,9,числитель,false,семинар,257л
Основы программирования на С++,2,,АК3-31Б,Яковлев Д. О.,2026-10-29,4,9,числитель,false,лекция,ПП
Основы программирования на С++,3,,АК3-31Б,Яковлев Д. О.,2026-10-29,4,9,числитель,false,лекция,ПП
Основы программирования на С++,4,,АК3-31Б,Яковлев Д. О.,2026-10-29,4,9,числитель,false,семинар,ПП
Многом модел констр из комп мат,4,,ФН11-31М,Яковлев Д. О.,2026-11-03,2,10,знаменатель,false,семинар,257л
Многом модел констр из комп мат,5,,ФН11-31М,Яковлев Д. О.,2026-11-03,2,10,знаменатель,false,лекция,922л
Основы программирования на С++,2,,АК3-31Б,Яковлев Д. О.,2026-11-05,4,10,знаменатель,false,лекция,ПП
Основы программирования на С++,4,,АК3-31Б,Яковлев Д. О.,2026-11-05,4,10,знаменатель,false,семинар,ПП
Многом модел констр из комп мат,5,,ФН11-31М,Яковлев Д. О.,2026-11-10,2,11,числитель,false,лекция,913л
Многом модел констр из комп мат,6,,ФН11-31М,Яковлев Д. О.,2026-11-10,2,11,числитель,false,семинар,257л
Основы программирования на С++,2,,АК3-31Б,Яковлев Д. О.,2026-11-12,4,11,числитель,false,лекция,ПП
Основы программирования на С++,3,,АК3-31Б,Яковлев Д. О.,2026-11-12,4,11,числитель,false,лекция,ПП
Основы программирования на С++,4,,АК3-31Б,Яковлев Д. О.,2026-11-12,4,11,числитель,false,семинар,ПП
Многом модел констр из комп мат,4,,ФН11-31М,Яковлев Д. О.,2026-11-17,2,12,знаменатель,false,семинар,257л
Многом модел констр из комп мат,5,,ФН11-31М,Яковлев Д. О.,2026-11-17,2,12,знаменатель,false,лекция,922л
Основы программирования на С++,2,,АК3-31Б,Яковлев Д. О.,2026-11-19,4,12,знаменатель,false,лекция,ПП
Основы программирования на С++,4,,АК3-31Б,Яковлев Д. О.,2026-11-19,4,12,знаменатель,false,семинар,ПП
Многом модел констр из комп мат,5,,ФН11-31М,Яковлев Д. О.,2026-11-24,2,13,числитель,false,лекция,913л
Многом модел констр из комп мат,6,,ФН11-31М,Яковлев Д. О.,2026-11-24,2,13,числитель,false,семинар,257л
Основы программирования на С++,2,,АК3-31Б,Яковлев Д. О.,2026-11-26,4,13,числитель,false,лекция,ПП
Основы программирования на С++,3,,АК3-31Б,Яковлев Д. О.,2026-11-26,4,13,числитель,false,лекция,ПП
Основы программирования на С++,4,,АК3-31Б,Яковлев Д. О.,2026-11-26,4,13,числитель,false,семинар,ПП
Многом модел констр из комп мат,4,,ФН11-31М,Яковлев Д. О.,2026-12-01,2,14,знаменатель,false,семинар,257л
Многом модел констр из комп мат,5,,ФН11-31М,Яковлев Д. О.,2026-12-01,2,14,знаменатель,false,лекция,922л
Основы программирования на С++,2,,АК3-31Б,Яковлев Д. О.,2026-12-03,4,14,знаменатель,false,лекция,ПП
Основы программирования на С++,4,,АК3-31Б,Яковлев Д. О.,2026-12-03,4,14,знаменатель,false,семинар,ПП
Многом модел констр из комп мат,5,,ФН11-31М,Яковлев Д. О.,2026-12-08,2,15,числитель,false,лекция,913л
Многом модел констр из комп мат,6,,ФН11-31М,Яковлев Д. О.,2026-12-08,2,15,числитель,false,семинар,257л
Основы программирования на С++,2,,АК3-31Б,Яковлев Д. О.,2026-12-10,4,15,числитель,false,лекция,ПП
Основы программирования на С++,3,,АК3-31Б,Яковлев Д. О.,2026-12-10,4,15,числитель,false,лекция,ПП
Основы программирования на С++,4,,АК3-31Б,Яковлев Д. О.,2026-12-10,4,15,числитель,false,семинар,ПП
Многом модел констр из комп мат,4,,ФН11-31М,Яковлев Д. О.,2026-12-15,2,16,знаменатель,false,семинар,257л
Многом модел констр из комп мат,5,,ФН11-31М,Яковлев Д. О.,2026-12-15,2,16,знаменатель,false,лекция,922л
Основы программирования на С++,2,,АК3-31Б,Яковлев Д. О.,2026-12-17,4,16,знаменатель,false,лекция,ПП
Основы программирования на С++,4,,АК3-31Б,Яковлев Д. О.,2026-12-17,4,16,знаменатель,false,семинар,ПП
Многом модел констр из комп мат,5,,ФН11-31М,Яковлев Д. О.,2026-12-22,2,17,числитель,false,лекция,913л
Многом модел констр из комп мат,6,,ФН11-31М,Яковлев Д. О.,2026-12-22,2,17,числитель,false,семинар,257л
Основы программирования на С++,2,,АК3-31Б,Яковлев Д. О.,2026-12-24,4,17,числитель,false,лекция,ПП
Основы программирования на С++,3,,АК3-31Б,Яковлев Д. О.,2026-12-24,4,17,числитель,false,лекция,ПП
Основы программирования на С++,4,,АК3-31Б,Яковлев Д. О.,2026-12-24,4,17,числитель,false,семинар,ПП
Многом модел констр из комп мат,4,,ФН11-31М,Яковлев Д. О.,2026-12-29,2,18,знаменатель,false,семинар,257л
Многом модел констр из комп мат,5,,ФН11-31М,Яковлев Д. О.,2026-12-29,2,18,знаменатель,false,лекция,922л
Основы программирования на С++,2,,АК3-31Б,Яковлев Д. О.,2026-12-31,4,18,знаменатель,false,лекция,ПП
Основы программирования на С++,4,,АК3-31Б,Яковлев Д. О.,2026-12-31,4,18,знаменатель,false,семинар,ПП
Основы программирования на С++,3,,ФН11-34Б(+1),Яхновский А. Д.,2026-08-31,1,1,числитель,false,семинар,113л
Основы программирования на С++,1,,ФН11-34Б(+1),Яхновский А. Д.,2026-09-07,1,2,знаменатель,false,семинар,113л
Основы программирования на С++,3,,ФН11-34Б(+1),Яхновский А. Д.,2026-09-14,1,3,числитель,false,семинар,113л
Основы программирования на С++,1,,ФН11-34Б(+1),Яхновский А. Д.,2026-09-21,1,4,знаменатель,false,семинар,113л
Основы программирования на С++,3,,ФН11-34Б(+1),Яхновский А. Д.,2026-09-28,1,5,числитель,false,семинар,113л
Основы программирования на С++,1,,ФН11-34Б(+1),Яхновский А. Д.,2026-10-05,1,6,знаменатель,false,семинар,113л
Основы программирования на С++,3,,ФН11-34Б(+1),Яхновский А. Д.,2026-10-12,1,7,числитель,false,семинар,113л
Основы программирования на С++,1,,ФН11-34Б(+1),Яхновский А. Д.,2026-10-19,1,8,знаменатель,false,семинар,113л
Основы программирования на С++,3,,ФН11-34Б(+1),Яхновский А. Д.,2026-10-26,1,9,числитель,false,семинар,113л
Основы программирования на С++,1,,ФН11-34Б(+1),Яхновский А. Д.,2026-11-02,1,10,знаменатель,false,семинар,113л
Основы программирования на С++,3,,ФН11-34Б(+1),Яхновский А. Д.,2026-11-09,1,11,числитель,false,семинар,113л
Основы программирования на С++,1,,ФН11-34Б(+1),Яхновский А. Д.,2026-11-16,1,12,знаменатель,false,семинар,113л
Основы программирования на С++,3,,ФН11-34Б(+1),Яхновский А. Д.,2026-11-23,1,13,числитель,false,семинар,113л
Основы программирования на С++,1,,ФН11-34Б(+1),Яхновский А. Д.,2026-11-30,1,14,знаменатель,false,семинар,113л
Основы программирования на С++,3,,ФН11-34Б(+1),Яхновский А. Д.,2026-12-07,1,15,числитель,false,семинар,113л
Основы программирования на С++,1,,ФН11-34Б(+1),Яхновский А. Д.,2026-12-14,1,16,знаменатель,false,семинар,113л
Основы программирования на С++,3,,ФН11-34Б(+1),Яхновский А. Д.,2026-12-21,1,17,числитель,false,семинар,113л
Основы программирования на С++,1,,ФН11-34Б(+1),Яхновский А. Д.,2026-12-28,1,18,знаменатель,false,семинар,113л
